video_id,routine,start_idx,end_idx,sequence
P01_01,cutting,82,84,"['cut(onion)', 'cut(onion)', 'cut(onion)']"
P01_01,stirring,92,94,"['take(spatula)', 'stir(vegetable)', 'stir(vegetable)']"
P01_01,container_usage,120,122,"['open(fridge)', 'put-into(container)', 'close(fridge)']"
P01_01,object_transfer,150,152,"['pour(oil)', 'close(oil)', 'put-down(oil)']"
P01_01,stirring,183,185,"['take(spatula)', 'stir(vegetable)', 'stir(vegetable)']"
P01_01,stirring,261,263,"['take(spatula)', 'stir(vegetable)', 'stir(vegetable)']"
P01_02,washing,14,16,"['take(knife)', 'wash(knife)', 'put-down(knife)']"
P01_02,washing,31,33,"['wash(saucepan)', 'wash(saucepan)', 'wash(saucepan)']"
P01_02,washing,38,40,"['wash(pan)', 'wash(pan)', 'wash(pan)']"
P01_02,washing,54,56,"['put-down(sponge)', 'turn-on(tap)', 'rinse(hand)']"
P01_02,container_usage,137,139,"['open(fridge)', 'put-into(container)', 'close(fridge)']"
P01_03,container_usage,28,30,"['open(drawer)', 'take(spoon)', 'close(drawer)']"
P01_04,washing,21,23,"['rinse(hand)', 'turn-off(tap)', 'dry(hand)']"
P01_05,container_usage,69,71,"['open(drawer)', 'take(knife)', 'close(drawer)']"
P01_05,other,74,76,"['peel(potato)', 'peel(potato)', 'peel(potato)']"
P01_05,other,75,77,"['peel(potato)', 'peel(potato)', 'peel(potato)']"
P01_05,other,76,78,"['peel(potato)', 'peel(potato)', 'peel(potato)']"
P01_05,container_usage,110,112,"['open(drawer)', 'take(spoon)', 'close(drawer)']"
P01_05,container_usage,151,153,"['open(drawer)', 'take(fork)', 'close(drawer)']"
P01_05,other,157,159,"['turn-on(tap)', 'pour-into(water)', 'turn-off(tap)']"
P01_05,container_usage,192,194,"['open(drawer)', 'open(drawer)', 'close(drawer)']"
P01_05,container_usage,199,201,"['open(drawer)', 'close(drawer)', 'open(drawer)']"
P01_05,other,203,205,"['flip(sausage)', 'flip(sausage)', 'flip(sausage)']"
P01_05,other,204,206,"['flip(sausage)', 'flip(sausage)', 'flip(sausage)']"
P01_05,other,205,207,"['flip(sausage)', 'flip(sausage)', 'flip(sausage)']"
P01_05,other,206,208,"['flip(sausage)', 'flip(sausage)', 'flip(sausage)']"
P01_05,other,207,209,"['flip(sausage)', 'flip(sausage)', 'flip(sausage)']"
P01_05,other,208,210,"['flip(sausage)', 'flip(sausage)', 'flip(sausage)']"
P01_05,other,209,211,"['flip(sausage)', 'flip(sausage)', 'flip(sausage)']"
P01_05,other,210,212,"['flip(sausage)', 'flip(sausage)', 'flip(sausage)']"
P01_05,other,211,213,"['flip(sausage)', 'flip(sausage)', 'flip(sausage)']"
P01_05,object_transfer,249,251,"['pour(oil)', 'close(oil)', 'put-down(oil)']"
P01_06,washing,23,25,"['take(spoon)', 'wash(spoon)', 'put-down(spoon)']"
P01_06,washing,26,28,"['take(knife)', 'wash(knife)', 'put-down(knife)']"
P01_06,washing,35,37,"['take(knife)', 'wash(knife)', 'put-down(knife)']"
P01_09,container_usage,68,70,"['open(salt)', 'pour(salt)', 'close(salt)']"
P01_09,object_transfer,74,76,"['pour(oil)', 'close(oil)', 'put-down(oil)']"
P01_09,other,105,107,"['knead(dough)', 'knead(dough)', 'knead(dough)']"
P01_09,other,113,115,"['knead(dough)', 'knead(dough)', 'knead(dough)']"
P01_09,other,114,116,"['knead(dough)', 'knead(dough)', 'knead(dough)']"
P01_09,other,115,117,"['knead(dough)', 'knead(dough)', 'knead(dough)']"
P01_09,other,119,121,"['knead(dough)', 'knead(dough)', 'knead(dough)']"
P01_09,other,120,122,"['knead(dough)', 'knead(dough)', 'knead(dough)']"
P01_09,other,121,123,"['knead(dough)', 'knead(dough)', 'knead(dough)']"
P01_09,washing,125,127,"['turn-on(tap)', 'wash(hand)', 'turn-off(tap)']"
P01_09,container_usage,193,195,"['open(cupboard)', 'take(plate)', 'close(cupboard)']"
P01_09,container_usage,199,201,"['open(drawer)', 'take(knife)', 'close(drawer)']"
P01_09,other,202,204,"['peel(potato)', 'peel(potato)', 'peel(potato)']"
P01_09,other,203,205,"['peel(potato)', 'peel(potato)', 'peel(potato)']"
P01_09,other,222,224,"['peel(onion)', 'peel(onion)', 'peel(onion)']"
P01_09,other,223,225,"['peel(onion)', 'peel(onion)', 'peel(onion)']"
P01_09,container_usage,248,250,"['open(fridge)', 'put-into(container)', 'close(fridge)']"
P01_09,washing,259,261,"['turn-on(tap)', 'wash(hand)', 'turn-off(tap)']"
P01_09,washing,260,262,"['wash(hand)', 'turn-off(tap)', 'dry(hand)']"
P01_09,cutting,264,266,"['cut(onion)', 'cut(onion)', 'cut(onion)']"
P01_09,container_usage,307,309,"['open(cupboard)', 'take(plate)', 'close(cupboard)']"
P01_09,object_transfer,308,310,"['take(plate)', 'close(cupboard)', 'put-down(plate)']"
P01_09,container_usage,346,348,"['open(fridge)', 'put-into(container)', 'close(fridge)']"
P01_09,other,358,360,"['turn-on(tap)', 'pour-into(water)', 'turn-off(tap)']"
P01_09,container_usage,377,379,"['open(salt)', 'pour(salt)', 'close(salt)']"
P01_09,other,404,406,"['flip(aubergine)', 'flip(aubergine)', 'flip(aubergine)']"
P01_09,other,405,407,"['flip(aubergine)', 'flip(aubergine)', 'flip(aubergine)']"
P01_09,other,406,408,"['flip(aubergine)', 'flip(aubergine)', 'flip(aubergine)']"
P01_09,other,407,409,"['flip(aubergine)', 'flip(aubergine)', 'flip(aubergine)']"
P01_09,other,428,430,"['flip(aubergine)', 'flip(aubergine)', 'flip(aubergine)']"
P01_09,other,429,431,"['flip(aubergine)', 'flip(aubergine)', 'flip(aubergine)']"
P01_09,other,430,432,"['flip(aubergine)', 'flip(aubergine)', 'flip(aubergine)']"
P01_09,other,431,433,"['flip(aubergine)', 'flip(aubergine)', 'flip(aubergine)']"
P01_09,other,432,434,"['flip(aubergine)', 'flip(aubergine)', 'flip(aubergine)']"
P01_09,other,433,435,"['flip(aubergine)', 'flip(aubergine)', 'flip(aubergine)']"
P01_09,other,452,454,"['flip(aubergine)', 'flip(aubergine)', 'flip(aubergine)']"
P01_09,other,453,455,"['flip(aubergine)', 'flip(aubergine)', 'flip(aubergine)']"
P01_09,other,454,456,"['flip(aubergine)', 'flip(aubergine)', 'flip(aubergine)']"
P01_09,other,455,457,"['flip(aubergine)', 'flip(aubergine)', 'flip(aubergine)']"
P01_09,other,456,458,"['flip(aubergine)', 'flip(aubergine)', 'flip(aubergine)']"
P01_09,container_usage,460,462,"['open(cupboard)', 'take(plate)', 'close(cupboard)']"
P01_09,object_transfer,461,463,"['take(plate)', 'close(cupboard)', 'put-down(plate)']"
P01_09,container_usage,511,513,"['open(drawer)', 'close(drawer)', 'open(drawer)']"
P01_09,object_transfer,566,568,"['pour(oil)', 'close(oil)', 'put-down(oil)']"
P01_09,other,590,592,"['roll(dough)', 'roll(dough)', 'roll(dough)']"
P01_09,container_usage,605,607,"['open(drawer)', 'take(spoon)', 'close(drawer)']"
P01_09,other,721,723,"['turn-on(tap)', 'pour-into(water)', 'turn-off(tap)']"
P01_102,washing,10,12,"['take(knife)', 'wash(knife)', 'put-down(knife)']"
P01_102,washing,49,51,"['rinse(plate)', 'turn-off(tap)', 'put-down(plate)']"
P01_102,other,102,104,"['wipe(surface)', 'wipe(surface)', 'wipe(surface)']"
P01_102,other,103,105,"['wipe(surface)', 'wipe(surface)', 'wipe(surface)']"
P01_102,container_usage,124,126,"['open(fridge)', 'put-into(container)', 'close(fridge)']"
P01_103,washing,45,47,"['turn-on(tap)', 'rinse(pot)', 'turn-off(tap)']"
P01_104,washing,10,12,"['turn-on(tap)', 'rinse(sponge)', 'turn-off(tap)']"
P01_104,washing,87,89,"['wash(hand)', 'rinse(hand)', 'turn-off(tap)']"
P01_105,object_transfer,90,92,"['dice(courgette)', 'pick-up(dice:courgette)', 'put-into(dice:courgette)']"
P01_105,object_transfer,91,93,"['pick-up(dice:courgette)', 'put-into(dice:courgette)', 'move(slice:courgette)']"
P01_105,object_transfer,92,94,"['put-into(dice:courgette)', 'move(slice:courgette)', 'dice(courgette)']"
P01_105,other,93,95,"['move(slice:courgette)', 'dice(courgette)', 'pick-up(dice:courgette)']"
P01_105,object_transfer,94,96,"['dice(courgette)', 'pick-up(dice:courgette)', 'put-into(dice:courgette)']"
P01_105,object_transfer,95,97,"['pick-up(dice:courgette)', 'put-into(dice:courgette)', 'move(slice:courgette)']"
P01_105,object_transfer,96,98,"['put-into(dice:courgette)', 'move(slice:courgette)', 'dice(courgette)']"
P01_105,other,97,99,"['move(slice:courgette)', 'dice(courgette)', 'pick-up(dice:courgette)']"
P01_105,object_transfer,98,100,"['dice(courgette)', 'pick-up(dice:courgette)', 'put-into(dice:courgette)']"
P01_105,object_transfer,99,101,"['pick-up(dice:courgette)', 'put-into(dice:courgette)', 'move(slice:courgette)']"
P01_105,object_transfer,100,102,"['put-into(dice:courgette)', 'move(slice:courgette)', 'dice(courgette)']"
P01_105,other,101,103,"['move(slice:courgette)', 'dice(courgette)', 'pick-up(dice:courgette)']"
P01_105,object_transfer,102,104,"['dice(courgette)', 'pick-up(dice:courgette)', 'put-into(dice:courgette)']"
P01_105,object_transfer,103,105,"['pick-up(dice:courgette)', 'put-into(dice:courgette)', 'move(slice:courgette)']"
P01_105,object_transfer,104,106,"['put-into(dice:courgette)', 'move(slice:courgette)', 'dice(courgette)']"
P01_105,other,109,111,"['move(slice:courgette)', 'dice(courgette)', 'pick-up(dice:courgette)']"
P01_105,object_transfer,110,112,"['dice(courgette)', 'pick-up(dice:courgette)', 'put-into(dice:courgette)']"
P01_105,object_transfer,111,113,"['pick-up(dice:courgette)', 'put-into(dice:courgette)', 'move(slice:courgette)']"
P01_105,object_transfer,112,114,"['put-into(dice:courgette)', 'move(slice:courgette)', 'dice(courgette)']"
P01_105,other,113,115,"['move(slice:courgette)', 'dice(courgette)', 'pick-up(dice:courgette)']"
P01_105,object_transfer,114,116,"['dice(courgette)', 'pick-up(dice:courgette)', 'put-into(dice:courgette)']"
P01_105,container_usage,168,170,"['open(drawer)', 'pick-up(spatula)', 'close(drawer)']"
P01_105,container_usage,172,174,"['open(drawer)', 'pick-up(spatula)', 'close(drawer)']"
P01_105,stirring,175,177,"['stir(food)', 'tap(spatula)', 'put-down(spatula)']"
P01_105,other,189,191,"['pick-up(lid)', 'close(container)', 'pick-up(container)']"
P01_105,container_usage,192,194,"['open(fridge)', 'put-into(container)', 'close(fridge)']"
P01_105,stirring,202,204,"['pick-up(spatula)', 'stir(food)', 'tap(spatula)']"
P01_105,stirring,224,226,"['pick-up(spatula)', 'stir(food)', 'tap(spatula)']"
P01_105,stirring,225,227,"['stir(food)', 'tap(spatula)', 'put-down(spatula)']"
P01_105,stirring,243,245,"['pick-up(spatula)', 'stir(food)', 'tap(spatula)']"
P01_105,stirring,244,246,"['stir(food)', 'tap(spatula)', 'put-down(spatula)']"
P01_105,washing,259,261,"['turn-on(tap)', 'rinse(hand)', 'turn-off(tap)']"
P01_105,washing,260,262,"['rinse(hand)', 'turn-off(tap)', 'shake(hand)']"
P01_105,other,261,263,"['turn-off(tap)', 'shake(hand)', 'pick-up(cloth)']"
P01_105,other,262,264,"['shake(hand)', 'pick-up(cloth)', 'dry(hand)']"
P01_105,object_transfer,263,265,"['pick-up(cloth)', 'dry(hand)', 'put-down(cloth)']"
P01_105,washing,288,290,"['wash(leaf:pak:choi)', 'put-into(leaf:pak:choi)', 'pick-up(leaf:pak:choi)']"
P01_105,washing,289,291,"['put-into(leaf:pak:choi)', 'pick-up(leaf:pak:choi)', 'wash(leaf:pak:choi)']"
P01_105,washing,290,292,"['pick-up(leaf:pak:choi)', 'wash(leaf:pak:choi)', 'put-into(leaf:pak:choi)']"
P01_105,washing,291,293,"['wash(leaf:pak:choi)', 'put-into(leaf:pak:choi)', 'pick-up(leaf:pak:choi)']"
P01_105,washing,292,294,"['put-into(leaf:pak:choi)', 'pick-up(leaf:pak:choi)', 'wash(leaf:pak:choi)']"
P01_105,stirring,297,299,"['pick-up(spatula)', 'stir(food)', 'tap(spatula)']"
P01_105,stirring,298,300,"['stir(food)', 'tap(spatula)', 'put-down(spatula)']"
P01_105,washing,302,304,"['pick-up(leaf:pak:choi)', 'wash(leaf:pak:choi)', 'put-into(leaf:pak:choi)']"
P01_105,washing,303,305,"['wash(leaf:pak:choi)', 'put-into(leaf:pak:choi)', 'pick-up(leaf:pak:choi)']"
P01_105,washing,304,306,"['put-into(leaf:pak:choi)', 'pick-up(leaf:pak:choi)', 'wash(leaf:pak:choi)']"
P01_105,washing,305,307,"['pick-up(leaf:pak:choi)', 'wash(leaf:pak:choi)', 'put-into(leaf:pak:choi)']"
P01_105,washing,306,308,"['wash(leaf:pak:choi)', 'put-into(leaf:pak:choi)', 'pick-up(leaf:pak:choi)']"
P01_105,washing,307,309,"['put-into(leaf:pak:choi)', 'pick-up(leaf:pak:choi)', 'wash(leaf:pak:choi)']"
P01_105,washing,308,310,"['pick-up(leaf:pak:choi)', 'wash(leaf:pak:choi)', 'put-into(leaf:pak:choi)']"
P01_105,washing,309,311,"['wash(leaf:pak:choi)', 'put-into(leaf:pak:choi)', 'pick-up(leaf:pak:choi)']"
P01_105,washing,310,312,"['put-into(leaf:pak:choi)', 'pick-up(leaf:pak:choi)', 'wash(leaf:pak:choi)']"
P01_105,washing,311,313,"['pick-up(leaf:pak:choi)', 'wash(leaf:pak:choi)', 'put-into(leaf:pak:choi)']"
P01_105,washing,312,314,"['wash(leaf:pak:choi)', 'put-into(leaf:pak:choi)', 'pick-up(leaf:pak:choi)']"
P01_105,washing,313,315,"['put-into(leaf:pak:choi)', 'pick-up(leaf:pak:choi)', 'wash(leaf:pak:choi)']"
P01_105,cutting,341,343,"['pick-up(leaf:pak:choi)', 'put-down(leaf:pak:choi)', 'cut(choi:pak)']"
P01_105,cutting,345,347,"['pick-up(leaf:pak:choi)', 'put-down(leaf:pak:choi)', 'cut(choi:pak)']"
P01_105,cutting,352,354,"['pick-up(leaf:pak:choi)', 'put-down(leaf:pak:choi)', 'cut(choi:pak)']"
P01_105,cutting,356,358,"['pick-up(leaf:pak:choi)', 'put-down(leaf:pak:choi)', 'cut(choi:pak)']"
P01_105,cutting,360,362,"['pick-up(leaf:pak:choi)', 'put-down(leaf:pak:choi)', 'cut(choi:pak)']"
P01_105,cutting,367,369,"['pick-up(leaf:pak:choi)', 'put-down(leaf:pak:choi)', 'cut(choi:pak)']"
P01_105,washing,379,381,"['turn-on(tap)', 'rinse(hand)', 'turn-off(tap)']"
P01_105,object_transfer,386,388,"['pick-up(cloth)', 'dry(hand)', 'put-down(cloth)']"
P01_105,object_transfer,387,389,"['dry(hand)', 'put-down(cloth)', 'pick-up(spatula)']"
P01_105,stirring,388,390,"['put-down(cloth)', 'pick-up(spatula)', 'stir(food)']"
P01_105,stirring,389,391,"['pick-up(spatula)', 'stir(food)', 'tap(spatula)']"
P01_105,stirring,390,392,"['stir(food)', 'tap(spatula)', 'put-down(spatula)']"
P01_105,washing,399,401,"['turn-on(tap)', 'rinse(knife)', 'turn-off(tap)']"
P01_105,washing,418,420,"['turn-on(tap)', 'rinse(hand)', 'turn-off(tap)']"
P01_105,washing,419,421,"['rinse(hand)', 'turn-off(tap)', 'shake(hand)']"
P01_105,other,420,422,"['turn-off(tap)', 'shake(hand)', 'pick-up(cloth)']"
P01_105,other,421,423,"['shake(hand)', 'pick-up(cloth)', 'dry(hand)']"
P01_105,object_transfer,422,424,"['pick-up(cloth)', 'dry(hand)', 'put-down(cloth)']"
P01_105,object_transfer,423,425,"['dry(hand)', 'put-down(cloth)', 'pick-up(spatula)']"
P01_105,stirring,424,426,"['put-down(cloth)', 'pick-up(spatula)', 'stir(food)']"
P01_105,stirring,425,427,"['pick-up(spatula)', 'stir(food)', 'tap(spatula)']"
P01_105,stirring,426,428,"['stir(food)', 'tap(spatula)', 'put-down(spatula)']"
P01_105,washing,440,442,"['wash(mushroom)', 'put-down(mushroom)', 'pick-up(mushroom)']"
P01_105,washing,441,443,"['put-down(mushroom)', 'pick-up(mushroom)', 'wash(mushroom)']"
P01_105,washing,442,444,"['pick-up(mushroom)', 'wash(mushroom)', 'put-down(mushroom)']"
P01_105,washing,443,445,"['wash(mushroom)', 'put-down(mushroom)', 'pick-up(mushroom)']"
P01_105,washing,444,446,"['put-down(mushroom)', 'pick-up(mushroom)', 'wash(mushroom)']"
P01_105,washing,445,447,"['pick-up(mushroom)', 'wash(mushroom)', 'put-down(mushroom)']"
P01_105,washing,446,448,"['wash(mushroom)', 'put-down(mushroom)', 'pick-up(mushroom)']"
P01_105,washing,447,449,"['put-down(mushroom)', 'pick-up(mushroom)', 'wash(mushroom)']"
P01_105,washing,448,450,"['pick-up(mushroom)', 'wash(mushroom)', 'put-down(mushroom)']"
P01_105,washing,449,451,"['wash(mushroom)', 'put-down(mushroom)', 'pick-up(mushroom)']"
P01_105,washing,450,452,"['put-down(mushroom)', 'pick-up(mushroom)', 'wash(mushroom)']"
P01_105,washing,451,453,"['pick-up(mushroom)', 'wash(mushroom)', 'put-down(mushroom)']"
P01_105,washing,452,454,"['wash(mushroom)', 'put-down(mushroom)', 'pick-up(mushroom)']"
P01_105,washing,453,455,"['put-down(mushroom)', 'pick-up(mushroom)', 'wash(mushroom)']"
P01_105,washing,454,456,"['pick-up(mushroom)', 'wash(mushroom)', 'put-down(mushroom)']"
P01_105,washing,455,457,"['wash(mushroom)', 'put-down(mushroom)', 'pick-up(mushroom)']"
P01_105,washing,456,458,"['put-down(mushroom)', 'pick-up(mushroom)', 'wash(mushroom)']"
P01_105,washing,457,459,"['pick-up(mushroom)', 'wash(mushroom)', 'put-down(mushroom)']"
P01_105,washing,458,460,"['wash(mushroom)', 'put-down(mushroom)', 'pick-up(mushroom)']"
P01_105,washing,459,461,"['put-down(mushroom)', 'pick-up(mushroom)', 'wash(mushroom)']"
P01_105,washing,460,462,"['pick-up(mushroom)', 'wash(mushroom)', 'put-down(mushroom)']"
P01_105,washing,461,463,"['wash(mushroom)', 'put-down(mushroom)', 'pick-up(mushroom)']"
P01_105,washing,462,464,"['put-down(mushroom)', 'pick-up(mushroom)', 'wash(mushroom)']"
P01_105,washing,463,465,"['pick-up(mushroom)', 'wash(mushroom)', 'put-down(mushroom)']"
P01_105,washing,464,466,"['wash(mushroom)', 'put-down(mushroom)', 'pick-up(mushroom)']"
P01_105,washing,465,467,"['put-down(mushroom)', 'pick-up(mushroom)', 'wash(mushroom)']"
P01_105,washing,466,468,"['pick-up(mushroom)', 'wash(mushroom)', 'put-down(mushroom)']"
P01_105,washing,467,469,"['wash(mushroom)', 'put-down(mushroom)', 'pick-up(mushroom)']"
P01_105,washing,468,470,"['put-down(mushroom)', 'pick-up(mushroom)', 'wash(mushroom)']"
P01_105,washing,469,471,"['pick-up(mushroom)', 'wash(mushroom)', 'put-down(mushroom)']"
P01_105,washing,470,472,"['wash(mushroom)', 'put-down(mushroom)', 'pick-up(mushroom)']"
P01_105,washing,471,473,"['put-down(mushroom)', 'pick-up(mushroom)', 'wash(mushroom)']"
P01_105,washing,472,474,"['pick-up(mushroom)', 'wash(mushroom)', 'put-down(mushroom)']"
P01_105,stirring,477,479,"['pick-up(spatula)', 'stir(food)', 'tap(spatula)']"
P01_105,stirring,478,480,"['stir(food)', 'tap(spatula)', 'put-down(spatula)']"
P01_105,object_transfer,488,490,"['slice(mushroom)', 'pick-up(mushroom)', 'put-down(mushroom)']"
P01_105,object_transfer,489,491,"['pick-up(mushroom)', 'put-down(mushroom)', 'slice(mushroom)']"
P01_105,object_transfer,490,492,"['put-down(mushroom)', 'slice(mushroom)', 'pick-up(mushroom)']"
P01_105,object_transfer,491,493,"['slice(mushroom)', 'pick-up(mushroom)', 'put-down(mushroom)']"
P01_105,object_transfer,492,494,"['pick-up(mushroom)', 'put-down(mushroom)', 'slice(mushroom)']"
P01_105,object_transfer,493,495,"['put-down(mushroom)', 'slice(mushroom)', 'pick-up(mushroom)']"
P01_105,object_transfer,494,496,"['slice(mushroom)', 'pick-up(mushroom)', 'put-down(mushroom)']"
P01_105,object_transfer,495,497,"['pick-up(mushroom)', 'put-down(mushroom)', 'slice(mushroom)']"
P01_105,object_transfer,502,504,"['put-down(mushroom)', 'slice(mushroom)', 'pick-up(mushroom)']"
P01_105,object_transfer,503,505,"['slice(mushroom)', 'pick-up(mushroom)', 'put-down(mushroom)']"
P01_105,object_transfer,504,506,"['pick-up(mushroom)', 'put-down(mushroom)', 'slice(mushroom)']"
P01_105,object_transfer,505,507,"['put-down(mushroom)', 'slice(mushroom)', 'pick-up(mushroom)']"
P01_105,object_transfer,506,508,"['slice(mushroom)', 'pick-up(mushroom)', 'put-down(mushroom)']"
P01_105,object_transfer,507,509,"['pick-up(mushroom)', 'put-down(mushroom)', 'slice(mushroom)']"
P01_105,object_transfer,508,510,"['put-down(mushroom)', 'slice(mushroom)', 'pick-up(mushroom)']"
P01_105,object_transfer,509,511,"['slice(mushroom)', 'pick-up(mushroom)', 'put-down(mushroom)']"
P01_105,object_transfer,510,512,"['pick-up(mushroom)', 'put-down(mushroom)', 'slice(mushroom)']"
P01_105,object_transfer,511,513,"['put-down(mushroom)', 'slice(mushroom)', 'pick-up(mushroom)']"
P01_105,object_transfer,515,517,"['put-down(mushroom)', 'slice(mushroom)', 'pick-up(mushroom)']"
P01_105,object_transfer,516,518,"['slice(mushroom)', 'pick-up(mushroom)', 'put-down(mushroom)']"
P01_105,object_transfer,517,519,"['pick-up(mushroom)', 'put-down(mushroom)', 'slice(mushroom)']"
P01_105,object_transfer,518,520,"['put-down(mushroom)', 'slice(mushroom)', 'pick-up(mushroom)']"
P01_105,object_transfer,519,521,"['slice(mushroom)', 'pick-up(mushroom)', 'put-down(mushroom)']"
P01_105,object_transfer,520,522,"['pick-up(mushroom)', 'put-down(mushroom)', 'slice(mushroom)']"
P01_105,stirring,526,528,"['pick-up(spatula)', 'stir(food)', 'tap(spatula)']"
P01_105,stirring,527,529,"['stir(food)', 'tap(spatula)', 'put-down(spatula)']"
P01_105,object_transfer,533,535,"['dry(hand)', 'put-down(cloth)', 'open(cupboard)']"
P01_105,stirring,564,566,"['pick-up(spatula)', 'stir(food)', 'tap(spatula)']"
P01_105,stirring,565,567,"['stir(food)', 'tap(spatula)', 'put-down(spatula)']"
P01_105,other,568,570,"['pick-up(kettle)', 'open(kettle)', 'turn-on(tap)']"
P01_105,other,570,572,"['turn-on(tap)', 'pour-into(water)', 'turn-off(tap)']"
P01_105,object_transfer,572,574,"['turn-off(tap)', 'close(kettle)', 'put-down(kettle)']"
P01_105,object_transfer,573,575,"['close(kettle)', 'put-down(kettle)', 'turn-on(kettle)']"
P01_105,other,591,593,"['shake(hand)', 'pick-up(cloth)', 'dry(hand)']"
P01_105,object_transfer,592,594,"['pick-up(cloth)', 'dry(hand)', 'put-down(cloth)']"
P01_105,object_transfer,593,595,"['dry(hand)', 'put-down(cloth)', 'pick-up(spatula)']"
P01_105,stirring,594,596,"['put-down(cloth)', 'pick-up(spatula)', 'stir(food)']"
P01_105,stirring,595,597,"['pick-up(spatula)', 'stir(food)', 'tap(spatula)']"
P01_105,stirring,626,628,"['pick-up(spatula)', 'stir(food)', 'tap(spatula)']"
P01_105,stirring,627,629,"['stir(food)', 'tap(spatula)', 'put-down(spatula)']"
P01_105,stirring,646,648,"['pick-up(spatula)', 'stir(food)', 'tap(spatula)']"
P01_105,stirring,647,649,"['stir(food)', 'tap(spatula)', 'put-down(spatula)']"
P01_105,stirring,664,666,"['pick-up(spatula)', 'stir(food)', 'tap(spatula)']"
P01_105,stirring,665,667,"['stir(food)', 'tap(spatula)', 'put-down(spatula)']"
P01_105,stirring,672,674,"['pick-up(spatula)', 'stir(food)', 'tap(spatula)']"
P01_105,stirring,673,675,"['stir(food)', 'tap(spatula)', 'put-down(spatula)']"
P01_105,washing,680,682,"['pick-up(sponge)', 'turn-on(tap)', 'rinse(sponge)']"
P01_105,washing,681,683,"['turn-on(tap)', 'rinse(sponge)', 'turn-off(tap)']"
P01_105,washing,705,707,"['put-down(sponge)', 'turn-on(tap)', 'rinse(hand)']"
P01_105,washing,732,734,"['turn-on(tap)', 'rinse(colander)', 'turn-off(tap)']"
P01_105,object_transfer,737,739,"['pick-up(cloth)', 'dry(hand)', 'put-down(cloth)']"
P01_105,object_transfer,738,740,"['dry(hand)', 'put-down(cloth)', 'pick-up(spatula)']"
P01_105,stirring,739,741,"['put-down(cloth)', 'pick-up(spatula)', 'stir(food)']"
P01_105,stirring,740,742,"['pick-up(spatula)', 'stir(food)', 'tap(spatula)']"
P01_105,stirring,741,743,"['stir(food)', 'tap(spatula)', 'put-down(spatula)']"
P01_105,stirring,745,747,"['pick-up(spatula)', 'stir(food)', 'tap(spatula)']"
P01_105,stirring,746,748,"['stir(food)', 'tap(spatula)', 'put-down(spatula)']"
P01_106,object_transfer,55,57,"['pick-up(spatula)', 'lather(spatula)', 'put-down(spatula)']"
P01_106,object_transfer,64,66,"['pick-up(spoon)', 'lather(spoon)', 'put-down(spoon)']"
P01_106,washing,124,126,"['pick-up(sponge)', 'turn-on(tap)', 'rinse(sponge)']"
P01_106,washing,126,128,"['rinse(sponge)', 'rinse(hand)', 'put-down(sponge)']"
P01_106,object_transfer,135,137,"['pick-up(cloth)', 'dry(hand)', 'put-down(cloth)']"
P01_106,other,142,144,"['pick-up(lid)', 'close(container)', 'pick-up(container)']"
P01_106,washing,166,168,"['pick-up(cloth)', 'turn-on(tap)', 'rinse(cloth)']"
P01_106,washing,167,169,"['turn-on(tap)', 'rinse(cloth)', 'turn-off(tap)']"
P01_106,washing,224,226,"['turn-on(tap)', 'rinse(cloth)', 'put-down(cloth)']"
P01_106,washing,228,230,"['wash(hand)', 'rinse(hand)', 'turn-off(tap)']"
P01_106,washing,229,231,"['rinse(hand)', 'turn-off(tap)', 'shake(hand)']"
P01_106,other,230,232,"['turn-off(tap)', 'shake(hand)', 'pick-up(cloth)']"
P01_106,other,231,233,"['shake(hand)', 'pick-up(cloth)', 'dry(hand)']"
P01_106,object_transfer,232,234,"['pick-up(cloth)', 'dry(hand)', 'put-down(cloth)']"
P01_107,other,35,37,"['turn-on(tap)', 'pour-into(water)', 'turn-off(tap)']"
P01_107,other,40,42,"['turn-on(tap)', 'pour-into(water)', 'turn-off(tap)']"
P01_108,washing,61,63,"['rinse(hand)', 'turn-off(tap)', 'pick-up(cloth)']"
P01_108,other,62,64,"['turn-off(tap)', 'pick-up(cloth)', 'dry(hand)']"
P01_108,object_transfer,63,65,"['pick-up(cloth)', 'dry(hand)', 'put-down(cloth)']"
P01_109,washing,29,31,"['turn-on(tap)', 'rinse(hand)', 'turn-off(tap)']"
P01_109,washing,30,32,"['rinse(hand)', 'turn-off(tap)', 'shake(hand)']"
P01_109,other,31,33,"['turn-off(tap)', 'shake(hand)', 'pick-up(cloth)']"
P01_109,other,32,34,"['shake(hand)', 'pick-up(cloth)', 'dry(hand)']"
P01_109,object_transfer,33,35,"['pick-up(cloth)', 'dry(hand)', 'put-down(cloth)']"
P01_109,object_transfer,71,73,"['put-down(slice:potato)', 'pick-up(slice:potato)', 'put-down(slice:potato)']"
P01_109,object_transfer,72,74,"['pick-up(slice:potato)', 'put-down(slice:potato)', 'pick-up(slice:potato)']"
P01_109,object_transfer,73,75,"['put-down(slice:potato)', 'pick-up(slice:potato)', 'put-down(slice:potato)']"
P01_109,object_transfer,74,76,"['pick-up(slice:potato)', 'put-down(slice:potato)', 'pick-up(slice:potato)']"
P01_109,object_transfer,77,79,"['pick-up(slice:potato)', 'put-down(slice:potato)', 'put-down(slice:potato)']"
P01_109,object_transfer,79,81,"['put-down(slice:potato)', 'pick-up(slice:potato)', 'put-down(slice:potato)']"
P01_109,object_transfer,80,82,"['pick-up(slice:potato)', 'put-down(slice:potato)', 'pick-up(slice:potato)']"
P01_109,object_transfer,81,83,"['put-down(slice:potato)', 'pick-up(slice:potato)', 'put-down(slice:potato)']"
P01_109,object_transfer,82,84,"['pick-up(slice:potato)', 'put-down(slice:potato)', 'pick-up(slice:potato)']"
P01_109,object_transfer,83,85,"['put-down(slice:potato)', 'pick-up(slice:potato)', 'put-down(slice:potato)']"
P01_109,object_transfer,84,86,"['pick-up(slice:potato)', 'put-down(slice:potato)', 'pick-up(slice:potato)']"
P01_109,object_transfer,85,87,"['put-down(slice:potato)', 'pick-up(slice:potato)', 'put-down(slice:potato)']"
P01_109,object_transfer,118,120,"['pick-up(slice:potato)', 'put-down(slice:potato)', 'pick-up(slice:potato)']"
P01_109,object_transfer,119,121,"['put-down(slice:potato)', 'pick-up(slice:potato)', 'put-down(slice:potato)']"
P01_109,object_transfer,120,122,"['pick-up(slice:potato)', 'put-down(slice:potato)', 'put-down(slice:potato)']"
P01_109,object_transfer,124,126,"['pick-up(slice:potato)', 'put-down(slice:potato)', 'pick-up(slice:potato)']"
P01_109,object_transfer,127,129,"['pick-up(slice:potato)', 'put-down(slice:potato)', 'put-down(slice:potato)']"
P01_109,object_transfer,139,141,"['pick-up(slice:potato)', 'put-down(slice:potato)', 'pick-up(slice:potato)']"
P01_109,object_transfer,140,142,"['put-down(slice:potato)', 'pick-up(slice:potato)', 'put-down(slice:potato)']"
P01_109,object_transfer,141,143,"['pick-up(slice:potato)', 'put-down(slice:potato)', 'pick-up(slice:potato)']"
P01_109,object_transfer,142,144,"['put-down(slice:potato)', 'pick-up(slice:potato)', 'put-down(slice:potato)']"
P01_109,object_transfer,143,145,"['pick-up(slice:potato)', 'put-down(slice:potato)', 'pick-up(slice:potato)']"
P01_109,object_transfer,144,146,"['put-down(slice:potato)', 'pick-up(slice:potato)', 'put-down(slice:potato)']"
P01_109,object_transfer,145,147,"['pick-up(slice:potato)', 'put-down(slice:potato)', 'put-down(slice:potato)']"
P01_109,object_transfer,149,151,"['pick-up(slice:potato)', 'put-down(slice:potato)', 'pick-up(slice:potato)']"
P01_109,object_transfer,150,152,"['put-down(slice:potato)', 'pick-up(slice:potato)', 'put-down(slice:potato)']"
P01_109,object_transfer,151,153,"['pick-up(slice:potato)', 'put-down(slice:potato)', 'put-down(slice:potato)']"
P01_109,washing,160,162,"['turn-on(tap)', 'rinse(hand)', 'turn-off(tap)']"
P01_109,washing,161,163,"['rinse(hand)', 'turn-off(tap)', 'shake(hand)']"
P01_109,other,162,164,"['turn-off(tap)', 'shake(hand)', 'pick-up(cloth)']"
P01_109,other,163,165,"['shake(hand)', 'pick-up(cloth)', 'dry(hand)']"
P01_109,object_transfer,164,166,"['pick-up(cloth)', 'dry(hand)', 'put-down(cloth)']"
P01_109,washing,204,206,"['turn-on(tap)', 'rinse(hand)', 'turn-off(tap)']"
P01_109,washing,205,207,"['rinse(hand)', 'turn-off(tap)', 'shake(hand)']"
P01_109,other,209,211,"['shake(hand)', 'pick-up(cloth)', 'dry(hand)']"
P01_109,object_transfer,210,212,"['pick-up(cloth)', 'dry(hand)', 'put-down(cloth)']"
P01_109,container_usage,237,239,"['open(drawer)', 'pick-up(spatula)', 'close(drawer)']"
P01_109,washing,261,263,"['turn-on(tap)', 'rinse(hand)', 'turn-off(tap)']"
P01_109,washing,262,264,"['rinse(hand)', 'turn-off(tap)', 'shake(hand)']"
P01_109,other,263,265,"['turn-off(tap)', 'shake(hand)', 'pick-up(cloth)']"
P01_109,other,264,266,"['shake(hand)', 'pick-up(cloth)', 'dry(hand)']"
P01_109,object_transfer,265,267,"['pick-up(cloth)', 'dry(hand)', 'put-down(cloth)']"
P01_109,washing,274,276,"['turn-on(tap)', 'rinse(hand)', 'turn-off(tap)']"
P01_109,washing,275,277,"['rinse(hand)', 'turn-off(tap)', 'shake(hand)']"
P01_109,other,276,278,"['turn-off(tap)', 'shake(hand)', 'pick-up(cloth)']"
P01_109,other,277,279,"['shake(hand)', 'pick-up(cloth)', 'dry(hand)']"
P01_109,object_transfer,278,280,"['pick-up(cloth)', 'dry(hand)', 'put-down(cloth)']"
P01_109,object_transfer,279,281,"['dry(hand)', 'put-down(cloth)', 'pick-up(spatula)']"
P01_109,stirring,280,282,"['put-down(cloth)', 'pick-up(spatula)', 'stir(potato)']"
P01_109,stirring,281,283,"['pick-up(spatula)', 'stir(potato)', 'put-down(spatula)']"
P01_109,object_transfer,298,300,"['open(cupboard)', 'pick-up(bowl)', 'put-down(bowl)']"
P01_109,stirring,317,319,"['pick-up(spatula)', 'stir(potato)', 'put-down(spatula)']"
P01_109,stirring,324,326,"['pick-up(spatula)', 'stir(potato)', 'put-down(spatula)']"
P01_109,other,334,336,"['turn-on(tap)', 'pour-into(water)', 'turn-off(tap)']"
P01_109,other,338,340,"['turn-on(tap)', 'pour-into(water)', 'turn-off(tap)']"
P01_109,stirring,343,345,"['pick-up(spatula)', 'stir(potato)', 'put-down(spatula)']"
P01_109,object_transfer,362,364,"['tap(egg)', 'crack(egg)', 'put-down(eggshell)']"
P01_109,object_transfer,363,365,"['crack(egg)', 'put-down(eggshell)', 'pick-up(egg)']"
P01_109,object_transfer,364,366,"['put-down(eggshell)', 'pick-up(egg)', 'tap(egg)']"
P01_109,object_transfer,366,368,"['tap(egg)', 'crack(egg)', 'put-down(eggshell)']"
P01_109,object_transfer,367,369,"['crack(egg)', 'put-down(eggshell)', 'pick-up(egg)']"
P01_109,object_transfer,368,370,"['put-down(eggshell)', 'pick-up(egg)', 'tap(egg)']"
P01_109,object_transfer,370,372,"['tap(egg)', 'crack(egg)', 'put-down(eggshell)']"
P01_109,object_transfer,371,373,"['crack(egg)', 'put-down(eggshell)', 'pick-up(egg)']"
P01_109,object_transfer,376,378,"['tap(egg)', 'crack(egg)', 'put-down(eggshell)']"
P01_109,object_transfer,377,379,"['crack(egg)', 'put-down(eggshell)', 'pick-up(egg)']"
P01_109,object_transfer,378,380,"['put-down(eggshell)', 'pick-up(egg)', 'tap(egg)']"
P01_109,object_transfer,380,382,"['tap(egg)', 'crack(egg)', 'put-down(eggshell)']"
P01_109,object_transfer,381,383,"['crack(egg)', 'put-down(eggshell)', 'pick-up(egg)']"
P01_109,object_transfer,382,384,"['put-down(eggshell)', 'pick-up(egg)', 'tap(egg)']"
P01_109,object_transfer,384,386,"['tap(egg)', 'crack(egg)', 'put-down(eggshell)']"
P01_109,other,389,391,"['turn-off(tap)', 'shake(hand)', 'pick-up(cloth)']"
P01_109,other,390,392,"['shake(hand)', 'pick-up(cloth)', 'dry(hand)']"
P01_109,object_transfer,391,393,"['pick-up(cloth)', 'dry(hand)', 'put-down(cloth)']"
P01_109,object_transfer,392,394,"['dry(hand)', 'put-down(cloth)', 'pick-up(spatula)']"
P01_109,stirring,393,395,"['put-down(cloth)', 'pick-up(spatula)', 'stir(potato)']"
P01_109,stirring,394,396,"['pick-up(spatula)', 'stir(potato)', 'put-down(spatula)']"
P01_109,container_usage,397,399,"['open(drawer)', 'pick-up(fork)', 'close(drawer)']"
P01_109,washing,429,431,"['turn-on(tap)', 'rinse(hand)', 'turn-off(tap)']"
P01_109,washing,430,432,"['rinse(hand)', 'turn-off(tap)', 'shake(hand)']"
P01_109,other,431,433,"['turn-off(tap)', 'shake(hand)', 'pick-up(cloth)']"
P01_109,other,432,434,"['shake(hand)', 'pick-up(cloth)', 'dry(hand)']"
P01_109,object_transfer,433,435,"['pick-up(cloth)', 'dry(hand)', 'put-down(cloth)']"
P01_109,object_transfer,434,436,"['dry(hand)', 'put-down(cloth)', 'pick-up(spatula)']"
P01_109,stirring,435,437,"['put-down(cloth)', 'pick-up(spatula)', 'stir(potato)']"
P01_109,object_transfer,445,447,"['pick-up(cloth)', 'dry(hand)', 'put-down(cloth)']"
P01_109,object_transfer,446,448,"['dry(hand)', 'put-down(cloth)', 'pick-up(spatula)']"
P01_109,stirring,447,449,"['put-down(cloth)', 'pick-up(spatula)', 'stir(potato)']"
P01_109,washing,463,465,"['turn-on(tap)', 'rinse(hand)', 'turn-off(tap)']"
P01_109,washing,464,466,"['rinse(hand)', 'turn-off(tap)', 'shake(hand)']"
P01_109,other,465,467,"['turn-off(tap)', 'shake(hand)', 'pick-up(cloth)']"
P01_109,other,466,468,"['shake(hand)', 'pick-up(cloth)', 'dry(hand)']"
P01_109,object_transfer,467,469,"['pick-up(cloth)', 'dry(hand)', 'put-down(cloth)']"
P01_109,object_transfer,468,470,"['dry(hand)', 'put-down(cloth)', 'pick-up(spatula)']"
P01_109,stirring,469,471,"['put-down(cloth)', 'pick-up(spatula)', 'stir(potato)']"
P01_109,washing,486,488,"['turn-on(tap)', 'rinse(hand)', 'turn-off(tap)']"
P01_109,washing,487,489,"['rinse(hand)', 'turn-off(tap)', 'shake(hand)']"
P01_109,other,488,490,"['turn-off(tap)', 'shake(hand)', 'pick-up(cloth)']"
P01_109,other,489,491,"['shake(hand)', 'pick-up(cloth)', 'dry(hand)']"
P01_109,object_transfer,490,492,"['pick-up(cloth)', 'dry(hand)', 'put-down(cloth)']"
P01_109,object_transfer,491,493,"['dry(hand)', 'put-down(cloth)', 'pick-up(spatula)']"
P01_109,stirring,492,494,"['put-down(cloth)', 'pick-up(spatula)', 'stir(potato)']"
P01_109,washing,500,502,"['turn-on(tap)', 'rinse(hand)', 'turn-off(tap)']"
P01_109,washing,501,503,"['rinse(hand)', 'turn-off(tap)', 'shake(hand)']"
P01_109,other,502,504,"['turn-off(tap)', 'shake(hand)', 'pick-up(cloth)']"
P01_109,other,503,505,"['shake(hand)', 'pick-up(cloth)', 'dry(hand)']"
P01_109,object_transfer,504,506,"['pick-up(cloth)', 'dry(hand)', 'put-down(cloth)']"
P01_109,object_transfer,517,519,"['pick-up(cloth)', 'dry(hand)', 'put-down(cloth)']"
P01_109,object_transfer,522,524,"['pick-up(cloth)', 'dry(hand)', 'put-down(cloth)']"
P01_109,object_transfer,523,525,"['dry(hand)', 'put-down(cloth)', 'pick-up(spatula)']"
P01_109,stirring,524,526,"['put-down(cloth)', 'pick-up(spatula)', 'stir(potato)']"
P01_109,object_transfer,533,535,"['pick-up(cloth)', 'dry(hand)', 'put-down(cloth)']"
P01_109,other,537,539,"['turn-on(tap)', 'pour-into(water)', 'turn-off(tap)']"
P01_109,object_transfer,542,544,"['pick-up(cloth)', 'dry(hand)', 'put-down(cloth)']"
P01_109,object_transfer,543,545,"['dry(hand)', 'put-down(cloth)', 'pick-up(spatula)']"
P01_109,washing,563,565,"['turn-on(tap)', 'rinse(sponge)', 'turn-off(tap)']"
P01_109,object_transfer,566,568,"['pick-up(knife)', 'lather(knife)', 'put-down(knife)']"
P01_109,object_transfer,588,590,"['pick-up(cloth)', 'dry(hand)', 'put-down(cloth)']"
P01_109,object_transfer,589,591,"['dry(hand)', 'put-down(cloth)', 'pick-up(spatula)']"
P01_109,stirring,590,592,"['put-down(cloth)', 'pick-up(spatula)', 'stir(food)']"
P01_109,object_transfer,625,627,"['pick-up(cloth)', 'dry(hand)', 'put-down(cloth)']"
P01_109,washing,628,630,"['pick-up(cloth)', 'turn-on(tap)', 'rinse(cloth)']"
P01_109,washing,629,631,"['turn-on(tap)', 'rinse(cloth)', 'turn-off(tap)']"
P01_109,washing,640,642,"['put-down(cloth)', 'turn-on(tap)', 'rinse(hand)']"
P01_109,washing,641,643,"['turn-on(tap)', 'rinse(hand)', 'turn-off(tap)']"
P01_109,washing,642,644,"['rinse(hand)', 'turn-off(tap)', 'shake(hand)']"
P01_109,other,643,645,"['turn-off(tap)', 'shake(hand)', 'pick-up(cloth)']"
P01_109,other,644,646,"['shake(hand)', 'pick-up(cloth)', 'dry(hand)']"
P01_109,object_transfer,645,647,"['pick-up(cloth)', 'dry(hand)', 'put-down(cloth)']"
P01_109,object_transfer,662,664,"['pick-up(fork)', 'lather(fork)', 'put-down(fork)']"
P01_109,washing,667,669,"['put-down(sponge)', 'turn-on(tap)', 'rinse(hand)']"
P01_109,other,681,683,"['shake(hand)', 'pick-up(cloth)', 'dry(hand)']"
P01_109,object_transfer,685,687,"['dry(hand)', 'put-down(cloth)', 'open(cupboard)']"
P01_109,container_usage,687,689,"['open(cupboard)', 'pick-up(plate)', 'close(cupboard)']"
P01_109,object_transfer,688,690,"['pick-up(plate)', 'close(cupboard)', 'put-down(plate)']"
P01_109,washing,716,718,"['turn-on(tap)', 'rinse(hand)', 'turn-off(tap)']"
P01_109,washing,717,719,"['rinse(hand)', 'turn-off(tap)', 'pick-up(cloth)']"
P01_109,other,718,720,"['turn-off(tap)', 'pick-up(cloth)', 'dry(hand)']"
P01_109,object_transfer,719,721,"['pick-up(cloth)', 'dry(hand)', 'put-down(cloth)']"
P01_109,washing,733,735,"['turn-on(tap)', 'rinse(hand)', 'turn-off(tap)']"
P01_109,washing,734,736,"['rinse(hand)', 'turn-off(tap)', 'shake(hand)']"
P01_109,other,735,737,"['turn-off(tap)', 'shake(hand)', 'pick-up(cloth)']"
P01_109,other,736,738,"['shake(hand)', 'pick-up(cloth)', 'dry(hand)']"
P01_109,washing,757,759,"['pick-up(plate)', 'turn-on(tap)', 'rinse(plate)']"
P01_109,washing,758,760,"['turn-on(tap)', 'rinse(plate)', 'turn-off(tap)']"
P01_109,washing,826,828,"['rinse(sponge)', 'put-down(sponge)', 'rinse(hand)']"
P01_109,washing,828,830,"['rinse(hand)', 'pick-up(cloth)', 'rinse(cloth)']"
P01_109,washing,829,831,"['pick-up(cloth)', 'rinse(cloth)', 'turn-off(tap)']"
P01_109,washing,857,859,"['turn-on(tap)', 'rinse(cloth)', 'put-down(cloth)']"
P01_109,washing,861,863,"['wash(hand)', 'rinse(hand)', 'turn-off(tap)']"
P01_109,washing,862,864,"['rinse(hand)', 'turn-off(tap)', 'shake(hand)']"
P01_109,other,863,865,"['turn-off(tap)', 'shake(hand)', 'pick-up(cloth)']"
P01_109,other,864,866,"['shake(hand)', 'pick-up(cloth)', 'dry(hand)']"
P01_109,container_usage,887,889,"['open(cupboard)', 'close(cupboard)', 'open(cupboard)']"
P01_10,cutting,15,17,"['cut(pizza)', 'cut(pizza)', 'cut(pizza)']"
P01_17,cutting,66,68,"['cut(lettuce)', 'cut(lettuce)', 'cut(lettuce)']"
P01_17,cutting,67,69,"['cut(lettuce)', 'cut(lettuce)', 'cut(lettuce)']"
P01_17,washing,106,108,"['turn-on(tap)', 'wash(hand)', 'turn-off(tap)']"
P01_17,other,123,125,"['slice(tomato)', 'slice(tomato)', 'slice(tomato)']"
P01_17,container_usage,135,137,"['open(fridge)', 'put-into(container)', 'close(fridge)']"
P01_17,object_transfer,140,142,"['put-down(olive)', 'put-down(olive)', 'put-down(olive)']"
P01_17,object_transfer,141,143,"['put-down(olive)', 'put-down(olive)', 'put-down(olive)']"
P01_17,object_transfer,142,144,"['put-down(olive)', 'put-down(olive)', 'put-down(olive)']"
P01_17,object_transfer,143,145,"['put-down(olive)', 'put-down(olive)', 'put-down(olive)']"
P01_17,object_transfer,144,146,"['put-down(olive)', 'put-down(olive)', 'put-down(olive)']"
P01_17,object_transfer,145,147,"['put-down(olive)', 'put-down(olive)', 'put-down(olive)']"
P01_17,object_transfer,146,148,"['put-down(olive)', 'put-down(olive)', 'put-down(olive)']"
P01_17,object_transfer,147,149,"['put-down(olive)', 'put-down(olive)', 'put-down(olive)']"
P01_17,object_transfer,148,150,"['put-down(olive)', 'put-down(olive)', 'put-down(olive)']"
P01_17,container_usage,165,167,"['open(salt)', 'pour(salt)', 'close(salt)']"
P01_17,container_usage,169,171,"['open(drawer)', 'take(spoon)', 'close(drawer)']"
P01_17,washing,202,204,"['take(knife)', 'wash(knife)', 'put-down(knife)']"
P01_17,washing,208,210,"['take(spoon)', 'wash(spoon)', 'put-down(spoon)']"
P01_17,washing,215,217,"['take(spoon)', 'wash(spoon)', 'put-down(spoon)']"
P01_18,container_usage,45,47,"['open(drawer)', 'take(knife)', 'close(drawer)']"
P01_18,other,79,81,"['turn-on(tap)', 'pour-into(water)', 'turn-off(tap)']"
P01_18,object_transfer,81,83,"['turn-off(tap)', 'close(kettle)', 'put-down(kettle)']"
P01_18,object_transfer,82,84,"['close(kettle)', 'put-down(kettle)', 'turn-on(kettle)']"
P01_18,other,100,102,"['chop(squash)', 'chop(squash)', 'chop(squash)']"
P01_18,other,101,103,"['chop(squash)', 'chop(squash)', 'chop(squash)']"
P01_18,other,102,104,"['chop(squash)', 'chop(squash)', 'chop(squash)']"
P01_18,other,103,105,"['chop(squash)', 'chop(squash)', 'chop(squash)']"
P01_18,other,104,106,"['chop(squash)', 'chop(squash)', 'chop(squash)']"
P01_18,other,105,107,"['chop(squash)', 'chop(squash)', 'chop(squash)']"
P01_18,container_usage,164,166,"['open(fridge)', 'put-into(container)', 'close(fridge)']"
P01_18,other,169,171,"['chop(onion)', 'chop(onion)', 'chop(onion)']"
P01_18,other,170,172,"['chop(onion)', 'chop(onion)', 'chop(onion)']"
P01_18,washing,223,225,"['turn-on(tap)', 'wash(hand)', 'turn-off(tap)']"
P01_18,washing,229,231,"['take(knife)', 'wash(knife)', 'put-down(knife)']"
P01_18,washing,235,237,"['turn-on(tap)', 'rinse(plate)', 'put-down(plate)']"
P01_18,washing,239,241,"['rinse(knife)', 'put-down(knife)', 'turn-off(tap)']"
P01_18,other,248,250,"['turn-on(tap)', 'pour-into(water)', 'turn-off(tap)']"
P01_18,other,250,252,"['turn-off(tap)', 'turn-on(tap)', 'turn-off(tap)']"
P01_18,container_usage,266,268,"['open(cupboard)', 'take(plate)', 'close(cupboard)']"
P01_18,object_transfer,267,269,"['take(plate)', 'close(cupboard)', 'put-down(plate)']"
P01_18,container_usage,270,272,"['open(drawer)', 'take(spoon)', 'close(drawer)']"
P01_18,other,299,301,"['turn-on(tap)', 'pour-into(water)', 'turn-off(tap)']"
P01_18,object_transfer,301,303,"['turn-off(tap)', 'close(kettle)', 'put-down(kettle)']"
P01_18,object_transfer,302,304,"['close(kettle)', 'put-down(kettle)', 'turn-on(kettle)']"
P01_18,stirring,442,444,"['take(spatula)', 'stir(food)', 'stir(food)']"
P01_18,stirring,443,445,"['stir(food)', 'stir(food)', 'stir(food)']"
P01_18,stirring,444,446,"['stir(food)', 'stir(food)', 'stir(food)']"
P01_18,stirring,445,447,"['stir(food)', 'stir(food)', 'stir(food)']"
P01_18,stirring,446,448,"['stir(food)', 'stir(food)', 'stir(food)']"
P01_18,stirring,472,474,"['take(spatula)', 'stir(food)', 'stir(food)']"
P01_18,stirring,473,475,"['stir(food)', 'stir(food)', 'stir(food)']"
P01_18,stirring,474,476,"['stir(food)', 'stir(food)', 'stir(food)']"
P01_18,stirring,475,477,"['stir(food)', 'stir(food)', 'take(spoon)']"
P01_18,stirring,476,478,"['stir(food)', 'take(spoon)', 'spoon(rice)']"
P01_18,other,477,479,"['take(spoon)', 'spoon(rice)', 'taste(rice)']"
P01_18,object_transfer,478,480,"['spoon(rice)', 'taste(rice)', 'put-down(spoon)']"
P01_18,washing,491,493,"['take(knife)', 'wash(knife)', 'put-down(knife)']"
P01_18,washing,494,496,"['take(knife)', 'wash(knife)', 'put-down(knife)']"
P01_18,other,542,544,"['take(spoon)', 'spoon(rice)', 'taste(rice)']"
P01_18,object_transfer,543,545,"['spoon(rice)', 'taste(rice)', 'put-down(spoon)']"
P01_18,stirring,562,564,"['take(spatula)', 'stir(food)', 'stir(food)']"
P01_18,stirring,563,565,"['stir(food)', 'stir(food)', 'stir(food)']"
P01_18,stirring,579,581,"['take(spatula)', 'stir(food)', 'stir(food)']"
P01_18,stirring,583,585,"['stir(food)', 'stir(food)', 'stir(food)']"
P01_18,stirring,584,586,"['stir(food)', 'stir(food)', 'take(spoon)']"
P01_18,stirring,585,587,"['stir(food)', 'take(spoon)', 'spoon(rice)']"
P01_18,other,586,588,"['take(spoon)', 'spoon(rice)', 'taste(rice)']"
P01_18,object_transfer,587,589,"['spoon(rice)', 'taste(rice)', 'put-down(spoon)']"
P01_18,stirring,601,603,"['take(spatula)', 'stir(food)', 'stir(food)']"
P01_18,stirring,605,607,"['take(spatula)', 'stir(food)', 'stir(food)']"
P01_18,stirring,606,608,"['stir(food)', 'stir(food)', 'take(spoon)']"
P01_18,stirring,607,609,"['stir(food)', 'take(spoon)', 'spoon(rice)']"
P01_18,other,608,610,"['take(spoon)', 'spoon(rice)', 'taste(rice)']"
P01_18,object_transfer,609,611,"['spoon(rice)', 'taste(rice)', 'put-down(spoon)']"
P01_18,stirring,625,627,"['stir(food)', 'stir(food)', 'stir(food)']"
P01_18,stirring,630,632,"['take(spatula)', 'stir(food)', 'stir(food)']"
P01_18,stirring,631,633,"['stir(food)', 'stir(food)', 'take(spoon)']"
P01_18,stirring,632,634,"['stir(food)', 'take(spoon)', 'spoon(rice)']"
P01_18,other,633,635,"['take(spoon)', 'spoon(rice)', 'taste(rice)']"
P01_18,object_transfer,634,636,"['spoon(rice)', 'taste(rice)', 'put-down(spoon)']"
P01_18,stirring,637,639,"['take(spatula)', 'stir(food)', 'stir(food)']"
P01_18,stirring,638,640,"['stir(food)', 'stir(food)', 'stir(food)']"
P01_18,stirring,642,644,"['stir(food)', 'stir(food)', 'take(spoon)']"
P01_18,stirring,643,645,"['stir(food)', 'take(spoon)', 'spoon(rice)']"
P01_18,other,644,646,"['take(spoon)', 'spoon(rice)', 'taste(rice)']"
P01_18,object_transfer,645,647,"['spoon(rice)', 'taste(rice)', 'put-down(spoon)']"
P01_19,washing,13,15,"['take(knife)', 'wash(knife)', 'put-down(knife)']"
P01_19,washing,17,19,"['turn-on(tap)', 'rinse(plate)', 'turn-off(tap)']"
P01_19,washing,28,30,"['take(spoon)', 'wash(spoon)', 'put-down(spoon)']"
P01_19,washing,62,64,"['wash(spoon)', 'rinse(spoon)', 'put-down(spoon)']"
P02_01,container_usage,26,28,"['open(fridge)', 'pick-up(milk)', 'close(fridge)']"
P02_01,container_usage,56,58,"['open(fridge)', 'pick-up(milk)', 'close(fridge)']"
P02_02,washing,26,28,"['wash(spoon)', 'turn-on(tap)', 'rinse(spoon)']"
P02_02,washing,34,36,"['rinse(knife)', 'put-down(knife)', 'turn-off(tap)']"
P02_02,washing,39,41,"['turn-on(tap)', 'rinse(mug)', 'turn-off(tap)']"
P02_02,washing,45,47,"['turn-on(tap)', 'rinse(mug)', 'turn-off(tap)']"
P02_02,washing,50,52,"['wash(glass)', 'turn-on(tap)', 'rinse(glass)']"
P02_02,washing,51,53,"['turn-on(tap)', 'rinse(glass)', 'turn-off(tap)']"
P02_02,washing,55,57,"['pick-up(plate)', 'wash(plate)', 'turn-on(tap)']"
P02_02,washing,56,58,"['wash(plate)', 'turn-on(tap)', 'rinse(plate)']"
P02_02,washing,57,59,"['turn-on(tap)', 'rinse(plate)', 'turn-off(tap)']"
P02_02,washing,63,65,"['turn-on(tap)', 'rinse(mug)', 'turn-off(tap)']"
P02_02,washing,69,71,"['wash(glass)', 'turn-on(tap)', 'rinse(glass)']"
P02_02,washing,70,72,"['turn-on(tap)', 'rinse(glass)', 'turn-off(tap)']"
P02_02,washing,75,77,"['wash(plate)', 'put(sponge)', 'turn-on(tap)']"
P02_02,washing,76,78,"['put(sponge)', 'turn-on(tap)', 'rinse(plate)']"
P02_03,other,112,114,"['turn-on(tap)', 'fill(kettle)', 'turn-off(tap)']"
P02_03,other,130,132,"['chop(onion)', 'chop(onion)', 'chop(onion)']"
P02_03,container_usage,359,361,"['open(drawer)', 'pick-up(fork)', 'close(drawer)']"
P02_04,washing,63,65,"['wash(spoon)', 'turn-on(tap)', 'rinse(spoon)']"
P02_04,washing,77,79,"['rinse(pan)', 'rinse(pan)', 'turn-off(tap)']"
P02_04,washing,80,82,"['turn-on(tap)', 'rinse(pan)', 'turn-off(tap)']"
P02_04,washing,87,89,"['turn-on(tap)', 'rinse(board:chopping)', 'turn-off(tap)']"
P02_04,washing,100,102,"['turn-on(tap)', 'rinse(pot)', 'turn-off(tap)']"
P02_04,washing,105,107,"['wash(plate)', 'put(sponge)', 'turn-on(tap)']"
P02_04,washing,106,108,"['put(sponge)', 'turn-on(tap)', 'rinse(plate)']"
P02_04,washing,107,109,"['turn-on(tap)', 'rinse(plate)', 'turn-off(tap)']"
P02_04,washing,108,110,"['rinse(plate)', 'turn-off(tap)', 'put(plate)']"
P02_04,washing,114,116,"['wash(plate)', 'put(sponge)', 'turn-on(tap)']"
P02_04,washing,115,117,"['put(sponge)', 'turn-on(tap)', 'rinse(plate)']"
P02_04,washing,116,118,"['turn-on(tap)', 'rinse(plate)', 'turn-off(tap)']"
P02_04,washing,117,119,"['rinse(plate)', 'turn-off(tap)', 'put(plate)']"
P02_04,washing,138,140,"['wash(plate)', 'put(sponge)', 'turn-on(tap)']"
P02_04,washing,139,141,"['put(sponge)', 'turn-on(tap)', 'rinse(plate)']"
P02_04,washing,140,142,"['turn-on(tap)', 'rinse(plate)', 'turn-off(tap)']"
P02_04,washing,141,143,"['rinse(plate)', 'turn-off(tap)', 'put(plate)']"
P02_04,washing,147,149,"['turn-on(tap)', 'rinse(strainer)', 'turn-off(tap)']"
P02_04,washing,156,158,"['turn-on(tap)', 'rinse(spoon)', 'turn-off(tap)']"
P02_06,washing,85,87,"['turn-on(tap)', 'rinse(mug)', 'turn-off(tap)']"
P02_06,washing,89,91,"['pick-up(plate)', 'wash(plate)', 'turn-on(tap)']"
P02_06,washing,90,92,"['wash(plate)', 'turn-on(tap)', 'rinse(plate)']"
P02_06,washing,91,93,"['turn-on(tap)', 'rinse(plate)', 'turn-off(tap)']"
P02_06,washing,92,94,"['rinse(plate)', 'turn-off(tap)', 'put(plate)']"
P02_06,washing,95,97,"['pick-up(plate)', 'wash(plate)', 'turn-on(tap)']"
P02_06,washing,96,98,"['wash(plate)', 'turn-on(tap)', 'rinse(plate)']"
P02_06,washing,97,99,"['turn-on(tap)', 'rinse(plate)', 'turn-off(tap)']"
P02_06,washing,110,112,"['pick-up(plate)', 'wash(plate)', 'turn-on(tap)']"
P02_06,washing,111,113,"['wash(plate)', 'turn-on(tap)', 'rinse(plate)']"
P02_06,washing,112,114,"['turn-on(tap)', 'rinse(plate)', 'turn-off(tap)']"
P02_06,washing,113,115,"['rinse(plate)', 'turn-off(tap)', 'put(plate)']"
P02_06,washing,118,120,"['pick-up(plate)', 'wash(plate)', 'turn-on(tap)']"
P02_06,washing,119,121,"['wash(plate)', 'turn-on(tap)', 'rinse(plate)']"
P02_06,washing,120,122,"['turn-on(tap)', 'rinse(plate)', 'turn-off(tap)']"
P02_06,washing,121,123,"['rinse(plate)', 'turn-off(tap)', 'put(plate)']"
P02_06,object_transfer,198,200,"['put(tomato)', 'pick-up(tomato)', 'put(tomato)']"
P02_06,object_transfer,199,201,"['pick-up(tomato)', 'put(tomato)', 'pick-up(tomato)']"
P02_06,container_usage,265,267,"['open(drawer)', 'close(drawer)', 'open(drawer)']"
P02_06,washing,350,352,"['turn-on(tap)', 'rinse(strainer)', 'turn-off(tap)']"
P02_06,washing,354,356,"['turn-on(tap)', 'rinse(knife)', 'turn-off(tap)']"
P02_09,other,26,28,"['pick-up(kettle)', 'open(kettle)', 'turn-on(tap)']"
P02_09,other,30,32,"['fill(kettle)', 'turn-off(tap)', 'close(kettle)']"
P02_09,washing,144,146,"['turn-on(tap)', 'wash(hand)', 'wash(hand)']"
P02_09,other,150,152,"['turn-off(tap)', 'pick-up(towel)', 'dry(hand)']"
P02_09,other,204,206,"['turn-off(tap)', 'pick-up(towel)', 'dry(hand)']"
P02_09,other,213,215,"['peel(onion)', 'peel(onion)', 'peel(onion)']"
P02_09,other,223,225,"['slice(onion)', 'slice(onion)', 'slice(onion)']"
P02_09,other,226,228,"['chop(onion)', 'chop(onion)', 'chop(onion)']"
P02_09,other,227,229,"['chop(onion)', 'chop(onion)', 'chop(onion)']"
P02_09,other,228,230,"['chop(onion)', 'chop(onion)', 'chop(onion)']"
P02_09,other,229,231,"['chop(onion)', 'chop(onion)', 'chop(onion)']"
P02_09,other,230,232,"['chop(onion)', 'chop(onion)', 'chop(onion)']"
P02_09,container_usage,262,264,"['open(drawer)', 'pick-up(spoon:wooden)', 'close(drawer)']"
P02_09,washing,481,483,"['wash(glass)', 'turn-on(tap)', 'rinse(glass)']"
P02_09,washing,496,498,"['turn-on(tap)', 'rinse(glass)', 'turn-off(tap)']"
P02_09,container_usage,547,549,"['open(cupboard)', 'pick-up(glass)', 'close(cupboard)']"
P02_101,container_usage,35,37,"['open(drawer)', 'pick-up(knife)', 'close(drawer)']"
P02_102,other,101,103,"['turn-on(tap)', 'pour-into(water)', 'turn-off(tap)']"
P02_103,washing,25,27,"['turn-on(tap)', 'wash(hand)', 'turn-off(tap)']"
P02_103,other,27,29,"['turn-off(tap)', 'pick-up(towel)', 'dry(hand)']"
P02_104,other,7,9,"['pick-up(kettle)', 'open(kettle)', 'turn-on(tap)']"
P02_104,other,9,11,"['turn-on(tap)', 'fill(kettle)', 'turn-off(tap)']"
P02_104,other,10,12,"['fill(kettle)', 'turn-off(tap)', 'close(kettle)']"
P02_104,object_transfer,11,13,"['turn-off(tap)', 'close(kettle)', 'put-down(kettle)']"
P02_104,container_usage,68,70,"['open(drawer)', 'pick-up(spoon:wooden)', 'close(drawer)']"
P02_104,washing,87,89,"['pick-up(liquid:washing)', 'put(liquid:washing)', 'put-down(liquid:washing)']"
P02_104,container_usage,107,109,"['open(drawer)', 'pick-up(spoon:wooden)', 'close(drawer)']"
P02_104,container_usage,120,122,"['open(fridge)', 'pick-up(cheese)', 'close(fridge)']"
P02_105,washing,38,40,"['pick-up(liquid:washing)', 'put(liquid:washing)', 'put-down(liquid:washing)']"
P02_105,washing,45,47,"['turn-on(tap)', 'rinse(lid)', 'turn-off(tap)']"
P02_105,washing,50,52,"['sponge(plate)', 'turn-on(tap)', 'rinse(plate)']"
P02_105,washing,51,53,"['turn-on(tap)', 'rinse(plate)', 'turn-off(tap)']"
P02_105,washing,52,54,"['rinse(plate)', 'turn-off(tap)', 'put-down(plate)']"
P02_105,washing,56,58,"['sponge(plate)', 'turn-on(tap)', 'rinse(plate)']"
P02_105,washing,57,59,"['turn-on(tap)', 'rinse(plate)', 'turn-off(tap)']"
P02_105,washing,58,60,"['rinse(plate)', 'turn-off(tap)', 'put-down(plate)']"
P02_105,washing,63,65,"['turn-on(tap)', 'rinse(strainer)', 'turn-off(tap)']"
P02_105,washing,69,71,"['turn-on(tap)', 'rinse(pot)', 'turn-off(tap)']"
P02_105,other,79,81,"['pick-up(knife)', 'sponge(knife)', 'pick-up(knife)']"
P02_105,other,80,82,"['sponge(knife)', 'pick-up(knife)', 'sponge(knife)']"
P02_105,washing,83,85,"['turn-on(tap)', 'rinse(knife)', 'turn-off(tap)']"
P02_105,washing,98,100,"['rinse(knife)', 'put-down(knife)', 'turn-off(tap)']"
P02_105,washing,101,103,"['pick-up(liquid:washing)', 'put(liquid:washing)', 'put-down(liquid:washing)']"
P02_105,washing,107,109,"['turn-on(tap)', 'rinse(mug)', 'turn-off(tap)']"
P02_105,washing,108,110,"['rinse(mug)', 'turn-off(tap)', 'put-down(mug)']"
P02_105,washing,112,114,"['sponge(plate)', 'turn-on(tap)', 'rinse(plate)']"
P02_105,washing,113,115,"['turn-on(tap)', 'rinse(plate)', 'turn-off(tap)']"
P02_105,washing,114,116,"['rinse(plate)', 'turn-off(tap)', 'put-down(plate)']"
P02_105,washing,119,121,"['turn-on(tap)', 'rinse(mug)', 'turn-off(tap)']"
P02_105,washing,120,122,"['rinse(mug)', 'turn-off(tap)', 'put-down(mug)']"
P02_105,washing,123,125,"['pick-up(liquid:washing)', 'put(liquid:washing)', 'put-down(liquid:washing)']"
P02_105,washing,130,132,"['turn-on(tap)', 'rinse(spoon:wooden)', 'turn-off(tap)']"
P02_105,washing,134,136,"['turn-on(tap)', 'rinse(spoon:wooden)', 'turn-off(tap)']"
P02_105,other,150,152,"['turn-on(tap)', 'fill(kettle)', 'turn-off(tap)']"
P02_105,other,151,153,"['fill(kettle)', 'turn-off(tap)', 'close(kettle)']"
P02_105,object_transfer,152,154,"['turn-off(tap)', 'close(kettle)', 'put-down(kettle)']"
P02_105,object_transfer,153,155,"['close(kettle)', 'put-down(kettle)', 'turn-on(kettle)']"
P02_105,container_usage,181,183,"['open(drawer)', 'pick-up(spoon)', 'close(drawer)']"
P02_107,container_usage,8,10,"['open(fridge)', 'pick-up(milk)', 'close(fridge)']"
P02_108,container_usage,43,45,"['open(cupboard)', 'pick-up(glass)', 'close(cupboard)']"
P02_108,container_usage,65,67,"['open(drawer)', 'pick-up(spoon)', 'close(drawer)']"
P02_108,other,97,99,"['turn-on(tap)', 'fill(kettle)', 'turn-off(tap)']"
P02_108,other,98,100,"['fill(kettle)', 'turn-off(tap)', 'close(kettle)']"
P02_108,object_transfer,99,101,"['turn-off(tap)', 'close(kettle)', 'put-down(kettle)']"
P02_108,object_transfer,100,102,"['close(kettle)', 'put-down(kettle)', 'turn-on(kettle)']"
P02_108,container_usage,110,112,"['open(cupboard)', 'pick-up(glass)', 'close(cupboard)']"
P02_108,object_transfer,111,113,"['pick-up(glass)', 'close(cupboard)', 'put-down(glass)']"
P02_108,container_usage,149,151,"['open(drawer)', 'pick-up(spoon)', 'close(drawer)']"
P02_108,container_usage,193,195,"['open(drawer)', 'close(drawer)', 'open(drawer)']"
P02_108,washing,231,233,"['pick-up(liquid:washing)', 'put(liquid:washing)', 'put-down(liquid:washing)']"
P02_108,washing,242,244,"['pick-up(liquid:washing)', 'pour-onto(liquid:washing)', 'put-down(liquid:washing)']"
P02_108,washing,262,264,"['pick-up(sponge)', 'turn-on(tap)', 'rinse(sponge)']"
P02_108,washing,263,265,"['turn-on(tap)', 'rinse(sponge)', 'turn-off(tap)']"
P02_108,object_transfer,276,278,"['sponge(spoon)', 'put-down(sponge)', 'turn-on(tap)']"
P02_108,washing,277,279,"['put-down(sponge)', 'turn-on(tap)', 'rinse(spoon)']"
P02_108,washing,278,280,"['turn-on(tap)', 'rinse(spoon)', 'turn-off(tap)']"
P02_108,washing,279,281,"['rinse(spoon)', 'turn-off(tap)', 'put-down(spoon)']"
P02_108,washing,282,284,"['pick-up(glass)', 'turn-on(tap)', 'rinse(glass)']"
P02_108,washing,283,285,"['turn-on(tap)', 'rinse(glass)', 'turn-off(tap)']"
P02_108,washing,288,290,"['put-down(sponge)', 'turn-on(tap)', 'rinse(glass)']"
P02_108,washing,289,291,"['turn-on(tap)', 'rinse(glass)', 'turn-off(tap)']"
P02_108,washing,297,299,"['put-down(sponge)', 'turn-on(tap)', 'rinse(knife)']"
P02_108,washing,315,317,"['turn-on(tap)', 'rinse(hand)', 'turn-off(tap)']"
P02_108,washing,316,318,"['rinse(hand)', 'turn-off(tap)', 'shake(hand)']"
P02_108,other,317,319,"['turn-off(tap)', 'shake(hand)', 'dry(hand)']"
P02_108,other,355,357,"['press(button)', 'squeeze(orange)', 'press(button)']"
P02_108,other,361,363,"['press(button)', 'squeeze(orange)', 'press(button)']"
P02_108,other,362,364,"['squeeze(orange)', 'press(button)', 'throw(peel:orange)']"
P02_108,other,368,370,"['squeeze(orange)', 'press(button)', 'throw(peel:orange)']"
P02_108,other,373,375,"['press(button)', 'squeeze(orange)', 'press(button)']"
P02_108,other,374,376,"['squeeze(orange)', 'press(button)', 'throw(peel:orange)']"
P02_108,other,379,381,"['press(button)', 'squeeze(orange)', 'press(button)']"
P02_108,other,380,382,"['squeeze(orange)', 'press(button)', 'throw(peel:orange)']"
P02_108,other,385,387,"['press(button)', 'squeeze(orange)', 'press(button)']"
P02_108,other,386,388,"['squeeze(orange)', 'press(button)', 'throw(peel:orange)']"
P02_108,container_usage,395,397,"['open(cupboard)', 'pick-up(glass)', 'close(cupboard)']"
P02_108,washing,407,409,"['turn-on(tap)', 'rinse(bowl)', 'turn-off(tap)']"
P02_108,washing,426,428,"['pick-up(liquid:washing)', 'pour-onto(liquid:washing)', 'put-down(liquid:washing)']"
P02_108,washing,443,445,"['turn-on(tap)', 'rinse(hand)', 'turn-off(tap)']"
P02_108,washing,444,446,"['rinse(hand)', 'turn-off(tap)', 'shake(hand)']"
P02_108,other,445,447,"['turn-off(tap)', 'shake(hand)', 'dry(hand)']"
P02_109,cutting,15,17,"['cut(onion)', 'cut(onion)', 'cut(onion)']"
P02_109,cutting,16,18,"['cut(onion)', 'cut(onion)', 'cut(onion)']"
P02_109,cutting,17,19,"['cut(onion)', 'cut(onion)', 'cut(onion)']"
P02_109,washing,181,183,"['turn-on(tap)', 'rinse(board:chopping)', 'turn-off(tap)']"
P02_10,stirring,5,7,"['stir(meat)', 'stir(meat)', 'stir(meat)']"
P02_10,stirring,6,8,"['stir(meat)', 'stir(meat)', 'stir(meat)']"
P02_112,container_usage,0,2,"['open(drawer)', 'pick-up(spoon)', 'close(drawer)']"
P02_112,container_usage,19,21,"['open(drawer)', 'pick-up(spoon)', 'close(drawer)']"
P02_112,object_transfer,97,99,"['open(cupboard)', 'pick-up(plate)', 'put-down(plate)']"
P02_112,other,119,121,"['get(oil)', 'oil(hand)', 'knead(dough)']"
P02_112,other,120,122,"['oil(hand)', 'knead(dough)', 'shape(ball:dough)']"
P02_112,other,128,130,"['shape(ball:dough)', 'place-on(ball:dough)', 'squeeze(dough)']"
P02_112,other,132,134,"['get(oil)', 'oil(hand)', 'knead(dough)']"
P02_112,other,133,135,"['oil(hand)', 'knead(dough)', 'shape(ball:dough)']"
P02_112,other,134,136,"['knead(dough)', 'shape(ball:dough)', 'place-on(ball:dough)']"
P02_112,other,135,137,"['shape(ball:dough)', 'place-on(ball:dough)', 'squeeze(dough)']"
P02_112,other,136,138,"['place-on(ball:dough)', 'squeeze(dough)', 'get(oil)']"
P02_112,other,137,139,"['squeeze(dough)', 'get(oil)', 'oil(hand)']"
P02_112,other,138,140,"['get(oil)', 'oil(hand)', 'knead(dough)']"
P02_112,other,139,141,"['oil(hand)', 'knead(dough)', 'shape(ball:dough)']"
P02_112,other,140,142,"['knead(dough)', 'shape(ball:dough)', 'place-on(ball:dough)']"
P02_112,other,147,149,"['squeeze(dough)', 'get(oil)', 'oil(hand)']"
P02_112,other,148,150,"['get(oil)', 'oil(hand)', 'knead(dough)']"
P02_112,other,149,151,"['oil(hand)', 'knead(dough)', 'shape(ball:dough)']"
P02_112,other,150,152,"['knead(dough)', 'shape(ball:dough)', 'place-on(ball:dough)']"
P02_112,other,151,153,"['shape(ball:dough)', 'place-on(ball:dough)', 'squeeze(dough)']"
P02_112,other,152,154,"['place-on(ball:dough)', 'squeeze(dough)', 'get(oil)']"
P02_112,other,153,155,"['squeeze(dough)', 'get(oil)', 'oil(hand)']"
P02_112,other,154,156,"['get(oil)', 'oil(hand)', 'knead(dough)']"
P02_112,other,155,157,"['oil(hand)', 'knead(dough)', 'shape(ball:dough)']"
P02_112,other,158,160,"['knead(dough)', 'shape(ball:dough)', 'place-on(ball:dough)']"
P02_112,other,159,161,"['shape(ball:dough)', 'place-on(ball:dough)', 'squeeze(dough)']"
P02_112,other,163,165,"['oil(hand)', 'knead(dough)', 'shape(ball:dough)']"
P02_112,other,164,166,"['knead(dough)', 'shape(ball:dough)', 'place-on(ball:dough)']"
P02_112,other,168,170,"['squeeze(dough)', 'get(oil)', 'oil(hand)']"
P02_112,other,169,171,"['get(oil)', 'oil(hand)', 'knead(dough)']"
P02_112,other,170,172,"['oil(hand)', 'knead(dough)', 'shape(ball:dough)']"
P02_112,other,171,173,"['knead(dough)', 'shape(ball:dough)', 'place-on(ball:dough)']"
P02_112,other,172,174,"['shape(ball:dough)', 'place-on(ball:dough)', 'squeeze(dough)']"
P02_112,other,173,175,"['place-on(ball:dough)', 'squeeze(dough)', 'get(oil)']"
P02_112,other,174,176,"['squeeze(dough)', 'get(oil)', 'oil(hand)']"
P02_112,other,175,177,"['get(oil)', 'oil(hand)', 'knead(dough)']"
P02_112,other,176,178,"['oil(hand)', 'knead(dough)', 'shape(ball:dough)']"
P02_112,other,177,179,"['knead(dough)', 'shape(ball:dough)', 'place-on(ball:dough)']"
P02_112,other,178,180,"['shape(ball:dough)', 'place-on(ball:dough)', 'squeeze(dough)']"
P02_112,other,179,181,"['place-on(ball:dough)', 'squeeze(dough)', 'get(oil)']"
P02_112,other,180,182,"['squeeze(dough)', 'get(oil)', 'oil(hand)']"
P02_112,other,181,183,"['get(oil)', 'oil(hand)', 'knead(dough)']"
P02_112,other,182,184,"['oil(hand)', 'knead(dough)', 'shape(ball:dough)']"
P02_112,other,183,185,"['knead(dough)', 'shape(ball:dough)', 'place-on(ball:dough)']"
P02_112,other,184,186,"['shape(ball:dough)', 'place-on(ball:dough)', 'squeeze(dough)']"
P02_112,other,185,187,"['place-on(ball:dough)', 'squeeze(dough)', 'get(oil)']"
P02_112,other,186,188,"['squeeze(dough)', 'get(oil)', 'oil(hand)']"
P02_112,other,187,189,"['get(oil)', 'oil(hand)', 'knead(dough)']"
P02_112,other,188,190,"['oil(hand)', 'knead(dough)', 'shape(ball:dough)']"
P02_112,other,189,191,"['knead(dough)', 'shape(ball:dough)', 'place-on(ball:dough)']"
P02_112,other,190,192,"['shape(ball:dough)', 'place-on(ball:dough)', 'squeeze(dough)']"
P02_112,other,194,196,"['oil(hand)', 'knead(dough)', 'shape(ball:dough)']"
P02_112,other,195,197,"['knead(dough)', 'shape(ball:dough)', 'place-on(ball:dough)']"
P02_112,other,196,198,"['shape(ball:dough)', 'place-on(ball:dough)', 'squeeze(dough)']"
P02_112,other,197,199,"['place-on(ball:dough)', 'squeeze(dough)', 'get(oil)']"
P02_112,other,198,200,"['squeeze(dough)', 'get(oil)', 'oil(hand)']"
P02_112,other,199,201,"['get(oil)', 'oil(hand)', 'knead(dough)']"
P02_112,other,200,202,"['oil(hand)', 'knead(dough)', 'shape(ball:dough)']"
P02_112,other,201,203,"['knead(dough)', 'shape(ball:dough)', 'place-on(ball:dough)']"
P02_112,other,205,207,"['oil(hand)', 'knead(dough)', 'shape(ball:dough)']"
P02_112,other,221,223,"['place-on(meat)', 'get(meat)', 'place-on(meat)']"
P02_112,other,225,227,"['place-on(meat)', 'place-on(meat)', 'get(meat)']"
P02_112,other,228,230,"['get(meat)', 'place-on(meat)', 'get(meat)']"
P02_112,other,229,231,"['place-on(meat)', 'get(meat)', 'place-on(meat)']"
P02_112,other,230,232,"['get(meat)', 'place-on(meat)', 'get(meat)']"
P02_112,other,231,233,"['place-on(meat)', 'get(meat)', 'place-on(meat)']"
P02_112,other,232,234,"['get(meat)', 'place-on(meat)', 'get(meat)']"
P02_112,other,233,235,"['place-on(meat)', 'get(meat)', 'place-on(meat)']"
P02_112,other,234,236,"['get(meat)', 'place-on(meat)', 'get(meat)']"
P02_112,other,235,237,"['place-on(meat)', 'get(meat)', 'place-on(meat)']"
P02_112,other,236,238,"['get(meat)', 'place-on(meat)', 'get(meat)']"
P02_112,other,237,239,"['place-on(meat)', 'get(meat)', 'place-on(meat)']"
P02_112,other,238,240,"['get(meat)', 'place-on(meat)', 'get(meat)']"
P02_112,other,239,241,"['place-on(meat)', 'get(meat)', 'place-on(meat)']"
P02_112,other,240,242,"['get(meat)', 'place-on(meat)', 'get(meat)']"
P02_112,other,241,243,"['place-on(meat)', 'get(meat)', 'place-on(meat)']"
P02_112,other,242,244,"['get(meat)', 'place-on(meat)', 'get(meat)']"
P02_112,other,243,245,"['place-on(meat)', 'get(meat)', 'place-on(meat)']"
P02_112,other,244,246,"['get(meat)', 'place-on(meat)', 'get(meat)']"
P02_112,other,245,247,"['place-on(meat)', 'get(meat)', 'place-on(meat)']"
P02_112,other,246,248,"['get(meat)', 'place-on(meat)', 'get(meat)']"
P02_112,other,247,249,"['place-on(meat)', 'get(meat)', 'place-on(meat)']"
P02_112,other,251,253,"['get(meat)', 'place-on(meat)', 'get(meat)']"
P02_112,other,252,254,"['place-on(meat)', 'get(meat)', 'place-on(meat)']"
P02_112,other,253,255,"['get(meat)', 'place-on(meat)', 'get(meat)']"
P02_112,other,254,256,"['place-on(meat)', 'get(meat)', 'place-on(meat)']"
P02_112,other,265,267,"['place-on(meat)', 'get(meat)', 'place-on(meat)']"
P02_112,other,266,268,"['get(meat)', 'place-on(meat)', 'get(meat)']"
P02_112,other,267,269,"['place-on(meat)', 'get(meat)', 'place-on(meat)']"
P02_112,other,268,270,"['get(meat)', 'place-on(meat)', 'get(meat)']"
P02_112,other,269,271,"['place-on(meat)', 'get(meat)', 'place-on(meat)']"
P02_112,other,270,272,"['get(meat)', 'place-on(meat)', 'get(meat)']"
P02_112,other,271,273,"['place-on(meat)', 'get(meat)', 'place-on(meat)']"
P02_112,other,272,274,"['get(meat)', 'place-on(meat)', 'get(meat)']"
P02_112,other,273,275,"['place-on(meat)', 'get(meat)', 'place-on(meat)']"
P02_112,other,274,276,"['get(meat)', 'place-on(meat)', 'get(meat)']"
P02_112,other,275,277,"['place-on(meat)', 'get(meat)', 'place-on(meat)']"
P02_112,other,276,278,"['get(meat)', 'place-on(meat)', 'get(meat)']"
P02_112,other,277,279,"['place-on(meat)', 'get(meat)', 'place-on(meat)']"
P02_112,other,278,280,"['get(meat)', 'place-on(meat)', 'get(meat)']"
P02_112,other,279,281,"['place-on(meat)', 'get(meat)', 'place-on(meat)']"
P02_112,other,280,282,"['get(meat)', 'place-on(meat)', 'get(meat)']"
P02_112,other,281,283,"['place-on(meat)', 'get(meat)', 'place-on(meat)']"
P02_112,other,282,284,"['get(meat)', 'place-on(meat)', 'get(meat)']"
P02_112,other,283,285,"['place-on(meat)', 'get(meat)', 'place-on(meat)']"
P02_112,other,285,287,"['place-on(meat)', 'place-on(meat)', 'get(meat)']"
P02_112,other,288,290,"['get(meat)', 'place-on(meat)', 'get(meat)']"
P02_112,other,289,291,"['place-on(meat)', 'get(meat)', 'place-on(meat)']"
P02_112,other,295,297,"['place-on(meat)', 'place-on(meat)', 'get(meat)']"
P02_112,other,300,302,"['place-on(meat)', 'place-on(meat)', 'get(meat)']"
P02_112,other,303,305,"['get(meat)', 'place-on(meat)', 'get(meat)']"
P02_112,other,304,306,"['place-on(meat)', 'get(meat)', 'place-on(meat)']"
P02_112,other,306,308,"['place-on(meat)', 'place-on(meat)', 'get(meat)']"
P02_112,other,307,309,"['place-on(meat)', 'get(meat)', 'place-on(meat)']"
P02_112,other,308,310,"['get(meat)', 'place-on(meat)', 'get(meat)']"
P02_112,other,309,311,"['place-on(meat)', 'get(meat)', 'place-on(meat)']"
P02_112,other,310,312,"['get(meat)', 'place-on(meat)', 'get(meat)']"
P02_112,other,311,313,"['place-on(meat)', 'get(meat)', 'place-on(meat)']"
P02_112,other,312,314,"['get(meat)', 'place-on(meat)', 'get(meat)']"
P02_113,object_transfer,11,13,"['put-on(nut:pine)', 'put-on(nut:pine)', 'put-on(nut:pine)']"
P02_113,object_transfer,12,14,"['put-on(nut:pine)', 'put-on(nut:pine)', 'put-on(nut:pine)']"
P02_113,object_transfer,13,15,"['put-on(nut:pine)', 'put-on(nut:pine)', 'put-on(nut:pine)']"
P02_113,object_transfer,14,16,"['put-on(nut:pine)', 'put-on(nut:pine)', 'pick-up(bag:pine:nut)']"
P02_113,object_transfer,19,21,"['put-on(nut:pine)', 'put-on(nut:pine)', 'put-on(nut:pine)']"
P02_113,object_transfer,20,22,"['put-on(nut:pine)', 'put-on(nut:pine)', 'put-on(nut:pine)']"
P02_113,object_transfer,21,23,"['put-on(nut:pine)', 'put-on(nut:pine)', 'pick-up(bag:pine:nut)']"
P02_113,object_transfer,26,28,"['put-on(nut:pine)', 'put-on(nut:pine)', 'put-on(nut:pine)']"
P02_113,object_transfer,27,29,"['put-on(nut:pine)', 'put-on(nut:pine)', 'put-on(nut:pine)']"
P02_113,object_transfer,28,30,"['put-on(nut:pine)', 'put-on(nut:pine)', 'put-on(nut:pine)']"
P02_113,object_transfer,29,31,"['put-on(nut:pine)', 'put-on(nut:pine)', 'pick-up(bag:pine:nut)']"
P02_113,object_transfer,34,36,"['put-on(nut:pine)', 'put-on(nut:pine)', 'put-on(nut:pine)']"
P02_113,object_transfer,35,37,"['put-on(nut:pine)', 'put-on(nut:pine)', 'pick-up(bag:pine:nut)']"
P02_113,object_transfer,40,42,"['put-on(nut:pine)', 'put-on(nut:pine)', 'put-on(nut:pine)']"
P02_113,object_transfer,41,43,"['put-on(nut:pine)', 'put-on(nut:pine)', 'pick-up(bag:pine:nut)']"
P02_113,washing,49,51,"['turn-on(tap)', 'rinse(pan)', 'turn-off(tap)']"
P02_113,washing,58,60,"['pick-up(liquid:washing)', 'put(liquid:washing)', 'put-down(liquid:washing)']"
P02_113,washing,62,64,"['turn-on(tap)', 'rinse(pan)', 'turn-off(tap)']"
P02_113,washing,66,68,"['turn-on(tap)', 'rinse(pan)', 'turn-off(tap)']"
P02_113,washing,67,69,"['rinse(pan)', 'turn-off(tap)', 'put-down(pan)']"
P02_113,washing,72,74,"['turn-on(tap)', 'rinse(bowl)', 'turn-off(tap)']"
P02_113,washing,88,90,"['turn-on(tap)', 'rinse(board:chopping)', 'turn-off(tap)']"
P02_113,washing,89,91,"['rinse(board:chopping)', 'turn-off(tap)', 'put-down(board:chopping)']"
P02_113,other,93,95,"['pick-up(mug)', 'turn-on(tap)', 'fill-with(mug)']"
P02_113,washing,109,111,"['turn-on(tap)', 'rinse(board:chopping)', 'turn-off(tap)']"
P02_113,washing,127,129,"['turn-on(tap)', 'rinse(board:chopping)', 'turn-off(tap)']"
P02_113,washing,128,130,"['rinse(board:chopping)', 'turn-off(tap)', 'put-down(board:chopping)']"
P02_113,washing,137,139,"['turn-on(tap)', 'rinse(sponge)', 'turn-off(tap)']"
P02_113,other,143,145,"['sponge(spoon)', 'pick-up(spoon)', 'sponge(spoon)']"
P02_113,washing,153,155,"['rinse(spoon)', 'turn-off(tap)', 'put-down(spoon)']"
P02_116,object_transfer,3,5,"['put-in(pie)', 'pick-up(pie)', 'put-in(pie)']"
P02_116,object_transfer,4,6,"['pick-up(pie)', 'put-in(pie)', 'pick-up(pie)']"
P02_116,object_transfer,5,7,"['put-in(pie)', 'pick-up(pie)', 'put-in(pie)']"
P02_116,object_transfer,6,8,"['pick-up(pie)', 'put-in(pie)', 'pick-up(pie)']"
P02_116,object_transfer,7,9,"['put-in(pie)', 'pick-up(pie)', 'put-in(pie)']"
P02_116,object_transfer,8,10,"['pick-up(pie)', 'put-in(pie)', 'pick-up(pie)']"
P02_116,object_transfer,9,11,"['put-in(pie)', 'pick-up(pie)', 'put-in(pie)']"
P02_116,object_transfer,10,12,"['pick-up(pie)', 'put-in(pie)', 'pick-up(pie)']"
P02_116,object_transfer,11,13,"['put-in(pie)', 'pick-up(pie)', 'put-in(pie)']"
P02_116,object_transfer,12,14,"['pick-up(pie)', 'put-in(pie)', 'pick-up(pie)']"
P02_116,object_transfer,13,15,"['put-in(pie)', 'pick-up(pie)', 'put-in(pie)']"
P02_116,object_transfer,14,16,"['pick-up(pie)', 'put-in(pie)', 'pick-up(pie)']"
P02_116,object_transfer,15,17,"['put-in(pie)', 'pick-up(pie)', 'put-in(pie)']"
P02_116,object_transfer,16,18,"['pick-up(pie)', 'put-in(pie)', 'pick-up(pie)']"
P02_116,object_transfer,17,19,"['put-in(pie)', 'pick-up(pie)', 'put-in(pie)']"
P02_116,object_transfer,18,20,"['pick-up(pie)', 'put-in(pie)', 'pick-up(pie)']"
P02_116,object_transfer,19,21,"['put-in(pie)', 'pick-up(pie)', 'put-in(pie)']"
P02_118,container_usage,3,5,"['open(drawer)', 'pick-up(knife)', 'close(drawer)']"
P02_118,washing,135,137,"['pick-up(sponge)', 'rinse(sponge)', 'turn-off(tap)']"
P02_118,washing,138,140,"['pick-up(liquid:washing)', 'pour-onto(liquid:washing)', 'put-down(liquid:washing)']"
P02_118,washing,142,144,"['turn-on(tap)', 'rinse(strainer)', 'turn-off(tap)']"
P02_118,washing,174,176,"['pick-up(sponge)', 'turn-on(tap)', 'rinse(sponge)']"
P02_118,washing,179,181,"['pick-up(liquid:washing)', 'pour-onto(liquid:washing)', 'put-down(liquid:washing)']"
P02_118,other,188,190,"['pick-up(plate)', 'pick-up(sponge)', 'sponge(plate)']"
P02_118,object_transfer,189,191,"['pick-up(sponge)', 'sponge(plate)', 'put-down(sponge)']"
P02_118,object_transfer,190,192,"['sponge(plate)', 'put-down(sponge)', 'turn-on(tap)']"
P02_118,washing,191,193,"['put-down(sponge)', 'turn-on(tap)', 'rinse(plate)']"
P02_118,washing,192,194,"['turn-on(tap)', 'rinse(plate)', 'turn-off(tap)']"
P02_118,washing,193,195,"['rinse(plate)', 'turn-off(tap)', 'put-down(plate)']"
P02_118,object_transfer,202,204,"['sponge(mug)', 'put-down(sponge)', 'turn-on(tap)']"
P02_118,washing,203,205,"['put-down(sponge)', 'turn-on(tap)', 'rinse(mug)']"
P02_118,washing,204,206,"['turn-on(tap)', 'rinse(mug)', 'turn-off(tap)']"
P02_118,washing,205,207,"['rinse(mug)', 'turn-off(tap)', 'put-down(mug)']"
P02_118,other,208,210,"['pick-up(mug)', 'turn-on(tap)', 'fill-with(mug)']"
P02_118,washing,213,215,"['pick-up(glass)', 'turn-on(tap)', 'rinse(glass)']"
P02_118,washing,218,220,"['put-down(sponge)', 'turn-on(tap)', 'rinse(glass)']"
P02_118,washing,219,221,"['turn-on(tap)', 'rinse(glass)', 'turn-off(tap)']"
P02_118,object_transfer,225,227,"['sponge(mug)', 'put-down(sponge)', 'turn-on(tap)']"
P02_118,washing,226,228,"['put-down(sponge)', 'turn-on(tap)', 'rinse(mug)']"
P02_118,washing,227,229,"['turn-on(tap)', 'rinse(mug)', 'turn-off(tap)']"
P02_118,washing,228,230,"['rinse(mug)', 'turn-off(tap)', 'put-down(mug)']"
P02_118,object_transfer,254,256,"['sponge(mug)', 'put-down(sponge)', 'turn-on(tap)']"
P02_118,washing,255,257,"['put-down(sponge)', 'turn-on(tap)', 'rinse(mug)']"
P02_118,washing,256,258,"['turn-on(tap)', 'rinse(mug)', 'turn-off(tap)']"
P02_118,washing,257,259,"['rinse(mug)', 'turn-off(tap)', 'put-down(mug)']"
P02_118,other,260,262,"['pick-up(glass)', 'turn-on(tap)', 'fill-with(glass)']"
P02_118,other,261,263,"['turn-on(tap)', 'fill-with(glass)', 'turn-off(tap)']"
P02_118,other,265,267,"['pick-up(glass)', 'turn-on(tap)', 'fill-with(glass)']"
P02_118,other,266,268,"['turn-on(tap)', 'fill-with(glass)', 'turn-off(tap)']"
P02_118,other,270,272,"['pick-up(mug)', 'turn-on(tap)', 'fill-with(mug)']"
P02_118,other,275,277,"['pick-up(mug)', 'turn-on(tap)', 'fill-with(mug)']"
P02_119,container_usage,1,3,"['open(cupboard)', 'pick-up(glass)', 'close(cupboard)']"
P02_119,object_transfer,2,4,"['pick-up(glass)', 'close(cupboard)', 'put-down(glass)']"
P02_119,container_usage,11,13,"['open(drawer)', 'pick-up(spoon)', 'close(drawer)']"
P02_121,container_usage,59,61,"['open(drawer)', 'pick-up(spoon)', 'close(drawer)']"
P02_122,container_usage,80,82,"['open(drawer)', 'pick-up(fork)', 'close(drawer)']"
P02_122,object_transfer,167,169,"['open(cupboard)', 'pick-up(plate)', 'put-down(plate)']"
P02_122,container_usage,210,212,"['open(drawer)', 'pick-up(fork)', 'close(drawer)']"
P02_123,container_usage,6,8,"['open(drawer)', 'pick-up(knife)', 'close(drawer)']"
P02_123,object_transfer,86,88,"['open(cupboard)', 'pick-up(glass)', 'put-down(glass)']"
P02_123,container_usage,99,101,"['open(drawer)', 'pick-up(spoon:wooden)', 'close(drawer)']"
P02_123,container_usage,150,152,"['open(drawer)', 'pick-up(knife)', 'close(drawer)']"
P02_123,washing,217,219,"['pick-up(liquid:washing)', 'pour-onto(liquid:washing)', 'put-down(liquid:washing)']"
P02_123,washing,241,243,"['turn-on(tap)', 'rinse(spoon:wooden)', 'turn-off(tap)']"
P02_123,washing,245,247,"['turn-on(tap)', 'rinse(fork)', 'turn-off(tap)']"
P02_123,other,249,251,"['pick-up(plate)', 'pick-up(sponge)', 'sponge(plate)']"
P02_123,object_transfer,250,252,"['pick-up(sponge)', 'sponge(plate)', 'put-down(sponge)']"
P02_123,object_transfer,251,253,"['sponge(plate)', 'put-down(sponge)', 'turn-on(tap)']"
P02_123,washing,252,254,"['put-down(sponge)', 'turn-on(tap)', 'rinse(plate)']"
P02_123,washing,253,255,"['turn-on(tap)', 'rinse(plate)', 'turn-off(tap)']"
P02_123,washing,258,260,"['pick-up(liquid:washing)', 'pour-onto(liquid:washing)', 'put-down(liquid:washing)']"
P02_123,object_transfer,262,264,"['sponge(plate)', 'put-down(sponge)', 'turn-on(tap)']"
P02_123,washing,263,265,"['put-down(sponge)', 'turn-on(tap)', 'rinse(plate)']"
P02_123,washing,264,266,"['turn-on(tap)', 'rinse(plate)', 'turn-off(tap)']"
P02_123,washing,273,275,"['turn-on(tap)', 'rinse(glass)', 'turn-off(tap)']"
P02_123,washing,279,281,"['turn-on(tap)', 'rinse(glass)', 'turn-off(tap)']"
P02_123,washing,285,287,"['turn-on(tap)', 'rinse(mug)', 'turn-off(tap)']"
P02_123,other,297,299,"['pick-up(plate)', 'pick-up(sponge)', 'sponge(plate)']"
P02_123,washing,299,301,"['sponge(plate)', 'turn-on(tap)', 'rinse(plate)']"
P02_123,washing,300,302,"['turn-on(tap)', 'rinse(plate)', 'turn-off(tap)']"
P02_123,washing,301,303,"['rinse(plate)', 'turn-off(tap)', 'put-in(plate)']"
P02_123,washing,306,308,"['turn-on(tap)', 'rinse(pan)', 'turn-off(tap)']"
P02_123,other,308,310,"['turn-off(tap)', 'turn-on(tap)', 'turn-off(tap)']"
P02_123,washing,312,314,"['pick-up(liquid:washing)', 'pour-onto(liquid:washing)', 'put-down(liquid:washing)']"
P02_123,washing,318,320,"['turn-on(tap)', 'rinse(pan)', 'turn-off(tap)']"
P02_123,washing,321,323,"['turn-on(tap)', 'rinse(pan)', 'turn-off(tap)']"
P02_123,washing,329,331,"['turn-on(tap)', 'rinse(bowl)', 'turn-off(tap)']"
P02_123,washing,333,335,"['pick-up(liquid:washing)', 'pour-onto(liquid:washing)', 'put-down(liquid:washing)']"
P02_123,washing,343,345,"['sponge(plate)', 'turn-on(tap)', 'rinse(plate)']"
P02_123,washing,344,346,"['turn-on(tap)', 'rinse(plate)', 'turn-off(tap)']"
P02_123,washing,345,347,"['rinse(plate)', 'turn-off(tap)', 'put-in(plate)']"
P02_123,washing,348,350,"['pick-up(liquid:washing)', 'pour-onto(liquid:washing)', 'put-down(liquid:washing)']"
P02_123,washing,354,356,"['turn-on(tap)', 'rinse(mug)', 'turn-off(tap)']"
P02_123,washing,355,357,"['rinse(mug)', 'turn-off(tap)', 'put-down(mug)']"
P02_123,washing,369,371,"['turn-on(tap)', 'rinse(spoon:wooden)', 'turn-off(tap)']"
P02_123,washing,381,383,"['pick-up(liquid:washing)', 'pour-onto(liquid:washing)', 'put-down(liquid:washing)']"
P02_123,washing,421,423,"['turn-on(tap)', 'rinse(glass)', 'turn-off(tap)']"
P02_123,other,441,443,"['turn-on(tap)', 'fill(glass)', 'turn-off(tap)']"
P02_123,washing,466,468,"['turn-on(tap)', 'rinse(board:chopping)', 'turn-off(tap)']"
P02_123,washing,467,469,"['rinse(board:chopping)', 'turn-off(tap)', 'put-down(board:chopping)']"
P02_126,container_usage,42,44,"['open(drawer)', 'pick-up(spoon)', 'close(drawer)']"
P02_128,other,17,19,"['turn-on(tap)', 'pour-into(water)', 'turn-off(tap)']"
P02_128,container_usage,54,56,"['open(drawer)', 'pick-up(spoon)', 'close(drawer)']"
P02_129,other,4,6,"['pick-up(kettle)', 'open(kettle)', 'turn-on(tap)']"
P02_129,object_transfer,8,10,"['turn-off(tap)', 'close(kettle)', 'put-down(kettle)']"
P02_129,object_transfer,9,11,"['close(kettle)', 'put-down(kettle)', 'turn-on(kettle)']"
P02_129,cutting,75,77,"['cut-in(tomato:cherry)', 'cut-in(tomato:cherry)', 'cut-in(tomato:cherry)']"
P02_129,cutting,76,78,"['cut-in(tomato:cherry)', 'cut-in(tomato:cherry)', 'cut-in(tomato:cherry)']"
P02_129,cutting,77,79,"['cut-in(tomato:cherry)', 'cut-in(tomato:cherry)', 'cut-in(tomato:cherry)']"
P02_129,cutting,78,80,"['cut-in(tomato:cherry)', 'cut-in(tomato:cherry)', 'cut-in(tomato:cherry)']"
P02_129,cutting,79,81,"['cut-in(tomato:cherry)', 'cut-in(tomato:cherry)', 'cut-in(tomato:cherry)']"
P02_129,washing,167,169,"['turn-on(tap)', 'rinse(hand)', 'turn-off(tap)']"
P02_129,washing,168,170,"['rinse(hand)', 'turn-off(tap)', 'dry(hand)']"
P02_129,stirring,171,173,"['pick-up(spoon)', 'stir(sauce)', 'put-down(spoon)']"
P02_129,stirring,199,201,"['pick-up(spoon)', 'stir(sauce)', 'put-down(spoon)']"
P02_129,washing,210,212,"['pick-up(sponge)', 'turn-on(tap)', 'rinse(sponge)']"
P02_129,washing,211,213,"['turn-on(tap)', 'rinse(sponge)', 'turn-off(tap)']"
P02_129,object_transfer,219,221,"['sponge(spoon)', 'put-down(sponge)', 'turn-on(tap)']"
P02_129,washing,220,222,"['put-down(sponge)', 'turn-on(tap)', 'rinse(spoon)']"
P02_129,washing,221,223,"['turn-on(tap)', 'rinse(spoon)', 'turn-off(tap)']"
P02_129,washing,222,224,"['rinse(spoon)', 'turn-off(tap)', 'put-down(spoon)']"
P02_129,other,225,227,"['pick-up(plate)', 'pick-up(sponge)', 'sponge(plate)']"
P02_129,object_transfer,226,228,"['pick-up(sponge)', 'sponge(plate)', 'put-down(sponge)']"
P02_129,object_transfer,227,229,"['sponge(plate)', 'put-down(sponge)', 'turn-on(tap)']"
P02_129,washing,228,230,"['put-down(sponge)', 'turn-on(tap)', 'rinse(plate)']"
P02_129,washing,229,231,"['turn-on(tap)', 'rinse(plate)', 'turn-off(tap)']"
P02_129,washing,230,232,"['rinse(plate)', 'turn-off(tap)', 'put-in(plate)']"
P02_129,washing,236,238,"['put-down(sponge)', 'turn-on(tap)', 'rinse(board:chopping)']"
P02_129,washing,237,239,"['turn-on(tap)', 'rinse(board:chopping)', 'turn-off(tap)']"
P02_129,washing,238,240,"['rinse(board:chopping)', 'turn-off(tap)', 'put-in(board:chopping)']"
P02_129,other,254,256,"['pick-up(knife)', 'sponge(knife)', 'pick-up(knife)']"
P02_129,other,255,257,"['sponge(knife)', 'pick-up(knife)', 'sponge(knife)']"
P02_129,other,256,258,"['pick-up(knife)', 'sponge(knife)', 'pick-up(knife)']"
P02_129,other,257,259,"['sponge(knife)', 'pick-up(knife)', 'sponge(knife)']"
P02_129,other,258,260,"['pick-up(knife)', 'sponge(knife)', 'pick-up(knife)']"
P02_129,other,259,261,"['sponge(knife)', 'pick-up(knife)', 'sponge(knife)']"
P02_129,other,260,262,"['pick-up(knife)', 'sponge(knife)', 'pick-up(knife)']"
P02_129,other,261,263,"['sponge(knife)', 'pick-up(knife)', 'sponge(knife)']"
P02_129,other,262,264,"['pick-up(knife)', 'sponge(knife)', 'pick-up(knife)']"
P02_129,other,263,265,"['sponge(knife)', 'pick-up(knife)', 'sponge(knife)']"
P02_129,washing,266,268,"['put-down(sponge)', 'turn-on(tap)', 'rinse(knife)']"
P02_129,washing,267,269,"['turn-on(tap)', 'rinse(knife)', 'turn-off(tap)']"
P02_129,other,281,283,"['sponge(spoon)', 'pick-up(spoon)', 'sponge(spoon)']"
P02_129,washing,307,309,"['put-down(sponge)', 'turn-on(tap)', 'rinse(board:chopping)']"
P02_129,washing,308,310,"['turn-on(tap)', 'rinse(board:chopping)', 'turn-off(tap)']"
P02_129,washing,309,311,"['rinse(board:chopping)', 'turn-off(tap)', 'put-in(board:chopping)']"
P02_129,object_transfer,318,320,"['sponge(spoon)', 'put-down(sponge)', 'turn-on(tap)']"
P02_129,washing,319,321,"['put-down(sponge)', 'turn-on(tap)', 'rinse(spoon)']"
P02_129,other,333,335,"['sponge(spoon)', 'pick-up(spoon)', 'sponge(spoon)']"
P02_129,other,335,337,"['sponge(spoon)', 'pick-up(spoon)', 'sponge(spoon)']"
P02_129,object_transfer,337,339,"['sponge(spoon)', 'put-down(sponge)', 'turn-on(tap)']"
P02_129,washing,338,340,"['put-down(sponge)', 'turn-on(tap)', 'rinse(spoon)']"
P02_129,washing,339,341,"['turn-on(tap)', 'rinse(spoon)', 'turn-off(tap)']"
P02_129,stirring,345,347,"['pick-up(spoon)', 'stir(sauce)', 'put-down(spoon)']"
P02_129,stirring,380,382,"['pick-up(spoon)', 'stir(sauce)', 'put-down(spoon)']"
P02_129,stirring,446,448,"['pick-up(spoon)', 'stir(sauce)', 'put-down(spoon)']"
P02_129,object_transfer,458,460,"['open(cupboard)', 'pick-up(plate)', 'put-down(plate)']"
P02_130,washing,12,14,"['put-down(sponge)', 'turn-on(tap)', 'rinse(pan)']"
P02_130,container_usage,32,34,"['open(cupboard)', 'pick-up(glass)', 'close(cupboard)']"
P02_130,object_transfer,33,35,"['pick-up(glass)', 'close(cupboard)', 'put-down(glass)']"
P02_130,container_usage,36,38,"['open(drawer)', 'pick-up(spoon)', 'close(drawer)']"
P02_130,container_usage,162,164,"['open(drawer)', 'pick-up(knife)', 'close(drawer)']"
P02_130,container_usage,181,183,"['open(drawer)', 'pick-up(spoon:wooden)', 'close(drawer)']"
P02_130,washing,284,286,"['turn-on(tap)', 'rinse(hand)', 'turn-off(tap)']"
P02_131,washing,4,6,"['wash(hand)', 'rinse(hand)', 'turn-off(tap)']"
P02_131,washing,5,7,"['rinse(hand)', 'turn-off(tap)', 'shake(hand)']"
P02_131,other,6,8,"['turn-off(tap)', 'shake(hand)', 'dry(hand)']"
P02_131,washing,53,55,"['wash(hand)', 'rinse(hand)', 'turn-off(tap)']"
P02_131,washing,59,61,"['put-down(sponge)', 'turn-on(tap)', 'rinse(board:chopping)']"
P02_131,washing,60,62,"['turn-on(tap)', 'rinse(board:chopping)', 'turn-off(tap)']"
P02_131,washing,61,63,"['rinse(board:chopping)', 'turn-off(tap)', 'put-in(board:chopping)']"
P02_131,washing,96,98,"['put-down(sponge)', 'turn-on(tap)', 'rinse(pan)']"
P02_131,washing,97,99,"['turn-on(tap)', 'rinse(pan)', 'turn-off(tap)']"
P02_131,object_transfer,103,105,"['sponge(mug)', 'put-down(sponge)', 'turn-on(tap)']"
P02_131,washing,104,106,"['put-down(sponge)', 'turn-on(tap)', 'rinse(mug)']"
P02_131,washing,105,107,"['turn-on(tap)', 'rinse(mug)', 'turn-off(tap)']"
P02_131,object_transfer,113,115,"['sponge(mug)', 'put-down(sponge)', 'turn-on(tap)']"
P02_131,washing,114,116,"['put-down(sponge)', 'turn-on(tap)', 'rinse(mug)']"
P02_131,washing,115,117,"['turn-on(tap)', 'rinse(mug)', 'turn-off(tap)']"
P02_131,other,120,122,"['sponge(spoon)', 'pick-up(spoon)', 'sponge(spoon)']"
P02_131,other,122,124,"['sponge(spoon)', 'pick-up(spoon)', 'sponge(spoon)']"
P02_131,object_transfer,124,126,"['sponge(spoon)', 'put-down(sponge)', 'turn-on(tap)']"
P02_131,washing,125,127,"['put-down(sponge)', 'turn-on(tap)', 'rinse(spoon)']"
P02_131,washing,134,136,"['pick-up(plate)', 'turn-on(tap)', 'rinse(plate)']"
P02_131,washing,135,137,"['turn-on(tap)', 'rinse(plate)', 'turn-off(tap)']"
P02_131,object_transfer,138,140,"['pick-up(sponge)', 'sponge(plate)', 'put-down(sponge)']"
P02_131,object_transfer,139,141,"['sponge(plate)', 'put-down(sponge)', 'turn-on(tap)']"
P02_131,washing,140,142,"['put-down(sponge)', 'turn-on(tap)', 'rinse(plate)']"
P02_131,object_transfer,143,145,"['pick-up(sponge)', 'sponge(plate)', 'put-down(sponge)']"
P02_131,washing,146,148,"['rinse(plate)', 'turn-off(tap)', 'put-in(plate)']"
P02_131,washing,187,189,"['turn-on(tap)', 'rinse(bowl)', 'turn-off(tap)']"
P02_131,washing,220,222,"['turn-on(tap)', 'rinse(spoon:wooden)', 'turn-off(tap)']"
P02_131,washing,228,230,"['turn-on(tap)', 'rinse(fork)', 'turn-off(tap)']"
P02_131,other,232,234,"['pick-up(plate)', 'pick-up(sponge)', 'sponge(plate)']"
P02_131,object_transfer,233,235,"['pick-up(sponge)', 'sponge(plate)', 'put-down(sponge)']"
P02_131,object_transfer,234,236,"['sponge(plate)', 'put-down(sponge)', 'turn-on(tap)']"
P02_131,washing,235,237,"['put-down(sponge)', 'turn-on(tap)', 'rinse(plate)']"
P02_131,washing,236,238,"['turn-on(tap)', 'rinse(plate)', 'turn-off(tap)']"
P02_131,washing,237,239,"['rinse(plate)', 'turn-off(tap)', 'put-in(plate)']"
P02_131,washing,242,244,"['put-down(sponge)', 'turn-on(tap)', 'rinse(glass)']"
P02_131,washing,243,245,"['turn-on(tap)', 'rinse(glass)', 'turn-off(tap)']"
P02_131,other,255,257,"['sponge(knife)', 'pick-up(knife)', 'sponge(knife)']"
P02_131,washing,258,260,"['put-down(sponge)', 'turn-on(tap)', 'rinse(knife)']"
P02_131,washing,259,261,"['turn-on(tap)', 'rinse(knife)', 'turn-off(tap)']"
P02_132,object_transfer,8,10,"['pick-up(pie)', 'put-in(pie)', 'pick-up(pie)']"
P02_132,object_transfer,9,11,"['put-in(pie)', 'pick-up(pie)', 'put-in(pie)']"
P02_132,cutting,41,43,"['cut(piece:chocolate)', 'cut(piece:chocolate)', 'cut(piece:chocolate)']"
P02_132,cutting,42,44,"['cut(piece:chocolate)', 'cut(piece:chocolate)', 'cut(piece:chocolate)']"
P02_132,cutting,43,45,"['cut(piece:chocolate)', 'cut(piece:chocolate)', 'cut(piece:chocolate)']"
P02_132,cutting,44,46,"['cut(piece:chocolate)', 'cut(piece:chocolate)', 'cut(piece:chocolate)']"
P02_132,cutting,45,47,"['cut(piece:chocolate)', 'cut(piece:chocolate)', 'cut(piece:chocolate)']"
P02_132,cutting,46,48,"['cut(piece:chocolate)', 'cut(piece:chocolate)', 'cut(piece:chocolate)']"
P02_132,cutting,50,52,"['cut(piece:chocolate)', 'cut(piece:chocolate)', 'cut(piece:chocolate)']"
P02_132,cutting,51,53,"['cut(piece:chocolate)', 'cut(piece:chocolate)', 'cut(piece:chocolate)']"
P02_133,container_usage,3,5,"['open(cupboard)', 'pick-up(plate)', 'close(cupboard)']"
P02_133,object_transfer,4,6,"['pick-up(plate)', 'close(cupboard)', 'put-down(plate)']"
P02_133,container_usage,10,12,"['open(drawer)', 'pick-up(spoon)', 'close(drawer)']"
P02_135,container_usage,61,63,"['open(drawer)', 'pick-up(knife)', 'close(drawer)']"
P03_02,container_usage,53,55,"['close(bottle)', 'shake(bottle)', 'open(bottle)']"
P03_02,container_usage,75,77,"['close(bottle)', 'shake(bottle)', 'open(bottle)']"
P03_04,container_usage,46,48,"['open(drawer)', 'take(knife)', 'close(drawer)']"
P03_04,washing,125,127,"['wash(hand)', 'turn-off(tap)', 'dry(hand)']"
P03_05,other,3,5,"['fill(kettle)', 'turn-off(tap)', 'close(kettle)']"
P03_06,container_usage,6,8,"['open(cupboard)', 'pick-up(plate)', 'close(cupboard)']"
P03_06,container_usage,12,14,"['open(drawer)', 'pick-up(spoon)', 'close(drawer)']"
P03_09,container_usage,5,7,"['close(bottle)', 'shake(bottle)', 'open(bottle)']"
P03_09,container_usage,12,14,"['close(bottle)', 'open(fridge)', 'put-in(bottle)']"
P03_09,container_usage,35,37,"['close(bottle)', 'open(fridge)', 'put-in(bottle)']"
P03_101,washing,106,108,"['pick-up(knife)', 'wash(knife)', 'put-in(knife)']"
P03_101,washing,118,120,"['pick-up(knife)', 'wash(knife)', 'put-in(knife)']"
P03_101,washing,135,137,"['pick-up(fork)', 'wash(fork)', 'put-in(fork)']"
P03_101,washing,211,213,"['turn-on(tap)', 'wash(hand)', 'turn-off(tap)']"
P03_101,washing,212,214,"['wash(hand)', 'turn-off(tap)', 'dry(hand)']"
P03_102,container_usage,72,74,"['open(drawer)', 'pick-up(knife)', 'close(drawer)']"
P03_106,object_transfer,9,11,"['open(cupboard)', 'pick-up(bowl)', 'put-down(bowl)']"
P03_107,container_usage,5,7,"['close(bottle)', 'open(fridge)', 'put-in(bottle)']"
P03_108,other,14,16,"['pick-up(glass)', 'turn-on(tap)', 'fill-with(glass)']"
P03_108,other,15,17,"['turn-on(tap)', 'fill-with(glass)', 'turn-off(tap)']"
P03_109,washing,59,61,"['pick-up(plate)', 'wash(plate)', 'put-in(plate)']"
P03_109,washing,224,226,"['pick-up(fork)', 'wash(fork)', 'put-in(fork)']"
P03_109,washing,227,229,"['pick-up(knife)', 'wash(knife)', 'put-in(knife)']"
P03_109,washing,230,232,"['pick-up(fork)', 'wash(fork)', 'put-in(fork)']"
P03_109,washing,233,235,"['pick-up(knife)', 'wash(knife)', 'put-in(knife)']"
P03_112,other,5,7,"['turn-on(tap)', 'fill(kettle)', 'turn-off(tap)']"
P03_112,washing,139,141,"['wash(hand)', 'turn-off(tap)', 'shake(hand)']"
P03_112,other,140,142,"['turn-off(tap)', 'shake(hand)', 'dry(hand)']"
P03_115,other,10,12,"['pick-up(glass)', 'turn-on(tap)', 'fill-with(glass)']"
P03_115,other,11,13,"['turn-on(tap)', 'fill-with(glass)', 'turn-off(tap)']"
P03_116,other,26,28,"['pick-up(glass)', 'turn-on(tap)', 'fill-with(glass)']"
P03_116,other,27,29,"['turn-on(tap)', 'fill-with(glass)', 'turn-off(tap)']"
P03_117,washing,125,127,"['pick-up(knife)', 'wash(knife)', 'put-in(knife)']"
P03_117,washing,128,130,"['pick-up(fork)', 'wash(fork)', 'put-in(fork)']"
P03_117,washing,135,137,"['pick-up(fork)', 'wash(fork)', 'put-in(fork)']"
P03_117,washing,255,257,"['turn-on(tap)', 'wash(hand)', 'turn-off(tap)']"
P03_117,washing,256,258,"['wash(hand)', 'turn-off(tap)', 'dry(hand)']"
P03_119,washing,53,55,"['pick-up(plate)', 'wash(plate)', 'put-in(plate)']"
P03_119,washing,54,56,"['wash(plate)', 'put-in(plate)', 'pick-up(plate)']"
P03_119,washing,56,58,"['pick-up(plate)', 'wash(plate)', 'put-in(plate)']"
P03_119,washing,57,59,"['wash(plate)', 'put-in(plate)', 'pick-up(plate)']"
P03_119,washing,59,61,"['pick-up(plate)', 'wash(plate)', 'put-in(plate)']"
P03_119,washing,60,62,"['wash(plate)', 'put-in(plate)', 'pick-up(plate)']"
P03_119,washing,62,64,"['pick-up(plate)', 'wash(plate)', 'put-in(plate)']"
P03_119,washing,63,65,"['wash(plate)', 'put-in(plate)', 'pick-up(plate)']"
P03_119,washing,70,72,"['wash(plate)', 'put-in(plate)', 'pick-up(plate)']"
P03_119,washing,72,74,"['pick-up(plate)', 'wash(plate)', 'put-in(plate)']"
P03_120,washing,105,107,"['wash(hand)', 'turn-off(tap)', 'dry(hand)']"
P03_120,container_usage,190,192,"['open(drawer)', 'close(drawer)', 'open(drawer)']"
P03_120,container_usage,191,193,"['close(drawer)', 'open(drawer)', 'close(drawer)']"
P03_120,container_usage,192,194,"['open(drawer)', 'close(drawer)', 'open(drawer)']"
P03_120,container_usage,193,195,"['close(drawer)', 'open(drawer)', 'close(drawer)']"
P03_120,object_transfer,202,204,"['put-down(eggshell)', 'pick-up(egg)', 'tap(egg)']"
P03_120,washing,212,214,"['turn-on(tap)', 'wash(hand)', 'turn-off(tap)']"
P03_120,washing,213,215,"['wash(hand)', 'turn-off(tap)', 'dry(hand)']"
P03_120,washing,240,242,"['put-down(spoon)', 'turn-on(tap)', 'wash(hand)']"
P03_120,washing,241,243,"['turn-on(tap)', 'wash(hand)', 'turn-off(tap)']"
P03_120,washing,242,244,"['wash(hand)', 'turn-off(tap)', 'dry(hand)']"
P03_123,container_usage,6,8,"['open(drawer)', 'close(drawer)', 'open(drawer)']"
P03_16,washing,22,24,"['turn-on(tap)', 'wash(hand)', 'turn-off(tap)']"
P03_16,washing,23,25,"['wash(hand)', 'turn-off(tap)', 'dry(hand)']"
P03_18,washing,4,6,"['turn-on(tap)', 'wash(hand)', 'turn-off(tap)']"
P03_18,washing,5,7,"['wash(hand)', 'turn-off(tap)', 'dry(hand)']"
P03_19,washing,163,165,"['turn-on(tap)', 'rinse(hand)', 'turn-off(tap)']"
P03_19,washing,164,166,"['rinse(hand)', 'turn-off(tap)', 'dry(hand)']"
P03_27,washing,16,18,"['turn-on(tap)', 'wash(hand)', 'turn-off(tap)']"
P03_27,other,19,21,"['turn-on(tap)', 'fill(glass)', 'turn-off(tap)']"
P03_27,washing,22,24,"['wash(hand)', 'turn-off(tap)', 'shake(hand)']"
P03_27,other,23,25,"['turn-off(tap)', 'shake(hand)', 'dry(hand)']"
P03_28,container_usage,3,5,"['close(bottle)', 'shake(bottle)', 'open(bottle)']"
P03_28,container_usage,17,19,"['close(bottle)', 'shake(bottle)', 'open(bottle)']"
P03_28,other,31,33,"['turn-off(tap)', 'turn-on(tap)', 'turn-off(tap)']"
P04_01,object_transfer,125,127,"['pour(oil)', 'close(oil)', 'put-down(oil)']"
P04_01,container_usage,185,187,"['open(drawer)', 'pick-up(spoon)', 'close(drawer)']"
P04_02,other,9,11,"['flip(patty:tuna)', 'flip(patty:tuna)', 'flip(patty:tuna)']"
P04_02,other,10,12,"['flip(patty:tuna)', 'flip(patty:tuna)', 'flip(patty:tuna)']"
P04_02,other,11,13,"['flip(patty:tuna)', 'flip(patty:tuna)', 'flip(patty:tuna)']"
P04_02,other,12,14,"['flip(patty:tuna)', 'flip(patty:tuna)', 'flip(patty:tuna)']"
P04_02,other,13,15,"['flip(patty:tuna)', 'flip(patty:tuna)', 'flip(patty:tuna)']"
P04_02,other,150,152,"['flip(burger:tuna)', 'flip(burger:tuna)', 'flip(burger:tuna)']"
P04_02,other,151,153,"['flip(burger:tuna)', 'flip(burger:tuna)', 'flip(burger:tuna)']"
P04_02,other,152,154,"['flip(burger:tuna)', 'flip(burger:tuna)', 'flip(burger:tuna)']"
P04_02,other,153,155,"['flip(burger:tuna)', 'flip(burger:tuna)', 'flip(burger:tuna)']"
P04_02,other,154,156,"['flip(burger:tuna)', 'flip(burger:tuna)', 'flip(burger:tuna)']"
P04_02,object_transfer,158,160,"['open(cupboard)', 'pick-up(bowl)', 'put-down(bowl)']"
P04_02,container_usage,305,307,"['open(drawer)', 'close(drawer)', 'open(drawer)']"
P04_03,other,8,10,"['flip(burger:tuna)', 'flip(burger:tuna)', 'flip(burger:tuna)']"
P04_03,other,9,11,"['flip(burger:tuna)', 'flip(burger:tuna)', 'flip(burger:tuna)']"
P04_03,washing,41,43,"['wash(hand)', 'turn-off(tap)', 'dry(hand)']"
P04_03,object_transfer,68,70,"['open(cupboard)', 'pick-up(bowl)', 'put-down(bowl)']"
P04_03,object_transfer,119,121,"['put-on(tray:baking)', 'pick-up(omelette)', 'put-on(tray:baking)']"
P04_03,object_transfer,120,122,"['pick-up(omelette)', 'put-on(tray:baking)', 'pick-up(omelette)']"
P04_03,object_transfer,121,123,"['put-on(tray:baking)', 'pick-up(omelette)', 'put-on(tray:baking)']"
P04_03,object_transfer,122,124,"['pick-up(omelette)', 'put-on(tray:baking)', 'pick-up(omelette)']"
P04_03,object_transfer,123,125,"['put-on(tray:baking)', 'pick-up(omelette)', 'put-on(tray:baking)']"
P04_03,object_transfer,124,126,"['pick-up(omelette)', 'put-on(tray:baking)', 'pick-up(omelette)']"
P04_03,object_transfer,125,127,"['put-on(tray:baking)', 'pick-up(omelette)', 'put-on(tray:baking)']"
P04_03,object_transfer,126,128,"['pick-up(omelette)', 'put-on(tray:baking)', 'pick-up(omelette)']"
P04_03,object_transfer,127,129,"['put-on(tray:baking)', 'pick-up(omelette)', 'put-on(tray:baking)']"
P04_03,object_transfer,128,130,"['pick-up(omelette)', 'put-on(tray:baking)', 'pick-up(omelette)']"
P04_03,object_transfer,129,131,"['put-on(tray:baking)', 'pick-up(omelette)', 'put-on(tray:baking)']"
P04_03,container_usage,137,139,"['open(drawer)', 'close(drawer)', 'open(drawer)']"
P04_03,container_usage,138,140,"['close(drawer)', 'open(drawer)', 'close(drawer)']"
P04_04,object_transfer,128,130,"['open(cupboard)', 'pick-up(plate)', 'put-down(plate)']"
P04_05,container_usage,108,110,"['open(drawer)', 'close(drawer)', 'open(drawer)']"
P04_101,container_usage,3,5,"['open(drawer)', 'pick-up(spoon)', 'close(drawer)']"
P04_101,other,29,31,"['press(button)', 'press(button)', 'press(button)']"
P04_101,container_usage,53,55,"['open(drawer)', 'pick-up(spoon)', 'close(drawer)']"
P04_101,other,126,128,"['pick-up(kettle)', 'open(kettle)', 'turn-on(tap)']"
P04_101,container_usage,200,202,"['open(drawer)', 'close(drawer)', 'open(drawer)']"
P04_101,container_usage,201,203,"['close(drawer)', 'open(drawer)', 'close(drawer)']"
P04_103,container_usage,0,2,"['open(cupboard)', 'close(cupboard)', 'open(cupboard)']"
P04_103,other,19,21,"['press(button)', 'press(button)', 'press(button)']"
P04_103,other,20,22,"['press(button)', 'press(button)', 'press(button)']"
P04_103,other,21,23,"['press(button)', 'press(button)', 'press(button)']"
P04_103,other,22,24,"['press(button)', 'press(button)', 'press(button)']"
P04_103,other,23,25,"['press(button)', 'press(button)', 'press(button)']"
P04_103,other,24,26,"['press(button)', 'press(button)', 'press(button)']"
P04_103,other,25,27,"['press(button)', 'press(button)', 'press(button)']"
P04_103,other,26,28,"['press(button)', 'press(button)', 'press(button)']"
P04_103,other,27,29,"['press(button)', 'press(button)', 'press(button)']"
P04_103,other,28,30,"['press(button)', 'press(button)', 'press(button)']"
P04_103,other,29,31,"['press(button)', 'press(button)', 'press(button)']"
P04_103,other,30,32,"['press(button)', 'press(button)', 'press(button)']"
P04_103,other,31,33,"['press(button)', 'press(button)', 'press(button)']"
P04_103,other,32,34,"['press(button)', 'press(button)', 'press(button)']"
P04_103,other,33,35,"['press(button)', 'press(button)', 'press(button)']"
P04_103,other,34,36,"['press(button)', 'press(button)', 'press(button)']"
P04_103,other,35,37,"['press(button)', 'press(button)', 'press(button)']"
P04_103,other,36,38,"['press(button)', 'press(button)', 'press(button)']"
P04_104,container_usage,0,2,"['open(drawer)', 'pick-up(spoon)', 'close(drawer)']"
P04_104,container_usage,33,35,"['open(drawer)', 'pick-up(spoon)', 'close(drawer)']"
P04_104,other,97,99,"['press(button)', 'press(button)', 'press(button)']"
P04_104,other,173,175,"['turn-off(tap)', 'pour-into(water)', 'turn-on(tap)']"
P04_104,container_usage,198,200,"['open(drawer)', 'pick-up(knife)', 'close(drawer)']"
P04_104,other,211,213,"['press(button)', 'press(button)', 'press(button)']"
P04_104,other,212,214,"['press(button)', 'press(button)', 'press(button)']"
P04_104,other,213,215,"['press(button)', 'press(button)', 'press(button)']"
P04_106,other,19,21,"['fold(dough)', 'stretch(dough)', 'fold(dough)']"
P04_106,other,20,22,"['stretch(dough)', 'fold(dough)', 'stretch(dough)']"
P04_106,other,21,23,"['fold(dough)', 'stretch(dough)', 'fold(dough)']"
P04_106,other,22,24,"['stretch(dough)', 'fold(dough)', 'stretch(dough)']"
P04_106,other,23,25,"['fold(dough)', 'stretch(dough)', 'fold(dough)']"
P04_106,other,24,26,"['stretch(dough)', 'fold(dough)', 'stretch(dough)']"
P04_106,other,25,27,"['fold(dough)', 'stretch(dough)', 'fold(dough)']"
P04_106,other,26,28,"['stretch(dough)', 'fold(dough)', 'stretch(dough)']"
P04_106,other,27,29,"['fold(dough)', 'stretch(dough)', 'fold(dough)']"
P04_106,other,28,30,"['stretch(dough)', 'fold(dough)', 'stretch(dough)']"
P04_106,other,29,31,"['fold(dough)', 'stretch(dough)', 'fold(dough)']"
P04_106,other,30,32,"['stretch(dough)', 'fold(dough)', 'stretch(dough)']"
P04_106,other,31,33,"['fold(dough)', 'stretch(dough)', 'fold(dough)']"
P04_106,other,32,34,"['stretch(dough)', 'fold(dough)', 'stretch(dough)']"
P04_106,other,33,35,"['fold(dough)', 'stretch(dough)', 'fold(dough)']"
P04_106,other,34,36,"['stretch(dough)', 'fold(dough)', 'stretch(dough)']"
P04_106,other,35,37,"['fold(dough)', 'stretch(dough)', 'fold(dough)']"
P04_106,other,36,38,"['stretch(dough)', 'fold(dough)', 'stretch(dough)']"
P04_106,other,37,39,"['fold(dough)', 'stretch(dough)', 'fold(dough)']"
P04_106,container_usage,74,76,"['open(drawer)', 'pick-up(teaspoon)', 'close(drawer)']"
P04_107,container_usage,43,45,"['open(cupboard)', 'close(cupboard)', 'open(cupboard)']"
P04_107,cutting,70,72,"['cut(paper:greaseproof)', 'cut(paper:greaseproof)', 'cut(paper:greaseproof)']"
P04_107,cutting,71,73,"['cut(paper:greaseproof)', 'cut(paper:greaseproof)', 'cut(paper:greaseproof)']"
P04_107,cutting,88,90,"['cut(paper:greaseproof)', 'cut(paper:greaseproof)', 'cut(paper:greaseproof)']"
P04_107,cutting,89,91,"['cut(paper:greaseproof)', 'cut(paper:greaseproof)', 'cut(paper:greaseproof)']"
P04_107,cutting,93,95,"['cut(paper:greaseproof)', 'cut(paper:greaseproof)', 'cut(paper:greaseproof)']"
P04_107,cutting,94,96,"['cut(paper:greaseproof)', 'cut(paper:greaseproof)', 'cut(paper:greaseproof)']"
P04_107,other,231,233,"['roll-out(dough)', 'flip-over(dough)', 'roll-out(dough)']"
P04_107,other,273,275,"['roll-out(dough)', 'flip-over(dough)', 'roll-out(dough)']"
P04_107,other,326,328,"['roll-out(dough)', 'turn-over(dough)', 'roll-out(dough)']"
P04_107,other,328,330,"['roll-out(dough)', 'turn-over(dough)', 'roll-out(dough)']"
P04_107,other,330,332,"['roll-out(dough)', 'turn-over(dough)', 'roll-out(dough)']"
P04_107,other,352,354,"['roll-out(dough)', 'flip-over(dough)', 'roll-out(dough)']"
P04_107,object_transfer,508,510,"['put-down(brush:pastry)', 'pick-up(chopstick)', 'put-on(chopstick)']"
P04_107,object_transfer,509,511,"['pick-up(chopstick)', 'put-on(chopstick)', 'fold-over(dough)']"
P04_107,other,613,615,"['roll-out(dough)', 'turn-over(dough)', 'roll-out(dough)']"
P04_107,object_transfer,629,631,"['put-down(brush:pastry)', 'pick-up(chopstick)', 'put-on(chopstick)']"
P04_107,object_transfer,630,632,"['pick-up(chopstick)', 'put-on(chopstick)', 'fold-over(dough)']"
P04_107,other,658,660,"['roll-out(dough)', 'flip-over(dough)', 'roll-out(dough)']"
P04_107,other,695,697,"['roll-out(dough)', 'turn-over(dough)', 'roll-out(dough)']"
P04_107,other,725,727,"['roll-out(dough)', 'turn-over(dough)', 'roll-out(dough)']"
P04_107,object_transfer,770,772,"['put-down(brush:pastry)', 'pick-up(chopstick)', 'put-on(chopstick)']"
P04_107,object_transfer,771,773,"['pick-up(chopstick)', 'put-on(chopstick)', 'fold-over(dough)']"
P04_107,other,800,802,"['roll-out(dough)', 'turn-over(dough)', 'roll-out(dough)']"
P04_107,object_transfer,822,824,"['put-down(brush:pastry)', 'pick-up(chopstick)', 'put-on(chopstick)']"
P04_107,object_transfer,823,825,"['pick-up(chopstick)', 'put-on(chopstick)', 'fold-over(dough)']"
P04_107,other,844,846,"['roll-out(dough)', 'flip-over(dough)', 'roll-out(dough)']"
P04_107,object_transfer,851,853,"['put-down(brush:pastry)', 'pick-up(chopstick)', 'put-on(chopstick)']"
P04_107,object_transfer,852,854,"['pick-up(chopstick)', 'put-on(chopstick)', 'fold-over(dough)']"
P04_107,other,873,875,"['roll-out(dough)', 'flip-over(dough)', 'roll-out(dough)']"
P04_107,other,880,882,"['roll-out(dough)', 'turn-over(dough)', 'roll-out(dough)']"
P04_10,washing,4,6,"['wash(pan)', 'wash(pan)', 'wash(pan)']"
P04_10,washing,5,7,"['wash(pan)', 'wash(pan)', 'wash(pan)']"
P04_110,object_transfer,113,115,"['open(cupboard)', 'pick-up(plate)', 'put-down(plate)']"
P04_110,object_transfer,189,191,"['pick-up(piece:tofu)', 'put-in(piece:tofu)', 'move-with(piece:tofu)']"
P04_110,object_transfer,190,192,"['put-in(piece:tofu)', 'move-with(piece:tofu)', 'pick-up(piece:tofu)']"
P04_110,object_transfer,216,218,"['put-in(piece:tofu)', 'move-with(piece:tofu)', 'pick-up(piece:tofu)']"
P04_110,object_transfer,217,219,"['move-with(piece:tofu)', 'pick-up(piece:tofu)', 'put-in(piece:tofu)']"
P04_110,object_transfer,218,220,"['pick-up(piece:tofu)', 'put-in(piece:tofu)', 'move-with(piece:tofu)']"
P04_110,object_transfer,219,221,"['put-in(piece:tofu)', 'move-with(piece:tofu)', 'pick-up(piece:tofu)']"
P04_110,object_transfer,220,222,"['move-with(piece:tofu)', 'pick-up(piece:tofu)', 'put-in(piece:tofu)']"
P04_110,object_transfer,221,223,"['pick-up(piece:tofu)', 'put-in(piece:tofu)', 'move-with(piece:tofu)']"
P04_110,object_transfer,222,224,"['put-in(piece:tofu)', 'move-with(piece:tofu)', 'pick-up(piece:tofu)']"
P04_110,object_transfer,223,225,"['move-with(piece:tofu)', 'pick-up(piece:tofu)', 'put-in(piece:tofu)']"
P04_110,object_transfer,226,228,"['pick-up(piece:tofu)', 'put-in(piece:tofu)', 'move-with(piece:tofu)']"
P04_110,object_transfer,229,231,"['move-with(piece:tofu)', 'pick-up(piece:tofu)', 'put-in(piece:tofu)']"
P04_110,object_transfer,236,238,"['pick-up(piece:tofu)', 'put-in(piece:tofu)', 'move-with(piece:tofu)']"
P04_110,object_transfer,242,244,"['pick-up(piece:tofu)', 'put-in(piece:tofu)', 'move-with(piece:tofu)']"
P04_110,object_transfer,248,250,"['pick-up(piece:tofu)', 'put-in(piece:tofu)', 'move-with(piece:tofu)']"
P04_110,object_transfer,249,251,"['put-in(piece:tofu)', 'move-with(piece:tofu)', 'pick-up(piece:tofu)']"
P04_110,object_transfer,256,258,"['move-with(piece:tofu)', 'pick-up(piece:tofu)', 'put-in(piece:tofu)']"
P04_110,object_transfer,260,262,"['pick-up(piece:tofu)', 'put-in(piece:tofu)', 'move-with(piece:tofu)']"
P04_110,object_transfer,265,267,"['move-with(piece:tofu)', 'pick-up(piece:tofu)', 'put-in(piece:tofu)']"
P04_110,object_transfer,266,268,"['pick-up(piece:tofu)', 'put-in(piece:tofu)', 'move-with(piece:tofu)']"
P04_110,object_transfer,267,269,"['put-in(piece:tofu)', 'move-with(piece:tofu)', 'pick-up(piece:tofu)']"
P04_110,object_transfer,268,270,"['move-with(piece:tofu)', 'pick-up(piece:tofu)', 'put-in(piece:tofu)']"
P04_110,object_transfer,269,271,"['pick-up(piece:tofu)', 'put-in(piece:tofu)', 'move-with(piece:tofu)']"
P04_110,object_transfer,270,272,"['put-in(piece:tofu)', 'move-with(piece:tofu)', 'pick-up(piece:tofu)']"
P04_110,object_transfer,271,273,"['move-with(piece:tofu)', 'pick-up(piece:tofu)', 'put-in(piece:tofu)']"
P04_110,object_transfer,272,274,"['pick-up(piece:tofu)', 'put-in(piece:tofu)', 'move-with(piece:tofu)']"
P04_110,other,345,347,"['stretch(dough)', 'fold(dough)', 'stretch(dough)']"
P04_110,other,346,348,"['fold(dough)', 'stretch(dough)', 'fold(dough)']"
P04_110,other,355,357,"['stretch(dough)', 'fold(dough)', 'stretch(dough)']"
P04_110,other,366,368,"['stretch(dough)', 'fold(dough)', 'stretch(dough)']"
P04_110,other,367,369,"['fold(dough)', 'stretch(dough)', 'fold(dough)']"
P04_111,other,3,5,"['flip-over(piece:tofu)', 'move(piece:tofu)', 'flip-over(piece:tofu)']"
P04_111,other,5,7,"['flip-over(piece:tofu)', 'flip-over(piece:tofu)', 'flip-over(piece:tofu)']"
P04_111,other,6,8,"['flip-over(piece:tofu)', 'flip-over(piece:tofu)', 'flip-over(piece:tofu)']"
P04_111,other,7,9,"['flip-over(piece:tofu)', 'flip-over(piece:tofu)', 'flip-over(piece:tofu)']"
P04_111,other,11,13,"['flip-over(piece:tofu)', 'flip-over(piece:tofu)', 'flip-over(piece:tofu)']"
P04_111,other,13,15,"['flip-over(piece:tofu)', 'move(piece:tofu)', 'flip-over(piece:tofu)']"
P04_111,other,15,17,"['flip-over(piece:tofu)', 'move(piece:tofu)', 'flip-over(piece:tofu)']"
P04_111,other,17,19,"['flip-over(piece:tofu)', 'move(piece:tofu)', 'flip-over(piece:tofu)']"
P04_111,other,19,21,"['flip-over(piece:tofu)', 'move(piece:tofu)', 'flip-over(piece:tofu)']"
P04_111,other,21,23,"['flip-over(piece:tofu)', 'flip-over(piece:tofu)', 'flip-over(piece:tofu)']"
P04_111,other,22,24,"['flip-over(piece:tofu)', 'flip-over(piece:tofu)', 'flip-over(piece:tofu)']"
P04_111,other,23,25,"['flip-over(piece:tofu)', 'flip-over(piece:tofu)', 'flip-over(piece:tofu)']"
P04_111,other,24,26,"['flip-over(piece:tofu)', 'flip-over(piece:tofu)', 'flip-over(piece:tofu)']"
P04_111,other,25,27,"['flip-over(piece:tofu)', 'flip-over(piece:tofu)', 'flip-over(piece:tofu)']"
P04_112,object_transfer,69,71,"['pick-up(bun:bao)', 'put-in(bun:bao)', 'pick-up(bun:bao)']"
P04_112,object_transfer,71,73,"['pick-up(bun:bao)', 'put-in(bun:bao)', 'pick-up(bun:bao)']"
P04_112,object_transfer,73,75,"['pick-up(bun:bao)', 'put-in(bun:bao)', 'pick-up(bun:bao)']"
P04_112,object_transfer,75,77,"['pick-up(bun:bao)', 'put-in(bun:bao)', 'pick-up(bun:bao)']"
P04_112,object_transfer,80,82,"['pick-up(bun:bao)', 'put-in(bun:bao)', 'pick-up(bun:bao)']"
P04_112,other,155,157,"['stretch(dough)', 'fold(dough)', 'stretch(dough)']"
P04_112,other,156,158,"['fold(dough)', 'stretch(dough)', 'fold(dough)']"
P04_112,other,157,159,"['stretch(dough)', 'fold(dough)', 'stretch(dough)']"
P04_112,other,158,160,"['fold(dough)', 'stretch(dough)', 'fold(dough)']"
P04_112,other,159,161,"['stretch(dough)', 'fold(dough)', 'stretch(dough)']"
P04_112,other,160,162,"['fold(dough)', 'stretch(dough)', 'fold(dough)']"
P04_112,other,161,163,"['stretch(dough)', 'fold(dough)', 'stretch(dough)']"
P04_112,other,162,164,"['fold(dough)', 'stretch(dough)', 'fold(dough)']"
P04_112,other,163,165,"['stretch(dough)', 'fold(dough)', 'stretch(dough)']"
P04_112,other,164,166,"['fold(dough)', 'stretch(dough)', 'fold(dough)']"
P04_112,other,165,167,"['stretch(dough)', 'fold(dough)', 'stretch(dough)']"
P04_112,other,166,168,"['fold(dough)', 'stretch(dough)', 'fold(dough)']"
P04_112,other,173,175,"['stretch(dough)', 'fold(dough)', 'stretch(dough)']"
P04_112,other,174,176,"['fold(dough)', 'stretch(dough)', 'fold(dough)']"
P04_113,container_usage,17,19,"['open(drawer)', 'close(drawer)', 'open(drawer)']"
P04_113,washing,322,324,"['put-down(sponge)', 'turn-on(tap)', 'rinse(spoon)']"
P04_114,washing,13,15,"['rinse(mug)', 'turn-off(tap)', 'put-down(mug)']"
P04_114,washing,38,40,"['turn-on(tap)', 'rinse(spoon)', 'turn-off(tap)']"
P04_115,object_transfer,72,74,"['open(cupboard)', 'pick-up(bowl)', 'put-down(bowl)']"
P04_115,washing,101,103,"['turn-on(tap)', 'rinse(hand)', 'turn-off(tap)']"
P04_116,container_usage,150,152,"['open(drawer)', 'pick-up(spoon)', 'close(drawer)']"
P04_118,container_usage,41,43,"['open(drawer)', 'close(drawer)', 'open(drawer)']"
P04_119,other,54,56,"['turn-on(tap)', 'fill(kettle)', 'turn-off(tap)']"
P04_119,object_transfer,284,286,"['pick-up(spatula)', 'drag-through(spatula)', 'put-down(spatula)']"
P04_120,object_transfer,13,15,"['pick-up(spatula)', 'drag-through(spatula)', 'put-down(spatula)']"
P04_120,object_transfer,21,23,"['pick-up(spatula)', 'drag-through(spatula)', 'put-down(spatula)']"
P04_120,object_transfer,66,68,"['pick-up(spatula)', 'drag-through(spatula)', 'put-down(spatula)']"
P04_120,other,81,83,"['squeeze(bottle:milk)', 'squeeze(bottle:milk)', 'squeeze(bottle:milk)']"
P04_120,other,82,84,"['squeeze(bottle:milk)', 'squeeze(bottle:milk)', 'squeeze(bottle:milk)']"
P04_120,other,83,85,"['squeeze(bottle:milk)', 'squeeze(bottle:milk)', 'squeeze(bottle:milk)']"
P04_120,other,84,86,"['squeeze(bottle:milk)', 'squeeze(bottle:milk)', 'squeeze(bottle:milk)']"
P04_120,other,85,87,"['squeeze(bottle:milk)', 'squeeze(bottle:milk)', 'squeeze(bottle:milk)']"
P04_120,other,86,88,"['squeeze(bottle:milk)', 'squeeze(bottle:milk)', 'squeeze(bottle:milk)']"
P04_120,other,87,89,"['squeeze(bottle:milk)', 'squeeze(bottle:milk)', 'squeeze(bottle:milk)']"
P04_120,washing,102,104,"['turn-on(tap)', 'rinse(hand)', 'turn-off(tap)']"
P04_120,object_transfer,116,118,"['pick-up(spatula)', 'drag-through(spatula)', 'put-down(spatula)']"
P04_120,object_transfer,188,190,"['pick-up(spatula)', 'drag-through(spatula)', 'put-down(spatula)']"
P04_121,washing,29,31,"['turn-on(tap)', 'rinse(knife)', 'turn-off(tap)']"
P04_121,container_usage,132,134,"['open(drawer)', 'close(drawer)', 'open(drawer)']"
P04_121,container_usage,134,136,"['open(drawer)', 'pick-up(spoon)', 'close(drawer)']"
P04_121,other,167,169,"['pick-up(mug)', 'turn-on(tap)', 'fill-with(mug)']"
P04_121,container_usage,191,193,"['open(cupboard)', 'open(cupboard)', 'close(cupboard)']"
P04_121,other,451,453,"['fold(cheese)', 'fold(cheese)', 'fold(cheese)']"
P04_121,other,465,467,"['fold(cheese)', 'fold(cheese)', 'fold(cheese)']"
P04_121,other,466,468,"['fold(cheese)', 'fold(cheese)', 'fold(cheese)']"
P04_121,other,470,472,"['fold(cheese)', 'fold(cheese)', 'fold(cheese)']"
P04_121,other,471,473,"['fold(cheese)', 'fold(cheese)', 'fold(cheese)']"
P04_121,other,472,474,"['fold(cheese)', 'fold(cheese)', 'fold(cheese)']"
P04_121,other,473,475,"['fold(cheese)', 'fold(cheese)', 'fold(cheese)']"
P04_121,other,474,476,"['fold(cheese)', 'fold(cheese)', 'fold(cheese)']"
P04_121,other,488,490,"['fold(cheese)', 'stretch(cheese)', 'fold(cheese)']"
P04_121,other,489,491,"['stretch(cheese)', 'fold(cheese)', 'stretch(cheese)']"
P04_121,other,493,495,"['fold(cheese)', 'stretch(cheese)', 'fold(cheese)']"
P04_121,other,494,496,"['stretch(cheese)', 'fold(cheese)', 'stretch(cheese)']"
P04_121,other,495,497,"['fold(cheese)', 'stretch(cheese)', 'fold(cheese)']"
P04_121,other,496,498,"['stretch(cheese)', 'fold(cheese)', 'stretch(cheese)']"
P04_121,other,497,499,"['fold(cheese)', 'stretch(cheese)', 'fold(cheese)']"
P04_121,other,572,574,"['stretch(cheese)', 'fold(cheese)', 'stretch(cheese)']"
P04_121,other,573,575,"['fold(cheese)', 'stretch(cheese)', 'fold(cheese)']"
P04_121,other,578,580,"['stretch(cheese)', 'fold(cheese)', 'stretch(cheese)']"
P04_121,other,579,581,"['fold(cheese)', 'stretch(cheese)', 'fold(cheese)']"
P04_121,other,580,582,"['stretch(cheese)', 'fold(cheese)', 'stretch(cheese)']"
P04_121,other,581,583,"['fold(cheese)', 'stretch(cheese)', 'fold(cheese)']"
P04_121,other,582,584,"['stretch(cheese)', 'fold(cheese)', 'stretch(cheese)']"
P04_121,other,583,585,"['fold(cheese)', 'stretch(cheese)', 'fold(cheese)']"
P04_121,other,584,586,"['stretch(cheese)', 'fold(cheese)', 'stretch(cheese)']"
P04_121,other,585,587,"['fold(cheese)', 'stretch(cheese)', 'fold(cheese)']"
P04_121,other,586,588,"['stretch(cheese)', 'fold(cheese)', 'stretch(cheese)']"
P04_121,other,587,589,"['fold(cheese)', 'stretch(cheese)', 'fold(cheese)']"
P04_121,other,588,590,"['stretch(cheese)', 'fold(cheese)', 'stretch(cheese)']"
P04_121,other,589,591,"['fold(cheese)', 'stretch(cheese)', 'fold(cheese)']"
P04_121,other,598,600,"['stretch(cheese)', 'fold(cheese)', 'stretch(cheese)']"
P04_121,other,599,601,"['fold(cheese)', 'stretch(cheese)', 'fold(cheese)']"
P04_121,other,600,602,"['stretch(cheese)', 'fold(cheese)', 'stretch(cheese)']"
P04_121,other,601,603,"['fold(cheese)', 'stretch(cheese)', 'fold(cheese)']"
P04_121,other,602,604,"['stretch(cheese)', 'fold(cheese)', 'stretch(cheese)']"
P04_121,other,603,605,"['fold(cheese)', 'stretch(cheese)', 'fold(cheese)']"
P04_121,other,604,606,"['stretch(cheese)', 'fold(cheese)', 'stretch(cheese)']"
P04_121,other,605,607,"['fold(cheese)', 'stretch(cheese)', 'fold(cheese)']"
P04_121,other,606,608,"['stretch(cheese)', 'fold(cheese)', 'stretch(cheese)']"
P04_121,other,607,609,"['fold(cheese)', 'stretch(cheese)', 'fold(cheese)']"
P04_121,other,613,615,"['fold(cheese)', 'stretch(cheese)', 'fold(cheese)']"
P04_121,other,614,616,"['stretch(cheese)', 'fold(cheese)', 'stretch(cheese)']"
P04_121,other,615,617,"['fold(cheese)', 'stretch(cheese)', 'fold(cheese)']"
P04_121,other,616,618,"['stretch(cheese)', 'fold(cheese)', 'stretch(cheese)']"
P04_121,other,617,619,"['fold(cheese)', 'stretch(cheese)', 'fold(cheese)']"
P04_121,object_transfer,661,663,"['pop-out(cube:ice)', 'pick-up(cube:ice)', 'put-into(cube:ice)']"
P04_121,object_transfer,664,666,"['pop-out(cube:ice)', 'pick-up(cube:ice)', 'put-into(cube:ice)']"
P04_121,object_transfer,671,673,"['pop-out(cube:ice)', 'pick-up(cube:ice)', 'put-into(cube:ice)']"
P04_121,object_transfer,675,677,"['pop-out(cube:ice)', 'pick-up(cube:ice)', 'put-into(cube:ice)']"
P04_121,object_transfer,678,680,"['pop-out(cube:ice)', 'pick-up(cube:ice)', 'put-into(cube:ice)']"
P04_16,container_usage,0,2,"['open(cupboard)', 'pick-up(glass)', 'close(cupboard)']"
P04_20,object_transfer,0,2,"['open(cupboard)', 'pick-up(plate)', 'put-down(plate)']"
P05_03,stirring,100,102,"['take(spoon:wooden)', 'stir(pasta)', 'place-on(spoon:wooden)']"
P05_03,stirring,106,108,"['take(spoon:wooden)', 'stir(pasta)', 'place-on(spoon:wooden)']"
P05_03,stirring,117,119,"['take(spoon:wooden)', 'stir(pasta)', 'place-on(spoon:wooden)']"
P05_03,stirring,124,126,"['take(spoon:wooden)', 'stir(pasta)', 'place-on(spoon:wooden)']"
P05_08,stirring,55,57,"['take(spoon:wooden)', 'stir(pasta)', 'place-on(spoon:wooden)']"
P05_08,stirring,76,78,"['take(spoon:wooden)', 'stir(pasta)', 'place-on(spoon:wooden)']"
P05_08,stirring,80,82,"['take(spoon:wooden)', 'stir(pasta)', 'place-on(spoon:wooden)']"
P06_03,object_transfer,52,54,"['turn-off(tap)', 'close(kettle)', 'put-down(kettle)']"
P06_03,other,117,119,"['knead(dough)', 'knead(dough)', 'knead(dough)']"
P06_03,other,118,120,"['knead(dough)', 'knead(dough)', 'knead(dough)']"
P06_03,other,119,121,"['knead(dough)', 'knead(dough)', 'knead(dough)']"
P06_05,other,9,11,"['roll(dough)', 'roll(dough)', 'roll(dough)']"
P06_05,other,10,12,"['roll(dough)', 'roll(dough)', 'roll(dough)']"
P06_05,washing,148,150,"['turn-on(tap)', 'wash(hand)', 'turn-off(tap)']"
P06_05,washing,164,166,"['turn-on(tap)', 'wash(hand)', 'wash(hand)']"
P06_05,washing,211,213,"['turn-on(tap)', 'wash(hand)', 'wash(hand)']"
P06_07,other,40,42,"['roll(dough)', 'roll(dough)', 'roll(dough)']"
P06_07,other,41,43,"['roll(dough)', 'roll(dough)', 'roll(dough)']"
P06_07,other,89,91,"['roll(dough)', 'roll(dough)', 'roll(dough)']"
P06_07,washing,163,165,"['turn-on(tap)', 'wash(hand)', 'turn-off(tap)']"
P06_07,washing,178,180,"['turn-on(tap)', 'wash(hand)', 'turn-off(tap)']"
P06_07,washing,235,237,"['turn-on(tap)', 'rinse(sponge)', 'turn-off(tap)']"
P06_09,washing,98,100,"['turn-on(tap)', 'wash(hand)', 'turn-off(tap)']"
P06_09,stirring,174,176,"['take-off(lid)', 'stir(pan)', 'put-on(lid)']"
P06_101,object_transfer,304,306,"['chop(potato:sweet)', 'put-in(potato:sweet)', 'chop(potato:sweet)']"
P06_101,object_transfer,305,307,"['put-in(potato:sweet)', 'chop(potato:sweet)', 'put-in(potato:sweet)']"
P06_101,object_transfer,306,308,"['chop(potato:sweet)', 'put-in(potato:sweet)', 'chop(potato:sweet)']"
P06_101,object_transfer,307,309,"['put-in(potato:sweet)', 'chop(potato:sweet)', 'put-in(potato:sweet)']"
P06_101,object_transfer,308,310,"['chop(potato:sweet)', 'put-in(potato:sweet)', 'chop(potato:sweet)']"
P06_101,object_transfer,309,311,"['put-in(potato:sweet)', 'chop(potato:sweet)', 'put-in(potato:sweet)']"
P06_101,object_transfer,310,312,"['chop(potato:sweet)', 'put-in(potato:sweet)', 'chop(potato:sweet)']"
P06_101,object_transfer,314,316,"['put-in(potato:sweet)', 'chop(potato:sweet)', 'put-in(potato:sweet)']"
P06_101,object_transfer,315,317,"['chop(potato:sweet)', 'put-in(potato:sweet)', 'chop(potato:sweet)']"
P06_101,object_transfer,316,318,"['put-in(potato:sweet)', 'chop(potato:sweet)', 'put-in(potato:sweet)']"
P06_101,stirring,358,360,"['take-off(lid)', 'stir(pan)', 'put-on(lid)']"
P06_102,container_usage,0,2,"['open(cupboard)', 'close(cupboard)', 'open(cupboard)']"
P06_102,stirring,8,10,"['take-off(lid)', 'stir(pan)', 'put-on(lid)']"
P06_102,other,52,54,"['fill(kettle)', 'turn-off(tap)', 'close(kettle)']"
P06_102,other,59,61,"['mix(dough)', 'pour-into(water)', 'mix(dough)']"
P06_102,other,61,63,"['mix(dough)', 'pour-into(water)', 'mix(dough)']"
P06_102,other,63,65,"['mix(dough)', 'pour-into(water)', 'mix(dough)']"
P06_102,other,65,67,"['mix(dough)', 'pour-into(water)', 'mix(dough)']"
P06_102,other,70,72,"['mix(dough)', 'pour-into(water)', 'mix(dough)']"
P06_102,washing,79,81,"['turn-on(tap)', 'wash(hand)', 'turn-off(tap)']"
P06_102,washing,80,82,"['wash(hand)', 'turn-off(tap)', 'shake(hand)']"
P06_102,washing,108,110,"['turn-on(tap)', 'rinse(sponge)', 'turn-off(tap)']"
P06_102,other,110,112,"['turn-off(tap)', 'pick-up(towel)', 'dry(hand)']"
P06_103,stirring,3,5,"['take-off(lid)', 'stir(pan)', 'put-on(lid)']"
P06_103,other,35,37,"['pick-up(kettle)', 'open(kettle)', 'turn-on(tap)']"
P06_103,object_transfer,39,41,"['turn-off(tap)', 'close(kettle)', 'put-down(kettle)']"
P06_103,object_transfer,40,42,"['close(kettle)', 'put-down(kettle)', 'turn-on(kettle)']"
P06_103,stirring,85,87,"['take-off(lid)', 'stir(pan)', 'put-on(lid)']"
P06_103,stirring,138,140,"['take-off(lid)', 'stir(pan)', 'put-on(lid)']"
P06_104,other,29,31,"['pick-up(kettle)', 'open(kettle)', 'turn-on(tap)']"
P06_104,other,31,33,"['turn-on(tap)', 'fill(kettle)', 'turn-off(tap)']"
P06_104,other,32,34,"['fill(kettle)', 'turn-off(tap)', 'close(kettle)']"
P06_104,object_transfer,33,35,"['turn-off(tap)', 'close(kettle)', 'put-down(kettle)']"
P06_104,object_transfer,34,36,"['close(kettle)', 'put-down(kettle)', 'turn-on(kettle)']"
P06_105,container_usage,11,13,"['open(fridge)', 'pick-up(cheese)', 'close(fridge)']"
P06_105,other,19,21,"['turn-off(tap)', 'pour-into(water)', 'turn-on(tap)']"
P06_107,washing,53,55,"['turn-on(tap)', 'wash(hand)', 'turn-off(tap)']"
P06_107,washing,58,60,"['turn-on(tap)', 'wash(hand)', 'turn-off(tap)']"
P06_107,other,60,62,"['turn-off(tap)', 'pick-up(towel)', 'dry(hand)']"
P06_108,washing,56,58,"['turn-on(tap)', 'rinse(hand)', 'turn-off(tap)']"
P06_108,washing,57,59,"['rinse(hand)', 'turn-off(tap)', 'shake(hand)']"
P06_108,container_usage,90,92,"['open(drawer)', 'pick-up(fork)', 'close(drawer)']"
P06_108,washing,96,98,"['turn-on(tap)', 'rinse(hand)', 'turn-off(tap)']"
P06_108,other,98,100,"['turn-off(tap)', 'pick-up(towel)', 'dry(hand)']"
P07_04,washing,2,4,"['turn-on(tap)', 'rinse(fork)', 'turn-off(tap)']"
P07_04,other,68,70,"['press(button)', 'press(button)', 'press(button)']"
P07_04,other,69,71,"['press(button)', 'press(button)', 'press(button)']"
P07_04,other,70,72,"['press(button)', 'press(button)', 'press(button)']"
P07_04,other,71,73,"['press(button)', 'press(button)', 'press(button)']"
P07_04,washing,122,124,"['turn-on(tap)', 'rinse(knife)', 'turn-off(tap)']"
P07_05,washing,17,19,"['wash(pan)', 'wash(pan)', 'wash(pan)']"
P07_05,washing,22,24,"['rinse(pan)', 'rinse(pan)', 'turn-off(tap)']"
P07_05,washing,26,28,"['wash(spoon)', 'turn-on(tap)', 'rinse(spoon)']"
P07_07,washing,9,11,"['wash(plate)', 'turn-on(tap)', 'rinse(plate)']"
P07_07,washing,10,12,"['turn-on(tap)', 'rinse(plate)', 'turn-off(tap)']"
P07_07,container_usage,49,51,"['open(drawer)', 'open(drawer)', 'close(drawer)']"
P07_101,washing,24,26,"['turn-on(tap)', 'wash(hand)', 'turn-off(tap)']"
P07_101,washing,25,27,"['wash(hand)', 'turn-off(tap)', 'dry(hand)']"
P07_101,washing,48,50,"['turn-on(tap)', 'wash(hand)', 'turn-off(tap)']"
P07_101,washing,50,52,"['turn-off(tap)', 'turn-on(tap)', 'wash(hand)']"
P07_101,washing,51,53,"['turn-on(tap)', 'wash(hand)', 'turn-off(tap)']"
P07_101,washing,52,54,"['wash(hand)', 'turn-off(tap)', 'dry(hand)']"
P07_102,washing,8,10,"['wash(knife)', 'turn-on(tap)', 'rinse(knife)']"
P07_102,washing,9,11,"['turn-on(tap)', 'rinse(knife)', 'turn-off(tap)']"
P07_102,washing,14,16,"['wash(glass)', 'turn-on(tap)', 'rinse(glass)']"
P07_102,washing,22,24,"['wash(spoon)', 'turn-on(tap)', 'rinse(spoon)']"
P07_102,washing,23,25,"['turn-on(tap)', 'rinse(spoon)', 'turn-off(tap)']"
P07_102,washing,29,31,"['turn-on(tap)', 'rinse(lid)', 'turn-off(tap)']"
P07_102,washing,38,40,"['turn-on(tap)', 'rinse(pot)', 'turn-off(tap)']"
P07_102,washing,44,46,"['turn-on(tap)', 'rinse(board:cutting)', 'turn-off(tap)']"
P07_102,washing,50,52,"['turn-on(tap)', 'rinse(sponge)', 'turn-off(tap)']"
P07_102,washing,53,55,"['turn-on(tap)', 'rinse(hand)', 'turn-off(tap)']"
P07_102,washing,54,56,"['rinse(hand)', 'turn-off(tap)', 'shake(hand)']"
P07_102,other,55,57,"['turn-off(tap)', 'shake(hand)', 'dry(hand)']"
P07_107,washing,31,33,"['turn-on(tap)', 'rinse(hand)', 'turn-off(tap)']"
P07_107,washing,32,34,"['rinse(hand)', 'turn-off(tap)', 'shake(hand)']"
P07_107,other,33,35,"['turn-off(tap)', 'shake(hand)', 'dry(hand)']"
P07_107,container_usage,41,43,"['open(drawer)', 'close(drawer)', 'open(drawer)']"
P07_107,container_usage,42,44,"['close(drawer)', 'open(drawer)', 'close(drawer)']"
P07_107,container_usage,43,45,"['open(drawer)', 'close(drawer)', 'open(drawer)']"
P07_107,container_usage,44,46,"['close(drawer)', 'open(drawer)', 'close(drawer)']"
P07_107,container_usage,45,47,"['open(drawer)', 'close(drawer)', 'open(drawer)']"
P07_107,container_usage,46,48,"['close(drawer)', 'open(drawer)', 'close(drawer)']"
P07_107,container_usage,47,49,"['open(drawer)', 'close(drawer)', 'open(drawer)']"
P07_10,cutting,55,57,"['cut(potato)', 'cut(potato)', 'cut(potato)']"
P07_10,cutting,56,58,"['cut(potato)', 'cut(potato)', 'cut(potato)']"
P07_10,cutting,57,59,"['cut(potato)', 'cut(potato)', 'cut(potato)']"
P07_10,cutting,58,60,"['cut(potato)', 'cut(potato)', 'cut(potato)']"
P07_10,cutting,59,61,"['cut(potato)', 'cut(potato)', 'cut(potato)']"
P07_10,cutting,60,62,"['cut(potato)', 'cut(potato)', 'cut(potato)']"
P07_10,cutting,61,63,"['cut(potato)', 'cut(potato)', 'cut(potato)']"
P07_10,cutting,62,64,"['cut(potato)', 'cut(potato)', 'cut(potato)']"
P07_10,cutting,63,65,"['cut(potato)', 'cut(potato)', 'cut(potato)']"
P07_10,cutting,64,66,"['cut(potato)', 'cut(potato)', 'cut(potato)']"
P07_10,cutting,65,67,"['cut(potato)', 'cut(potato)', 'cut(potato)']"
P07_10,cutting,66,68,"['cut(potato)', 'cut(potato)', 'cut(potato)']"
P07_10,cutting,67,69,"['cut(potato)', 'cut(potato)', 'cut(potato)']"
P07_10,cutting,68,70,"['cut(potato)', 'cut(potato)', 'cut(potato)']"
P07_10,cutting,69,71,"['cut(potato)', 'cut(potato)', 'cut(potato)']"
P07_10,cutting,70,72,"['cut(potato)', 'cut(potato)', 'cut(potato)']"
P07_10,cutting,71,73,"['cut(potato)', 'cut(potato)', 'cut(potato)']"
P07_10,cutting,72,74,"['cut(potato)', 'cut(potato)', 'cut(potato)']"
P07_10,cutting,73,75,"['cut(potato)', 'cut(potato)', 'cut(potato)']"
P07_10,washing,84,86,"['rinse(pan)', 'rinse(pan)', 'turn-off(tap)']"
P07_10,washing,124,126,"['wash(spoon)', 'turn-on(tap)', 'rinse(spoon)']"
P07_10,other,197,199,"['slice(onion)', 'slice(onion)', 'slice(onion)']"
P07_10,other,198,200,"['slice(onion)', 'slice(onion)', 'slice(onion)']"
P07_10,other,199,201,"['slice(onion)', 'slice(onion)', 'slice(onion)']"
P07_10,other,200,202,"['slice(onion)', 'slice(onion)', 'slice(onion)']"
P07_10,cutting,204,206,"['cut(onion)', 'cut(onion)', 'cut(onion)']"
P07_10,other,220,222,"['scrape(tomato)', 'scrape(tomato)', 'scrape(tomato)']"
P07_10,other,221,223,"['scrape(tomato)', 'scrape(tomato)', 'scrape(tomato)']"
P07_10,other,222,224,"['scrape(tomato)', 'scrape(tomato)', 'scrape(tomato)']"
P07_10,other,226,228,"['scrape(tomato)', 'scrape(tomato)', 'scrape(tomato)']"
P07_10,other,227,229,"['scrape(tomato)', 'scrape(tomato)', 'scrape(tomato)']"
P07_10,other,228,230,"['scrape(tomato)', 'scrape(tomato)', 'scrape(tomato)']"
P07_10,other,229,231,"['scrape(tomato)', 'scrape(tomato)', 'scrape(tomato)']"
P07_10,other,234,236,"['slice(tomato)', 'slice(tomato)', 'slice(tomato)']"
P07_10,other,235,237,"['slice(tomato)', 'slice(tomato)', 'slice(tomato)']"
P07_10,other,236,238,"['slice(tomato)', 'slice(tomato)', 'slice(tomato)']"
P07_10,other,237,239,"['slice(tomato)', 'slice(tomato)', 'slice(tomato)']"
P07_10,other,238,240,"['slice(tomato)', 'slice(tomato)', 'slice(tomato)']"
P07_10,other,239,241,"['slice(tomato)', 'slice(tomato)', 'slice(tomato)']"
P07_10,cutting,242,244,"['cut(tomato)', 'cut(tomato)', 'cut(tomato)']"
P07_10,cutting,243,245,"['cut(tomato)', 'cut(tomato)', 'cut(tomato)']"
P07_10,cutting,244,246,"['cut(tomato)', 'cut(tomato)', 'cut(tomato)']"
P07_10,cutting,245,247,"['cut(tomato)', 'cut(tomato)', 'cut(tomato)']"
P07_10,cutting,246,248,"['cut(tomato)', 'cut(tomato)', 'cut(tomato)']"
P07_10,cutting,247,249,"['cut(tomato)', 'cut(tomato)', 'cut(tomato)']"
P07_10,washing,321,323,"['wash(knife)', 'turn-on(tap)', 'rinse(knife)']"
P07_111,washing,26,28,"['turn-on(tap)', 'rinse(glass)', 'turn-off(tap)']"
P07_112,container_usage,0,2,"['open(drawer)', 'close(drawer)', 'open(drawer)']"
P07_113,washing,45,47,"['turn-on(tap)', 'wash(hand)', 'turn-off(tap)']"
P07_113,washing,46,48,"['wash(hand)', 'turn-off(tap)', 'shake(hand)']"
P07_113,container_usage,79,81,"['open(drawer)', 'open(drawer)', 'close(drawer)']"
P07_113,other,123,125,"['throw(peel)', 'pick-up(peel)', 'throw(peel)']"
P07_113,washing,127,129,"['turn-on(tap)', 'rinse(hand)', 'turn-off(tap)']"
P07_113,washing,128,130,"['rinse(hand)', 'turn-off(tap)', 'shake(hand)']"
P07_113,other,129,131,"['turn-off(tap)', 'shake(hand)', 'dry(hand)']"
P07_113,washing,142,144,"['turn-on(tap)', 'rinse(spoon)', 'turn-off(tap)']"
P07_113,other,153,155,"['turn-on(tap)', 'pour-into(water)', 'turn-off(tap)']"
P07_115,washing,8,10,"['wash(spoon)', 'turn-on(tap)', 'rinse(spoon)']"
P07_115,washing,9,11,"['turn-on(tap)', 'rinse(spoon)', 'turn-off(tap)']"
P07_115,washing,14,16,"['wash(knife)', 'turn-on(tap)', 'rinse(knife)']"
P07_115,washing,15,17,"['turn-on(tap)', 'rinse(knife)', 'turn-off(tap)']"
P07_115,other,39,41,"['turn-on(tap)', 'pour-into(water)', 'turn-off(tap)']"
P07_117,washing,19,21,"['wash(plate)', 'turn-on(tap)', 'rinse(plate)']"
P07_117,washing,20,22,"['turn-on(tap)', 'rinse(plate)', 'turn-off(tap)']"
P07_117,washing,41,43,"['turn-on(tap)', 'rinse(lid)', 'turn-off(tap)']"
P07_117,washing,48,50,"['wash(plate)', 'turn-on(tap)', 'rinse(plate)']"
P07_117,washing,49,51,"['turn-on(tap)', 'rinse(plate)', 'turn-off(tap)']"
P07_117,washing,57,59,"['turn-on(tap)', 'rinse(colander)', 'turn-off(tap)']"
P07_117,washing,67,69,"['turn-on(tap)', 'rinse(pot)', 'turn-off(tap)']"
P07_117,washing,90,92,"['turn-on(tap)', 'rinse(pot)', 'turn-off(tap)']"
P07_117,washing,96,98,"['wash(spoon)', 'turn-on(tap)', 'rinse(spoon)']"
P07_117,washing,97,99,"['turn-on(tap)', 'rinse(spoon)', 'turn-off(tap)']"
P07_117,washing,113,115,"['turn-on(tap)', 'rinse(lid)', 'turn-off(tap)']"
P08_05,washing,110,112,"['turn-on(tap)', 'wash(hand)', 'turn-off(tap)']"
P08_06,other,87,89,"['clean(hob)', 'clean(hob)', 'turn-on(tap)']"
P08_18,washing,65,67,"['turn-on(tap)', 'wash(hand)', 'turn-off(tap)']"
P08_23,washing,128,130,"['turn-on(tap)', 'wash(hand)', 'turn-off(tap)']"
P08_23,washing,288,290,"['turn-on(tap)', 'wash(hand)', 'turn-off(tap)']"
P08_24,cutting,39,41,"['cut(potato)', 'cut(potato)', 'cut(potato)']"
P08_26,washing,87,89,"['turn-on(tap)', 'wash(hand)', 'turn-off(tap)']"
P08_27,washing,21,23,"['turn-on(tap)', 'wash(hand)', 'turn-off(tap)']"
P10_02,other,72,74,"['shake(pot)', 'shake(pot)', 'shake(pot)']"
P10_02,other,73,75,"['shake(pot)', 'shake(pot)', 'shake(pot)']"
P10_04,other,22,24,"['remove-from(scale)', 'remove-from(scale)', 'remove-from(scale)']"
P10_04,other,23,25,"['remove-from(scale)', 'remove-from(scale)', 'remove-from(scale)']"
P10_04,other,24,26,"['remove-from(scale)', 'remove-from(scale)', 'remove-from(scale)']"
P10_04,other,25,27,"['remove-from(scale)', 'remove-from(scale)', 'remove-from(scale)']"
P10_04,other,26,28,"['remove-from(scale)', 'remove-from(scale)', 'remove-from(scale)']"
P10_04,other,27,29,"['remove-from(scale)', 'remove-from(scale)', 'remove-from(scale)']"
P10_04,other,28,30,"['remove-from(scale)', 'remove-from(scale)', 'remove-from(scale)']"
P10_04,other,29,31,"['remove-from(scale)', 'remove-from(scale)', 'remove-from(scale)']"
P10_04,other,167,169,"['shake(pot)', 'shake(pot)', 'shake(pot)']"
P10_04,other,168,170,"['shake(pot)', 'shake(pot)', 'shake(pot)']"
P10_04,other,169,171,"['shake(pot)', 'shake(pot)', 'shake(pot)']"
P10_04,other,309,311,"['remove(skin)', 'remove(skin)', 'remove(skin)']"
P10_04,other,310,312,"['remove(skin)', 'remove(skin)', 'remove(skin)']"
P10_04,other,311,313,"['remove(skin)', 'remove(skin)', 'remove(skin)']"
P10_04,other,312,314,"['remove(skin)', 'remove(skin)', 'remove(skin)']"
P10_04,other,313,315,"['remove(skin)', 'remove(skin)', 'remove(skin)']"
P10_04,other,314,316,"['remove(skin)', 'remove(skin)', 'remove(skin)']"
P11_01,washing,64,66,"['pick-up(bowl)', 'rinse(bowl)', 'put-down(bowl)']"
P11_01,washing,67,69,"['pick-up(glass)', 'rinse(glass)', 'put-down(glass)']"
P11_04,other,20,22,"['sharpen(tap)', 'sharpen(tap)', 'sharpen(tap)']"
P11_04,other,21,23,"['sharpen(tap)', 'sharpen(tap)', 'sharpen(tap)']"
P11_04,other,22,24,"['sharpen(tap)', 'sharpen(tap)', 'sharpen(tap)']"
P11_04,other,23,25,"['sharpen(tap)', 'sharpen(tap)', 'sharpen(tap)']"
P11_04,other,24,26,"['sharpen(tap)', 'sharpen(tap)', 'sharpen(tap)']"
P11_04,other,25,27,"['sharpen(tap)', 'sharpen(tap)', 'sharpen(tap)']"
P11_04,other,26,28,"['sharpen(tap)', 'sharpen(tap)', 'sharpen(tap)']"
P11_04,other,27,29,"['sharpen(tap)', 'sharpen(tap)', 'sharpen(tap)']"
P11_04,other,30,32,"['sharpen(whetstone)', 'sharpen(whetstone)', 'sharpen(whetstone)']"
P11_04,other,40,42,"['sharpen(whetstone)', 'sharpen(whetstone)', 'sharpen(whetstone)']"
P11_04,other,41,43,"['sharpen(whetstone)', 'sharpen(whetstone)', 'sharpen(whetstone)']"
P11_04,other,42,44,"['sharpen(whetstone)', 'sharpen(whetstone)', 'sharpen(whetstone)']"
P11_04,other,43,45,"['sharpen(whetstone)', 'sharpen(whetstone)', 'sharpen(whetstone)']"
P11_04,other,44,46,"['sharpen(whetstone)', 'sharpen(whetstone)', 'sharpen(whetstone)']"
P11_04,other,45,47,"['sharpen(whetstone)', 'sharpen(whetstone)', 'sharpen(whetstone)']"
P11_04,other,46,48,"['sharpen(whetstone)', 'sharpen(whetstone)', 'sharpen(whetstone)']"
P11_04,other,47,49,"['sharpen(whetstone)', 'sharpen(whetstone)', 'sharpen(whetstone)']"
P11_04,other,50,52,"['sharpen(tap)', 'sharpen(tap)', 'sharpen(tap)']"
P11_04,other,51,53,"['sharpen(tap)', 'sharpen(tap)', 'sharpen(tap)']"
P11_04,other,55,57,"['sharpen(knife)', 'sharpen(knife)', 'sharpen(knife)']"
P11_04,other,56,58,"['sharpen(knife)', 'sharpen(knife)', 'sharpen(knife)']"
P11_04,other,57,59,"['sharpen(knife)', 'sharpen(knife)', 'sharpen(knife)']"
P11_04,other,58,60,"['sharpen(knife)', 'sharpen(knife)', 'sharpen(knife)']"
P11_04,other,59,61,"['sharpen(knife)', 'sharpen(knife)', 'sharpen(knife)']"
P11_04,other,60,62,"['sharpen(knife)', 'sharpen(knife)', 'sharpen(knife)']"
P11_04,other,61,63,"['sharpen(knife)', 'sharpen(knife)', 'sharpen(knife)']"
P11_04,other,62,64,"['sharpen(knife)', 'sharpen(knife)', 'sharpen(knife)']"
P11_04,other,66,68,"['sharpen(knife)', 'sharpen(knife)', 'sharpen(knife)']"
P11_04,other,67,69,"['sharpen(knife)', 'sharpen(knife)', 'sharpen(knife)']"
P11_04,other,68,70,"['sharpen(knife)', 'sharpen(knife)', 'sharpen(knife)']"
P11_04,other,69,71,"['sharpen(knife)', 'sharpen(knife)', 'sharpen(knife)']"
P11_04,other,70,72,"['sharpen(knife)', 'sharpen(knife)', 'sharpen(knife)']"
P11_04,other,71,73,"['sharpen(knife)', 'sharpen(knife)', 'sharpen(knife)']"
P11_04,other,72,74,"['sharpen(knife)', 'sharpen(knife)', 'sharpen(knife)']"
P11_04,other,73,75,"['sharpen(knife)', 'sharpen(knife)', 'sharpen(knife)']"
P11_04,other,74,76,"['sharpen(knife)', 'sharpen(knife)', 'sharpen(knife)']"
P11_04,other,75,77,"['sharpen(knife)', 'sharpen(knife)', 'sharpen(knife)']"
P11_04,other,76,78,"['sharpen(knife)', 'sharpen(knife)', 'sharpen(knife)']"
P11_04,other,77,79,"['sharpen(knife)', 'sharpen(knife)', 'sharpen(knife)']"
P11_04,other,82,84,"['sharpen(knife)', 'sharpen(knife)', 'sharpen(knife)']"
P11_04,other,83,85,"['sharpen(knife)', 'sharpen(knife)', 'sharpen(knife)']"
P11_04,other,84,86,"['sharpen(knife)', 'sharpen(knife)', 'sharpen(knife)']"
P11_04,other,85,87,"['sharpen(knife)', 'sharpen(knife)', 'sharpen(knife)']"
P11_04,other,86,88,"['sharpen(knife)', 'sharpen(knife)', 'sharpen(knife)']"
P11_04,other,87,89,"['sharpen(knife)', 'sharpen(knife)', 'sharpen(knife)']"
P11_04,other,88,90,"['sharpen(knife)', 'sharpen(knife)', 'sharpen(knife)']"
P11_04,other,89,91,"['sharpen(knife)', 'sharpen(knife)', 'sharpen(knife)']"
P11_05,other,43,45,"['slice-into(courgette)', 'slice-into(courgette)', 'slice-into(courgette)']"
P11_05,other,44,46,"['slice-into(courgette)', 'slice-into(courgette)', 'slice-into(courgette)']"
P11_05,other,48,50,"['slice-into(courgette)', 'slice-into(courgette)', 'slice-into(courgette)']"
P11_05,other,49,51,"['slice-into(courgette)', 'slice-into(courgette)', 'slice-into(courgette)']"
P11_05,other,53,55,"['slice-into(courgette)', 'slice-into(courgette)', 'slice-into(courgette)']"
P11_05,other,54,56,"['slice-into(courgette)', 'slice-into(courgette)', 'slice-into(courgette)']"
P11_05,other,61,63,"['slice-into(courgette)', 'slice-into(courgette)', 'slice-into(courgette)']"
P11_05,other,100,102,"['slice(onion)', 'slice(onion)', 'slice(onion)']"
P11_05,other,101,103,"['slice(onion)', 'slice(onion)', 'slice(onion)']"
P11_05,other,215,217,"['chop(tomato:sun:dried)', 'chop(tomato:sun:dried)', 'chop(tomato:sun:dried)']"
P11_05,other,216,218,"['chop(tomato:sun:dried)', 'chop(tomato:sun:dried)', 'chop(tomato:sun:dried)']"
P11_05,other,217,219,"['chop(tomato:sun:dried)', 'chop(tomato:sun:dried)', 'chop(tomato:sun:dried)']"
P11_05,other,218,220,"['chop(tomato:sun:dried)', 'chop(tomato:sun:dried)', 'chop(tomato:sun:dried)']"
P11_05,other,219,221,"['chop(tomato:sun:dried)', 'chop(tomato:sun:dried)', 'chop(tomato:sun:dried)']"
P11_101,other,27,29,"['turn-on(tap)', 'fill-up(jug)', 'turn-off(tap)']"
P11_103,container_usage,64,66,"['open(drawer)', 'close(drawer)', 'open(drawer)']"
P11_104,washing,49,51,"['turn-on(tap)', 'rinse(pot)', 'turn-off(tap)']"
P11_104,washing,53,55,"['turn-on(tap)', 'rinse(pot)', 'turn-off(tap)']"
P11_104,washing,122,124,"['turn-on(tap)', 'rinse(pan)', 'turn-off(tap)']"
P11_107,object_transfer,0,2,"['open(cupboard)', 'pick-up(plate)', 'put-down(plate)']"
P11_107,object_transfer,1,3,"['pick-up(plate)', 'put-down(plate)', 'put-down(plate)']"
P11_107,cutting,16,18,"['cut(pizza)', 'cut(pizza)', 'cut(pizza)']"
P11_107,cutting,17,19,"['cut(pizza)', 'cut(pizza)', 'cut(pizza)']"
P11_107,cutting,18,20,"['cut(pizza)', 'cut(pizza)', 'cut(pizza)']"
P11_107,cutting,19,21,"['cut(pizza)', 'cut(pizza)', 'cut(pizza)']"
P11_109,object_transfer,20,22,"['pick-up(glass)', 'put-down(glass)', 'put-down(glass)']"
P11_109,object_transfer,22,24,"['put-down(glass)', 'pick-up(glass)', 'put-down(glass)']"
P11_109,object_transfer,23,25,"['pick-up(glass)', 'put-down(glass)', 'pick-up(glass)']"
P11_109,object_transfer,24,26,"['put-down(glass)', 'pick-up(glass)', 'put-down(glass)']"
P11_109,object_transfer,25,27,"['pick-up(glass)', 'put-down(glass)', 'pick-up(glass)']"
P11_109,object_transfer,26,28,"['put-down(glass)', 'pick-up(glass)', 'put-down(glass)']"
P11_109,object_transfer,27,29,"['pick-up(glass)', 'put-down(glass)', 'put-down(glass)']"
P11_109,object_transfer,30,32,"['pick-up(glass)', 'pick-up(glass)', 'put-down(glass)']"
P11_109,object_transfer,31,33,"['pick-up(glass)', 'put-down(glass)', 'pick-up(glass)']"
P11_109,object_transfer,32,34,"['put-down(glass)', 'pick-up(glass)', 'put-down(glass)']"
P11_109,object_transfer,33,35,"['pick-up(glass)', 'put-down(glass)', 'pick-up(glass)']"
P11_109,other,99,101,"['pick-up(fork)', 'pick-up(fork)', 'pick-up(fork)']"
P11_109,washing,117,119,"['turn-on(tap)', 'rinse(hand)', 'turn-off(tap)']"
P11_11,cutting,12,14,"['cut(pizza)', 'cut(pizza)', 'cut(pizza)']"
P12_02,other,45,47,"['peel(onion)', 'peel(onion)', 'peel(onion)']"
P12_02,other,46,48,"['peel(onion)', 'peel(onion)', 'peel(onion)']"
P12_02,cutting,55,57,"['cut(onion)', 'cut(onion)', 'cut(onion)']"
P12_02,cutting,56,58,"['cut(onion)', 'cut(onion)', 'cut(onion)']"
P12_02,cutting,57,59,"['cut(onion)', 'cut(onion)', 'cut(onion)']"
P12_02,cutting,58,60,"['cut(onion)', 'cut(onion)', 'cut(onion)']"
P12_101,washing,102,104,"['turn-on(tap)', 'wash(hand)', 'turn-off(tap)']"
P12_101,washing,104,106,"['turn-off(tap)', 'turn-on(tap)', 'wash(hand)']"
P12_101,washing,105,107,"['turn-on(tap)', 'wash(hand)', 'turn-off(tap)']"
P12_101,object_transfer,118,120,"['put-into(meat)', 'put-into(meat)', 'put-into(meat)']"
P12_101,object_transfer,119,121,"['put-into(meat)', 'put-into(meat)', 'put-into(meat)']"
P12_101,object_transfer,120,122,"['put-into(meat)', 'put-into(meat)', 'put-into(meat)']"
P12_101,object_transfer,121,123,"['put-into(meat)', 'put-into(meat)', 'put-into(meat)']"
P12_101,object_transfer,122,124,"['put-into(meat)', 'put-into(meat)', 'put-into(meat)']"
P12_101,object_transfer,123,125,"['put-into(meat)', 'put-into(meat)', 'put-into(meat)']"
P12_101,washing,145,147,"['put-down(spoon)', 'turn-on(tap)', 'wash(hand)']"
P12_101,washing,202,204,"['turn-on(tap)', 'wash(hand)', 'turn-off(tap)']"
P12_101,washing,232,234,"['turn-on(tap)', 'wash(hand)', 'turn-off(tap)']"
P12_101,washing,329,331,"['pick-up(spoon)', 'turn-on(tap)', 'wash(spoon)']"
P12_101,other,332,334,"['turn-on(tap)', 'pour-into(water)', 'turn-off(tap)']"
P12_101,other,334,336,"['turn-off(tap)', 'pour-into(water)', 'turn-on(tap)']"
P12_101,container_usage,362,364,"['open(drawer)', 'open(drawer)', 'close(drawer)']"
P12_101,container_usage,363,365,"['open(drawer)', 'close(drawer)', 'open(drawer)']"
P12_101,container_usage,364,366,"['close(drawer)', 'open(drawer)', 'close(drawer)']"
P12_101,washing,387,389,"['turn-on(tap)', 'wash(hand)', 'turn-off(tap)']"
P12_101,washing,474,476,"['pick-up(spoon)', 'turn-on(tap)', 'wash(spoon)']"
P12_101,washing,478,480,"['put-down(spoon)', 'turn-on(tap)', 'wash(hand)']"
P12_101,washing,479,481,"['turn-on(tap)', 'wash(hand)', 'turn-off(tap)']"
P12_103,washing,53,55,"['put-down(spoon)', 'turn-on(tap)', 'wash(hand)']"
P12_103,washing,54,56,"['turn-on(tap)', 'wash(hand)', 'turn-off(tap)']"
P12_103,washing,128,130,"['turn-on(tap)', 'wash(hand)', 'turn-off(tap)']"
P12_104,washing,0,2,"['pick-up(spoon)', 'turn-on(tap)', 'wash(spoon)']"
P12_104,washing,5,7,"['pick-up(spoon)', 'turn-on(tap)', 'wash(spoon)']"
P12_104,washing,93,95,"['turn-on(tap)', 'wash(hand)', 'turn-off(tap)']"
P12_104,washing,95,97,"['turn-off(tap)', 'turn-on(tap)', 'wash(hand)']"
P12_104,washing,192,194,"['wash(plate)', 'put-down(plate)', 'wash(plate)']"
P12_104,washing,205,207,"['pick-up(knife)', 'wash(knife)', 'put-down(knife)']"
P12_104,washing,206,208,"['wash(knife)', 'put-down(knife)', 'pick-up(knife)']"
P12_104,washing,207,209,"['put-down(knife)', 'pick-up(knife)', 'wash(knife)']"
P12_104,washing,208,210,"['pick-up(knife)', 'wash(knife)', 'put-down(knife)']"
P12_105,other,7,9,"['pour-from(soup)', 'scoop-up(soup)', 'pour-from(soup)']"
P12_105,other,9,11,"['pour-from(soup)', 'scoop-up(soup)', 'pour-from(soup)']"
P12_105,other,11,13,"['pour-from(soup)', 'scoop-up(soup)', 'pour-from(soup)']"
P12_105,other,23,25,"['pour-from(soup)', 'scoop-up(soup)', 'pour-from(soup)']"
P12_105,other,31,33,"['pour-from(soup)', 'scoop-up(soup)', 'pour-from(soup)']"
P13_04,container_usage,2,4,"['open(fridge)', 'pick-up(milk)', 'close(fridge)']"
P13_05,container_usage,3,5,"['open(fridge)', 'pick-up(milk)', 'close(fridge)']"
P13_06,container_usage,5,7,"['open(drawer)', 'close(drawer)', 'open(drawer)']"
P13_08,cutting,27,29,"['cut(onion)', 'cut(onion)', 'cut(onion)']"
P13_08,cutting,28,30,"['cut(onion)', 'cut(onion)', 'cut(onion)']"
P13_08,cutting,29,31,"['cut(onion)', 'cut(onion)', 'cut(onion)']"
P13_08,cutting,30,32,"['cut(onion)', 'cut(onion)', 'cut(onion)']"
P13_08,cutting,31,33,"['cut(onion)', 'cut(onion)', 'cut(onion)']"
P13_09,washing,2,4,"['wash(pan)', 'wash(pan)', 'wash(pan)']"
P14_07,washing,5,7,"['take(spoon)', 'wash(spoon)', 'put-down(spoon)']"
P15_03,container_usage,6,8,"['open(drawer)', 'close(drawer)', 'open(drawer)']"
P15_03,washing,22,24,"['turn-on(tap)', 'wash(hand)', 'turn-off(tap)']"
P15_03,washing,23,25,"['wash(hand)', 'turn-off(tap)', 'dry(hand)']"
P16_03,washing,10,12,"['wash(pan)', 'wash(pan)', 'wash(pan)']"
P17_01,other,9,11,"['turn-on(tap)', 'pour-into(water)', 'turn-off(tap)']"
P19_01,cutting,30,32,"['cut(tomato)', 'cut(tomato)', 'cut(tomato)']"
P19_01,cutting,37,39,"['cut(tomato)', 'cut(tomato)', 'cut(tomato)']"
P19_03,washing,14,16,"['wash(pan)', 'wash(pan)', 'wash(pan)']"
P19_04,other,5,7,"['trim-into(bean:green)', 'trim-into(bean:green)', 'trim-into(bean:green)']"
P19_04,other,6,8,"['trim-into(bean:green)', 'trim-into(bean:green)', 'trim-into(bean:green)']"
P19_04,other,7,9,"['trim-into(bean:green)', 'trim-into(bean:green)', 'trim-into(bean:green)']"
P19_04,other,8,10,"['trim-into(bean:green)', 'trim-into(bean:green)', 'trim-into(bean:green)']"
P19_04,other,9,11,"['trim-into(bean:green)', 'trim-into(bean:green)', 'trim-into(bean:green)']"
P19_04,other,10,12,"['trim-into(bean:green)', 'trim-into(bean:green)', 'trim-into(bean:green)']"
P19_04,cutting,36,38,"['cut(tomato)', 'cut(tomato)', 'cut(tomato)']"
P19_04,cutting,37,39,"['cut(tomato)', 'cut(tomato)', 'cut(tomato)']"
P19_04,cutting,38,40,"['cut(tomato)', 'cut(tomato)', 'cut(tomato)']"
P20_01,washing,0,2,"['turn-on(tap)', 'wash(hand)', 'turn-off(tap)']"
P20_01,washing,48,50,"['turn-on(tap)', 'wash(hand)', 'turn-off(tap)']"
P20_01,object_transfer,86,88,"['pick-up(bowl)', 'put-down(bowl)', 'pick-up(bowl)']"
P20_01,washing,88,90,"['pick-up(bowl)', 'turn-on(tap)', 'rinse(bowl)']"
P20_01,washing,89,91,"['turn-on(tap)', 'rinse(bowl)', 'turn-off(tap)']"
P20_01,stirring,151,153,"['stir(meat)', 'stir(meat)', 'stir(meat)']"
P20_01,stirring,152,154,"['stir(meat)', 'stir(meat)', 'stir(meat)']"
P20_01,stirring,156,158,"['stir(meat)', 'stir(meat)', 'stir(meat)']"
P20_01,stirring,171,173,"['stir(meat)', 'press-on(spatula)', 'press-on(spatula)']"
P20_01,other,172,174,"['press-on(spatula)', 'press-on(spatula)', 'flip(meat)']"
P20_01,stirring,174,176,"['flip(meat)', 'stir(meat)', 'press-on(spatula)']"
P20_01,stirring,175,177,"['stir(meat)', 'press-on(spatula)', 'press-on(spatula)']"
P20_01,other,176,178,"['press-on(spatula)', 'press-on(spatula)', 'press-on(spatula)']"
P20_01,other,177,179,"['press-on(spatula)', 'press-on(spatula)', 'press-on(spatula)']"
P20_01,other,178,180,"['press-on(spatula)', 'press-on(spatula)', 'flip(meat)']"
P20_01,other,179,181,"['press-on(spatula)', 'flip(meat)', 'press-on(spatula)']"
P20_01,other,180,182,"['flip(meat)', 'press-on(spatula)', 'press-on(spatula)']"
P20_01,other,184,186,"['press-on(spatula)', 'flip(meat)', 'press-on(spatula)']"
P20_01,stirring,187,189,"['stir(meat)', 'press-on(spatula)', 'press-on(spatula)']"
P20_01,other,188,190,"['press-on(spatula)', 'press-on(spatula)', 'press-on(spatula)']"
P20_01,other,189,191,"['press-on(spatula)', 'press-on(spatula)', 'flip(meat)']"
P20_01,other,190,192,"['press-on(spatula)', 'flip(meat)', 'press-on(spatula)']"
P20_01,other,191,193,"['flip(meat)', 'press-on(spatula)', 'press-on(spatula)']"
P20_01,other,192,194,"['press-on(spatula)', 'press-on(spatula)', 'press-on(spatula)']"
P20_01,other,193,195,"['press-on(spatula)', 'press-on(spatula)', 'press-on(spatula)']"
P20_01,other,197,199,"['press-on(spatula)', 'press-on(spatula)', 'press-on(spatula)']"
P20_01,other,198,200,"['press-on(spatula)', 'press-on(spatula)', 'press-on(spatula)']"
P20_01,other,199,201,"['press-on(spatula)', 'press-on(spatula)', 'press-on(spatula)']"
P20_01,other,200,202,"['press-on(spatula)', 'press-on(spatula)', 'press-on(spatula)']"
P20_01,stirring,204,206,"['flip(meat)', 'stir(meat)', 'press-on(spatula)']"
P20_01,stirring,205,207,"['stir(meat)', 'press-on(spatula)', 'press-on(spatula)']"
P20_01,stirring,211,213,"['flip(meat)', 'stir(meat)', 'press-on(spatula)']"
P20_01,stirring,212,214,"['stir(meat)', 'press-on(spatula)', 'press-on(spatula)']"
P20_01,other,213,215,"['press-on(spatula)', 'press-on(spatula)', 'press-on(spatula)']"
P20_01,other,214,216,"['press-on(spatula)', 'press-on(spatula)', 'press-on(spatula)']"
P20_01,stirring,225,227,"['flip(meat)', 'stir(meat)', 'press-on(spatula)']"
P20_01,other,233,235,"['press-on(spatula)', 'press-on(spatula)', 'press-on(spatula)']"
P20_01,other,234,236,"['press-on(spatula)', 'press-on(spatula)', 'flip(meat)']"
P20_01,stirring,236,238,"['flip(meat)', 'stir(meat)', 'press-on(spatula)']"
P20_01,stirring,237,239,"['stir(meat)', 'press-on(spatula)', 'press-on(spatula)']"
P20_01,other,238,240,"['press-on(spatula)', 'press-on(spatula)', 'press-on(spatula)']"
P20_01,other,239,241,"['press-on(spatula)', 'press-on(spatula)', 'press-on(spatula)']"
P20_01,other,243,245,"['press-on(spatula)', 'flip(meat)', 'press-on(spatula)']"
P20_01,other,269,271,"['press-on(spatula)', 'press-on(spatula)', 'press-on(spatula)']"
P20_01,other,270,272,"['press-on(spatula)', 'press-on(spatula)', 'flip(meat)']"
P20_01,other,271,273,"['press-on(spatula)', 'flip(meat)', 'press-on(spatula)']"
P20_01,other,272,274,"['flip(meat)', 'press-on(spatula)', 'press-on(spatula)']"
P20_01,other,273,275,"['press-on(spatula)', 'press-on(spatula)', 'press-on(spatula)']"
P20_01,other,274,276,"['press-on(spatula)', 'press-on(spatula)', 'press-on(spatula)']"
P20_01,other,275,277,"['press-on(spatula)', 'press-on(spatula)', 'press-on(spatula)']"
P20_01,other,276,278,"['press-on(spatula)', 'press-on(spatula)', 'flip(meat)']"
P20_01,other,280,282,"['press-on(spatula)', 'press-on(spatula)', 'press-on(spatula)']"
P20_01,other,281,283,"['press-on(spatula)', 'press-on(spatula)', 'press-on(spatula)']"
P20_01,other,282,284,"['press-on(spatula)', 'press-on(spatula)', 'press-on(spatula)']"
P20_01,other,283,285,"['press-on(spatula)', 'press-on(spatula)', 'press-on(spatula)']"
P20_01,other,284,286,"['press-on(spatula)', 'press-on(spatula)', 'press-on(spatula)']"
P20_01,other,293,295,"['press-on(spatula)', 'flip(meat)', 'press-on(spatula)']"
P20_01,other,294,296,"['flip(meat)', 'press-on(spatula)', 'press-on(spatula)']"
P20_01,other,295,297,"['press-on(spatula)', 'press-on(spatula)', 'press-on(spatula)']"
P20_01,other,296,298,"['press-on(spatula)', 'press-on(spatula)', 'press-on(spatula)']"
P20_01,other,297,299,"['press-on(spatula)', 'press-on(spatula)', 'press-on(spatula)']"
P20_01,other,301,303,"['flip(meat)', 'press-on(spatula)', 'press-on(spatula)']"
P20_01,object_transfer,310,312,"['pick-up(bowl)', 'put-down(bowl)', 'pick-up(bowl)']"
P20_01,washing,312,314,"['pick-up(bowl)', 'turn-on(tap)', 'rinse(bowl)']"
P20_01,washing,313,315,"['turn-on(tap)', 'rinse(bowl)', 'turn-off(tap)']"
P20_02,object_transfer,3,5,"['pick-up(plate)', 'pick-up(plate)', 'put-down(plate)']"
P20_02,object_transfer,4,6,"['pick-up(plate)', 'put-down(plate)', 'pick-up(plate)']"
P20_02,object_transfer,10,12,"['pick-up(plate)', 'put-down(plate)', 'pick-up(plate)']"
P20_02,object_transfer,11,13,"['put-down(plate)', 'pick-up(plate)', 'put-down(plate)']"
P20_02,washing,17,19,"['turn-on(tap)', 'wash(hand)', 'wash(hand)']"
P20_02,object_transfer,57,59,"['put-down(plate)', 'put-down(plate)', 'pick-up(plate)']"
P20_02,object_transfer,62,64,"['pick-up(plate)', 'put-down(plate)', 'put-down(plate)']"
P20_03,container_usage,15,17,"['open(fridge)', 'pick-up(milk)', 'close(fridge)']"
P20_04,washing,0,2,"['turn-on(tap)', 'wash(hand)', 'turn-off(tap)']"
P20_04,object_transfer,17,19,"['pick-up(bowl)', 'put-down(bowl)', 'pick-up(bowl)']"
P20_04,washing,29,31,"['turn-on(tap)', 'wash(hand)', 'turn-off(tap)']"
P20_04,other,58,60,"['take-off(skin)', 'take-off(skin)', 'take-off(skin)']"
P20_04,other,59,61,"['take-off(skin)', 'take-off(skin)', 'take-off(skin)']"
P20_04,other,60,62,"['take-off(skin)', 'take-off(skin)', 'take-off(skin)']"
P20_04,other,61,63,"['take-off(skin)', 'take-off(skin)', 'take-off(skin)']"
P20_04,other,62,64,"['take-off(skin)', 'take-off(skin)', 'take-off(skin)']"
P20_04,other,63,65,"['take-off(skin)', 'take-off(skin)', 'take-off(skin)']"
P20_04,other,64,66,"['take-off(skin)', 'take-off(skin)', 'take-off(skin)']"
P20_04,other,65,67,"['take-off(skin)', 'take-off(skin)', 'take-off(skin)']"
P20_04,other,66,68,"['take-off(skin)', 'take-off(skin)', 'take-off(skin)']"
P20_04,other,67,69,"['take-off(skin)', 'take-off(skin)', 'take-off(skin)']"
P20_04,other,68,70,"['take-off(skin)', 'take-off(skin)', 'take-off(skin)']"
P20_04,other,69,71,"['take-off(skin)', 'take-off(skin)', 'take-off(skin)']"
P20_04,washing,91,93,"['turn-on(tap)', 'rinse(hand)', 'turn-off(tap)']"
P20_04,washing,120,122,"['turn-on(tap)', 'rinse(hand)', 'turn-off(tap)']"
P20_04,object_transfer,122,124,"['turn-off(tap)', 'pick-up(bowl)', 'put-down(bowl)']"
P20_04,washing,136,138,"['turn-on(tap)', 'rinse(hand)', 'turn-off(tap)']"
P20_04,object_transfer,138,140,"['turn-off(tap)', 'pick-up(bowl)', 'put-down(bowl)']"
P20_04,washing,159,161,"['turn-on(tap)', 'wash(hand)', 'turn-off(tap)']"
P20_04,washing,165,167,"['turn-on(tap)', 'wash(hand)', 'turn-off(tap)']"
P20_04,washing,174,176,"['turn-on(tap)', 'wash(hand)', 'turn-off(tap)']"
P20_04,other,224,226,"['take-off(skin)', 'take-off(skin)', 'take-off(skin)']"
P20_04,washing,253,255,"['turn-on(tap)', 'rinse(hand)', 'turn-off(tap)']"
P20_04,object_transfer,266,268,"['pick-up(bowl)', 'put-down(bowl)', 'pick-up(bowl)']"
P20_04,stirring,278,280,"['stir(meat)', 'stir(meat)', 'stir(meat)']"
P20_04,stirring,279,281,"['stir(meat)', 'stir(meat)', 'stir(meat)']"
P20_04,stirring,280,282,"['stir(meat)', 'stir(meat)', 'stir(meat)']"
P20_04,stirring,284,286,"['stir(meat)', 'stir(meat)', 'stir(meat)']"
P20_04,stirring,285,287,"['stir(meat)', 'stir(meat)', 'stir(meat)']"
P20_04,object_transfer,299,301,"['pick-up(bowl)', 'put-down(bowl)', 'pick-up(bowl)']"
P20_04,object_transfer,300,302,"['put-down(bowl)', 'pick-up(bowl)', 'put-down(bowl)']"
P20_04,object_transfer,301,303,"['pick-up(bowl)', 'put-down(bowl)', 'put-down(bowl)']"
P20_04,washing,311,313,"['turn-on(tap)', 'wash(hand)', 'turn-off(tap)']"
P20_04,other,315,317,"['move-into(piece:meat)', 'move-into(piece:meat)', 'move-into(piece:meat)']"
P20_04,other,316,318,"['move-into(piece:meat)', 'move-into(piece:meat)', 'move-into(piece:meat)']"
P20_04,other,317,319,"['move-into(piece:meat)', 'move-into(piece:meat)', 'move-into(piece:meat)']"
P20_04,other,318,320,"['move-into(piece:meat)', 'move-into(piece:meat)', 'move-into(piece:meat)']"
P20_04,other,319,321,"['move-into(piece:meat)', 'move-into(piece:meat)', 'move-into(piece:meat)']"
P20_04,other,320,322,"['move-into(piece:meat)', 'move-into(piece:meat)', 'move-into(piece:meat)']"
P20_04,other,367,369,"['pour(packaging)', 'pour(packaging)', 'pour(packaging)']"
P20_04,other,368,370,"['pour(packaging)', 'pour(packaging)', 'pour(packaging)']"
P20_04,other,369,371,"['pour(packaging)', 'pour(packaging)', 'pour(packaging)']"
P20_04,other,370,372,"['pour(packaging)', 'pour(packaging)', 'pour(packaging)']"
P20_04,other,371,373,"['pour(packaging)', 'pour(packaging)', 'pour(packaging)']"
P22_05,other,204,206,"['peel(peach)', 'peel(peach)', 'peel(peach)']"
P22_05,other,205,207,"['peel(peach)', 'peel(peach)', 'peel(peach)']"
P22_05,other,206,208,"['peel(peach)', 'peel(peach)', 'peel(peach)']"
P22_05,other,207,209,"['peel(peach)', 'peel(peach)', 'peel(peach)']"
P22_05,other,208,210,"['peel(peach)', 'peel(peach)', 'peel(peach)']"
P22_05,other,209,211,"['peel(peach)', 'peel(peach)', 'peel(peach)']"
P22_05,other,210,212,"['peel(peach)', 'peel(peach)', 'peel(peach)']"
P22_05,other,215,217,"['peel(peach)', 'peel(peach)', 'peel(peach)']"
P22_05,other,216,218,"['peel(peach)', 'peel(peach)', 'peel(peach)']"
P22_05,other,217,219,"['peel(peach)', 'peel(peach)', 'peel(peach)']"
P22_05,other,218,220,"['peel(peach)', 'peel(peach)', 'peel(peach)']"
P22_05,other,219,221,"['peel(peach)', 'peel(peach)', 'peel(peach)']"
P22_05,other,220,222,"['peel(peach)', 'peel(peach)', 'peel(peach)']"
P22_05,other,221,223,"['peel(peach)', 'peel(peach)', 'peel(peach)']"
P22_05,cutting,242,244,"['cut(peach)', 'cut(peach)', 'remove(peach)']"
P22_05,cutting,250,252,"['cut(peach)', 'remove(peach)', 'put-down(peach)']"
P22_05,cutting,266,268,"['cut(peach)', 'cut(peach)', 'remove(peach)']"
P22_05,cutting,267,269,"['cut(peach)', 'remove(peach)', 'put-down(peach)']"
P22_05,cutting,271,273,"['cut(peach)', 'cut(peach)', 'remove(peach)']"
P22_05,cutting,276,278,"['cut(peach)', 'remove(peach)', 'put-down(peach)']"
P22_05,cutting,279,281,"['cut(peach)', 'cut(peach)', 'remove(peach)']"
P22_05,washing,299,301,"['turn-on(tap)', 'wash(hand)', 'turn-off(tap)']"
P22_05,washing,300,302,"['wash(hand)', 'turn-off(tap)', 'shake(hand)']"
P22_05,washing,330,332,"['turn-on(tap)', 'rinse(hand)', 'turn-off(tap)']"
P22_05,washing,331,333,"['rinse(hand)', 'turn-off(tap)', 'shake(hand)']"
P22_05,other,332,334,"['turn-off(tap)', 'shake(hand)', 'pick-up(cloth)']"
P22_05,other,333,335,"['shake(hand)', 'pick-up(cloth)', 'dry(hand)']"
P22_05,object_transfer,334,336,"['pick-up(cloth)', 'dry(hand)', 'put-down(cloth)']"
P22_05,washing,340,342,"['turn-on(tap)', 'pick-up(sponge)', 'rinse(sponge)']"
P22_05,container_usage,355,357,"['open(drawer)', 'close(drawer)', 'open(drawer)']"
P22_05,washing,411,413,"['turn-on(tap)', 'pick-up(cloth)', 'rinse(cloth)']"
P22_05,washing,412,414,"['pick-up(cloth)', 'rinse(cloth)', 'clean(sink)']"
P22_05,washing,413,415,"['rinse(cloth)', 'clean(sink)', 'rinse(cloth)']"
P22_05,washing,415,417,"['rinse(cloth)', 'clean(sink)', 'turn-off(tap)']"
P22_05,washing,422,424,"['pick-up(sponge)', 'rinse(sponge)', 'turn-off(tap)']"
P22_05,washing,447,449,"['turn-on(tap)', 'rinse(cloth)', 'put-down(cloth)']"
P22_05,washing,450,452,"['pick-up(sponge)', 'rinse(sponge)', 'put-down(sponge)']"
P22_05,washing,454,456,"['rinse(hand)', 'turn-off(tap)', 'shake(hand)']"
P22_05,other,455,457,"['turn-off(tap)', 'shake(hand)', 'dry(hand)']"
P22_05,object_transfer,456,458,"['shake(hand)', 'dry(hand)', 'put-down(cloth)']"
P22_06,container_usage,12,14,"['open(drawer)', 'take(fork)', 'close(drawer)']"
P22_06,object_transfer,83,85,"['pick-up(fork)', 'lather(fork)', 'put-down(fork)']"
P22_06,washing,103,105,"['rinse(plate)', 'put-down(plate)', 'pick-up(plate)']"
P22_06,object_transfer,104,106,"['put-down(plate)', 'pick-up(plate)', 'lather(plate)']"
P22_06,washing,133,135,"['pick-up(plate)', 'rinse(plate)', 'put-down(plate)']"
P22_06,washing,164,166,"['turn-on(tap)', 'rinse(hand)', 'turn-off(tap)']"
P22_06,washing,165,167,"['rinse(hand)', 'turn-off(tap)', 'dry(hand)']"
P22_06,object_transfer,166,168,"['turn-off(tap)', 'dry(hand)', 'put-down(cloth)']"
P22_06,container_usage,178,180,"['open(drawer)', 'close(drawer)', 'open(drawer)']"
P22_07,washing,37,39,"['pick-up(cloth)', 'turn-on(tap)', 'rinse(cloth)']"
P22_07,washing,38,40,"['turn-on(tap)', 'rinse(cloth)', 'put-down(cloth)']"
P22_07,washing,41,43,"['pick-up(sponge)', 'rinse(sponge)', 'put-down(sponge)']"
P22_07,washing,42,44,"['rinse(sponge)', 'put-down(sponge)', 'rinse(hand)']"
P22_07,washing,44,46,"['rinse(hand)', 'pick-up(sponge)', 'rinse(sponge)']"
P22_07,cutting,70,72,"['open(drawer)', 'pick-up(board:cutting)', 'put-down(board:cutting)']"
P22_07,cutting,126,128,"['cut(onion)', 'cut(onion)', 'cut(onion)']"
P22_07,cutting,127,129,"['cut(onion)', 'cut(onion)', 'cut(onion)']"
P22_07,cutting,128,130,"['cut(onion)', 'cut(onion)', 'cut(onion)']"
P22_07,washing,144,146,"['turn-on(tap)', 'rinse(hand)', 'turn-off(tap)']"
P22_07,washing,145,147,"['rinse(hand)', 'turn-off(tap)', 'shake(hand)']"
P22_07,other,146,148,"['turn-off(tap)', 'shake(hand)', 'dry(hand)']"
P22_07,object_transfer,147,149,"['shake(hand)', 'dry(hand)', 'put-down(cloth)']"
P22_07,object_transfer,148,150,"['dry(hand)', 'put-down(cloth)', 'open(drawer)']"
P22_07,object_transfer,170,172,"['pour(oil)', 'close(oil)', 'put-down(oil)']"
P22_07,washing,217,219,"['close(can:trash)', 'turn-on(tap)', 'rinse(hand)']"
P22_07,washing,218,220,"['turn-on(tap)', 'rinse(hand)', 'turn-off(tap)']"
P22_07,washing,219,221,"['rinse(hand)', 'turn-off(tap)', 'shake(hand)']"
P22_07,other,220,222,"['turn-off(tap)', 'shake(hand)', 'dry(hand)']"
P22_07,object_transfer,221,223,"['shake(hand)', 'dry(hand)', 'put-down(cloth)']"
P22_07,cutting,234,236,"['cut(courgette)', 'cut(courgette)', 'cut(courgette)']"
P22_07,cutting,235,237,"['cut(courgette)', 'cut(courgette)', 'cut(courgette)']"
P22_07,cutting,236,238,"['cut(courgette)', 'cut(courgette)', 'cut(courgette)']"
P22_07,cutting,237,239,"['cut(courgette)', 'cut(courgette)', 'cut(courgette)']"
P22_07,cutting,238,240,"['cut(courgette)', 'cut(courgette)', 'cut(courgette)']"
P22_07,cutting,239,241,"['cut(courgette)', 'cut(courgette)', 'cut(courgette)']"
P22_07,cutting,240,242,"['cut(courgette)', 'cut(courgette)', 'cut(courgette)']"
P22_07,cutting,241,243,"['cut(courgette)', 'cut(courgette)', 'cut(courgette)']"
P22_07,cutting,242,244,"['cut(courgette)', 'cut(courgette)', 'cut(courgette)']"
P22_07,container_usage,261,263,"['open(salt)', 'pour(salt)', 'close(salt)']"
P22_07,container_usage,265,267,"['open(salt)', 'pour(salt)', 'close(salt)']"
P22_07,other,292,294,"['pour(pasta)', 'pour(pasta)', 'pour(pasta)']"
P22_07,washing,391,393,"['put-down(cloth)', 'turn-on(tap)', 'rinse(hand)']"
P22_07,washing,392,394,"['turn-on(tap)', 'rinse(hand)', 'turn-off(tap)']"
P22_07,washing,393,395,"['rinse(hand)', 'turn-off(tap)', 'dry(hand)']"
P22_07,object_transfer,394,396,"['turn-off(tap)', 'dry(hand)', 'put-down(cloth)']"
P22_07,object_transfer,395,397,"['dry(hand)', 'put-down(cloth)', 'open(drawer)']"
P22_07,other,412,414,"['pour(water)', 'pour(water)', 'pour(water)']"
P22_07,other,413,415,"['pour(water)', 'pour(water)', 'pour(water)']"
P22_07,other,414,416,"['pour(water)', 'pour(water)', 'pour(water)']"
P22_07,container_usage,419,421,"['open(drawer)', 'pick-up(spoon)', 'close(drawer)']"
P22_07,container_usage,447,449,"['open(drawer)', 'close(drawer)', 'open(drawer)']"
P22_07,washing,473,475,"['turn-on(tap)', 'rinse(cloth)', 'turn-off(tap)']"
P22_07,washing,477,479,"['turn-on(tap)', 'rinse(cloth)', 'put-down(cloth)']"
P22_07,object_transfer,504,506,"['pick-up(plate)', 'put-down(plate)', 'put-down(plate)']"
P22_07,object_transfer,512,514,"['pick-up(glass)', 'put-down(glass)', 'put-down(glass)']"
P22_07,washing,521,523,"['turn-on(tap)', 'rinse(plate)', 'turn-off(tap)']"
P22_07,washing,522,524,"['rinse(plate)', 'turn-off(tap)', 'lather(plate)']"
P22_07,washing,525,527,"['turn-on(tap)', 'rinse(plate)', 'put-down(plate)']"
P22_07,washing,529,531,"['rinse(hand)', 'turn-off(tap)', 'dry(hand)']"
P22_07,washing,550,552,"['turn-on(tap)', 'rinse(sponge)', 'turn-off(tap)']"
P22_07,washing,588,590,"['rinse(hand)', 'turn-off(tap)', 'dry(hand)']"
P22_07,washing,604,606,"['put-down(cloth)', 'turn-on(tap)', 'rinse(hand)']"
P22_07,washing,605,607,"['turn-on(tap)', 'rinse(hand)', 'turn-off(tap)']"
P22_07,washing,606,608,"['rinse(hand)', 'turn-off(tap)', 'shake(hand)']"
P22_07,other,607,609,"['turn-off(tap)', 'shake(hand)', 'dry(hand)']"
P22_07,stirring,680,682,"['stir(pasta)', 'stir(pasta)', 'stir(pasta)']"
P22_07,stirring,686,688,"['stir(pasta)', 'stir(pasta)', 'stir(pasta)']"
P22_07,stirring,719,721,"['stir(pasta)', 'stir(pasta)', 'stir(pasta)']"
P22_07,stirring,720,722,"['stir(pasta)', 'stir(pasta)', 'stir(pasta)']"
P22_07,stirring,721,723,"['stir(pasta)', 'stir(pasta)', 'stir(pasta)']"
P22_07,stirring,722,724,"['stir(pasta)', 'stir(pasta)', 'stir(pasta)']"
P22_07,washing,737,739,"['turn-on(tap)', 'rinse(hand)', 'turn-off(tap)']"
P22_07,washing,738,740,"['rinse(hand)', 'turn-off(tap)', 'dry(hand)']"
P22_08,object_transfer,44,46,"['pick-up(pan)', 'put-down(pan)', 'turn-on(tap)']"
P22_08,washing,55,57,"['turn-on(tap)', 'rinse(plate)', 'put-down(plate)']"
P22_08,object_transfer,154,156,"['pick-up(pan)', 'put-down(pan)', 'turn-on(tap)']"
P22_08,washing,170,172,"['rinse(sponge)', 'put-down(sponge)', 'rinse(hand)']"
P22_08,washing,172,174,"['rinse(hand)', 'turn-off(tap)', 'dry(hand)']"
P22_08,washing,212,214,"['rinse(hand)', 'pick-up(cloth)', 'rinse(cloth)']"
P22_08,washing,217,219,"['rinse(cloth)', 'clean(sink)', 'rinse(cloth)']"
P22_08,washing,221,223,"['rinse(cloth)', 'clean(sink)', 'turn-off(tap)']"
P22_08,washing,224,226,"['turn-on(tap)', 'rinse(hand)', 'turn-off(tap)']"
P22_08,washing,225,227,"['rinse(hand)', 'turn-off(tap)', 'shake(hand)']"
P22_08,container_usage,254,256,"['close(drawer)', 'open(drawer)', 'close(drawer)']"
P22_08,washing,262,264,"['put-down(sponge)', 'turn-on(tap)', 'rinse(glass)']"
P22_08,washing,263,265,"['turn-on(tap)', 'rinse(glass)', 'put-down(glass)']"
P22_08,washing,264,266,"['rinse(glass)', 'put-down(glass)', 'pick-up(glass)']"
P22_08,washing,265,267,"['put-down(glass)', 'pick-up(glass)', 'rinse(glass)']"
P22_08,washing,266,268,"['pick-up(glass)', 'rinse(glass)', 'put-down(glass)']"
P22_08,washing,269,271,"['rinse(hand)', 'pick-up(cloth)', 'rinse(cloth)']"
P22_08,washing,272,274,"['rinse(sponge)', 'put-down(sponge)', 'rinse(hand)']"
P22_08,washing,280,282,"['turn-on(tap)', 'rinse(hand)', 'turn-off(tap)']"
P22_08,other,294,296,"['spray(detergent)', 'clean(table)', 'spray(detergent)']"
P22_08,other,295,297,"['clean(table)', 'spray(detergent)', 'clean(table)']"
P22_08,other,296,298,"['spray(detergent)', 'clean(table)', 'spray(detergent)']"
P22_08,container_usage,366,368,"['open(drawer)', 'pick-up(teaspoon)', 'close(drawer)']"
P22_09,washing,1,3,"['turn-on(tap)', 'rinse(hand)', 'turn-off(tap)']"
P22_09,washing,2,4,"['rinse(hand)', 'turn-off(tap)', 'shake(hand)']"
P22_09,object_transfer,29,31,"['put-down(plate)', 'put-down(plate)', 'pick-up(plate)']"
P22_09,object_transfer,38,40,"['pick-up(glass)', 'put-down(glass)', 'put-down(glass)']"
P22_09,object_transfer,107,109,"['turn-off(tap)', 'dry(hand)', 'put-down(cloth)']"
P22_09,washing,130,132,"['turn-on(tap)', 'rinse(hand)', 'turn-off(tap)']"
P22_09,washing,131,133,"['rinse(hand)', 'turn-off(tap)', 'shake(hand)']"
P22_09,other,132,134,"['turn-off(tap)', 'shake(hand)', 'dry(hand)']"
P22_09,object_transfer,133,135,"['shake(hand)', 'dry(hand)', 'put-down(cloth)']"
P22_09,washing,164,166,"['turn-on(tap)', 'rinse(cloth)', 'turn-off(tap)']"
P22_09,washing,165,167,"['rinse(cloth)', 'turn-off(tap)', 'wring(cloth)']"
P22_09,washing,179,181,"['turn-on(tap)', 'rinse(cloth)', 'turn-off(tap)']"
P22_09,washing,180,182,"['rinse(cloth)', 'turn-off(tap)', 'wring(cloth)']"
P22_101,container_usage,0,2,"['open(cupboard)', 'pick-up(glass)', 'close(cupboard)']"
P22_101,object_transfer,1,3,"['pick-up(glass)', 'close(cupboard)', 'put-down(glass)']"
P22_101,washing,10,12,"['pick-up(glass)', 'turn-on(tap)', 'rinse(glass)']"
P22_101,washing,11,13,"['turn-on(tap)', 'rinse(glass)', 'turn-off(tap)']"
P22_101,object_transfer,16,18,"['pick-up(cloth)', 'dry(hand)', 'put-down(cloth)']"
P22_101,object_transfer,17,19,"['dry(hand)', 'put-down(cloth)', 'open(drawer)']"
P22_101,container_usage,19,21,"['open(drawer)', 'pick-up(teaspoon)', 'close(drawer)']"
P22_101,object_transfer,29,31,"['put-down(powder)', 'pick-up(powder)', 'put-down(powder)']"
P22_101,object_transfer,31,33,"['put-down(powder)', 'pick-up(powder)', 'put-down(powder)']"
P22_101,washing,68,70,"['turn-on(tap)', 'rinse(glass)', 'turn-off(tap)']"
P22_101,container_usage,85,87,"['open(drawer)', 'pick-up(spoon)', 'close(drawer)']"
P22_101,other,110,112,"['shake(hand)', 'pick-up(cloth)', 'dry(hand)']"
P22_101,object_transfer,111,113,"['pick-up(cloth)', 'dry(hand)', 'put-down(cloth)']"
P22_101,object_transfer,112,114,"['dry(hand)', 'put-down(cloth)', 'open(cupboard)']"
P22_101,container_usage,145,147,"['open(drawer)', 'pick-up(mat:place)', 'close(drawer)']"
P22_101,object_transfer,146,148,"['pick-up(mat:place)', 'close(drawer)', 'put-down(mat:place)']"
P22_101,object_transfer,151,153,"['put-down(glass)', 'pick-up(bowl)', 'put-down(bowl)']"
P22_101,container_usage,155,157,"['open(cupboard)', 'pick-up(glass)', 'close(cupboard)']"
P22_102,object_transfer,6,8,"['put-down(glass)', 'pick-up(bowl)', 'put-down(bowl)']"
P22_102,container_usage,25,27,"['open(cupboard)', 'put-down(degreaser)', 'close(cupboard)']"
P22_102,washing,62,64,"['pick-up(glass)', 'turn-on(tap)', 'rinse(glass)']"
P22_102,object_transfer,74,76,"['pick-up(spoon)', 'lather(spoon)', 'put-down(spoon)']"
P22_102,washing,92,94,"['pick-up(spoon)', 'rinse(spoon)', 'put-down(spoon)']"
P22_102,washing,107,109,"['turn-on(tap)', 'pick-up(sponge)', 'rinse(sponge)']"
P22_102,washing,108,110,"['pick-up(sponge)', 'rinse(sponge)', 'rinse(hand)']"
P22_102,washing,110,112,"['rinse(hand)', 'turn-off(tap)', 'shake(hand)']"
P22_102,other,111,113,"['turn-off(tap)', 'shake(hand)', 'pick-up(cloth)']"
P22_102,other,112,114,"['shake(hand)', 'pick-up(cloth)', 'dry(hand)']"
P22_102,object_transfer,113,115,"['pick-up(cloth)', 'dry(hand)', 'put-down(cloth)']"
P22_102,washing,128,130,"['rinse(hand)', 'pick-up(cloth)', 'rinse(cloth)']"
P22_102,washing,133,135,"['rinse(cloth)', 'turn-off(tap)', 'put-down(cloth)']"
P22_102,object_transfer,136,138,"['pick-up(cloth)', 'dry(hand)', 'put-down(cloth)']"
P22_103,washing,4,6,"['close(bag)', 'turn-on(tap)', 'rinse(hand)']"
P22_103,washing,5,7,"['turn-on(tap)', 'rinse(hand)', 'turn-off(tap)']"
P22_103,washing,6,8,"['rinse(hand)', 'turn-off(tap)', 'shake(hand)']"
P22_103,other,7,9,"['turn-off(tap)', 'shake(hand)', 'pick-up(cloth)']"
P22_103,other,8,10,"['shake(hand)', 'pick-up(cloth)', 'dry(hand)']"
P22_103,object_transfer,9,11,"['pick-up(cloth)', 'dry(hand)', 'put-down(cloth)']"
P22_103,object_transfer,10,12,"['dry(hand)', 'put-down(cloth)', 'open(cupboard)']"
P22_103,object_transfer,12,14,"['open(cupboard)', 'pick-up(glass)', 'put-down(glass)']"
P22_103,object_transfer,13,15,"['pick-up(glass)', 'put-down(glass)', 'pick-up(glass)']"
P22_103,object_transfer,14,16,"['put-down(glass)', 'pick-up(glass)', 'put-down(glass)']"
P22_103,object_transfer,45,47,"['pick-up(plate)', 'put-down(plate)', 'turn-on(tap)']"
P22_103,washing,48,50,"['rinse(hand)', 'pick-up(cloth)', 'rinse(cloth)']"
P22_103,washing,52,54,"['pick-up(sponge)', 'rinse(sponge)', 'lather(sponge)']"
P22_103,object_transfer,62,64,"['pick-up(plate)', 'lather(plate)', 'put-down(plate)']"
P22_103,object_transfer,63,65,"['lather(plate)', 'put-down(plate)', 'pick-up(plate)']"
P22_103,object_transfer,64,66,"['put-down(plate)', 'pick-up(plate)', 'lather(plate)']"
P22_103,object_transfer,65,67,"['pick-up(plate)', 'lather(plate)', 'put-down(plate)']"
P22_103,washing,92,94,"['put-down(plate)', 'pick-up(plate)', 'rinse(plate)']"
P22_103,object_transfer,98,100,"['pick-up(knife)', 'lather(knife)', 'put-down(knife)']"
P22_103,object_transfer,99,101,"['lather(knife)', 'put-down(knife)', 'take(fork)']"
P22_103,object_transfer,100,102,"['put-down(knife)', 'take(fork)', 'lather(fork)']"
P22_103,object_transfer,101,103,"['take(fork)', 'lather(fork)', 'put-down(fork)']"
P22_103,object_transfer,104,106,"['take(fork)', 'lather(fork)', 'put-down(fork)']"
P22_103,object_transfer,105,107,"['lather(fork)', 'put-down(fork)', 'pick-up(knife)']"
P22_103,object_transfer,106,108,"['put-down(fork)', 'pick-up(knife)', 'lather(knife)']"
P22_103,object_transfer,107,109,"['pick-up(knife)', 'lather(knife)', 'put-down(knife)']"
P22_103,object_transfer,115,117,"['pick-up(knife)', 'lather(knife)', 'put-down(knife)']"
P22_103,object_transfer,116,118,"['lather(knife)', 'put-down(knife)', 'take(fork)']"
P22_103,object_transfer,117,119,"['put-down(knife)', 'take(fork)', 'lather(fork)']"
P22_103,washing,124,126,"['turn-on(tap)', 'rinse(board:cutting)', 'turn-off(tap)']"
P22_103,washing,130,132,"['lather(sponge)', 'rinse(sponge)', 'turn-off(tap)']"
P22_103,washing,145,147,"['put-down(sponge)', 'turn-on(tap)', 'rinse(hand)']"
P22_103,washing,159,161,"['turn-on(tap)', 'rinse(knife)', 'turn-off(tap)']"
P22_103,washing,170,172,"['pick-up(cutlery)', 'rinse(cutlery)', 'put-down(cutlery)']"
P22_103,washing,173,175,"['pick-up(plate)', 'rinse(plate)', 'put-down(plate)']"
P22_103,washing,174,176,"['rinse(plate)', 'put-down(plate)', 'pick-up(plate)']"
P22_103,washing,175,177,"['put-down(plate)', 'pick-up(plate)', 'rinse(plate)']"
P22_103,washing,176,178,"['pick-up(plate)', 'rinse(plate)', 'put-down(plate)']"
P22_103,washing,195,197,"['pick-up(knife)', 'rinse(knife)', 'put-down(knife)']"
P22_103,washing,198,200,"['pick-up(plate)', 'rinse(plate)', 'put-down(plate)']"
P22_103,washing,199,201,"['rinse(plate)', 'put-down(plate)', 'pick-up(plate)']"
P22_103,washing,200,202,"['put-down(plate)', 'pick-up(plate)', 'rinse(plate)']"
P22_103,washing,201,203,"['pick-up(plate)', 'rinse(plate)', 'put-down(plate)']"
P22_103,washing,214,216,"['lather(sponge)', 'rinse(sponge)', 'turn-off(tap)']"
P22_103,washing,222,224,"['pick-up(lid)', 'rinse(lid)', 'put-down(lid)']"
P22_103,washing,225,227,"['rinse(hand)', 'turn-off(tap)', 'shake(hand)']"
P22_103,other,226,228,"['turn-off(tap)', 'shake(hand)', 'pick-up(cloth)']"
P22_103,other,227,229,"['shake(hand)', 'pick-up(cloth)', 'dry(hand)']"
P22_103,object_transfer,228,230,"['pick-up(cloth)', 'dry(hand)', 'put-down(cloth)']"
P22_103,object_transfer,229,231,"['dry(hand)', 'put-down(cloth)', 'open(cupboard)']"
P22_103,washing,313,315,"['rinse(hand)', 'pick-up(cloth)', 'rinse(cloth)']"
P22_103,washing,314,316,"['pick-up(cloth)', 'rinse(cloth)', 'turn-off(tap)']"
P22_103,washing,315,317,"['rinse(cloth)', 'turn-off(tap)', 'wring(cloth)']"
P22_103,container_usage,355,357,"['open(cupboard)', 'put-down(degreaser)', 'close(cupboard)']"
P22_103,object_transfer,361,363,"['turn-off(tap)', 'unfold(cloth)', 'put-down(cloth)']"
P22_103,washing,364,366,"['pick-up(sponge)', 'turn-on(tap)', 'rinse(sponge)']"
P22_103,washing,365,367,"['turn-on(tap)', 'rinse(sponge)', 'turn-off(tap)']"
P22_103,object_transfer,371,373,"['lather(glass)', 'put-down(glass)', 'pick-up(glass)']"
P22_103,object_transfer,372,374,"['put-down(glass)', 'pick-up(glass)', 'lather(glass)']"
P22_103,washing,377,379,"['rinse(glass)', 'put-down(glass)', 'pick-up(glass)']"
P22_103,washing,378,380,"['put-down(glass)', 'pick-up(glass)', 'rinse(glass)']"
P22_103,washing,379,381,"['pick-up(glass)', 'rinse(glass)', 'put-down(glass)']"
P22_103,washing,382,384,"['rinse(hand)', 'pick-up(sponge)', 'rinse(sponge)']"
P22_103,washing,383,385,"['pick-up(sponge)', 'rinse(sponge)', 'put-down(sponge)']"
P22_103,washing,384,386,"['rinse(sponge)', 'put-down(sponge)', 'rinse(hand)']"
P22_103,washing,393,395,"['turn-on(tap)', 'rinse(hand)', 'turn-off(tap)']"
P22_103,washing,394,396,"['rinse(hand)', 'turn-off(tap)', 'shake(hand)']"
P22_103,other,395,397,"['turn-off(tap)', 'shake(hand)', 'pick-up(cloth)']"
P22_103,other,396,398,"['shake(hand)', 'pick-up(cloth)', 'dry(hand)']"
P22_103,object_transfer,397,399,"['pick-up(cloth)', 'dry(hand)', 'put-down(cloth)']"
P22_104,object_transfer,0,2,"['pick-up(glass)', 'pick-up(glass)', 'put-down(glass)']"
P22_104,cutting,26,28,"['open(drawer)', 'pick-up(board:cutting)', 'put-down(board:cutting)']"
P22_104,cutting,32,34,"['cut(tomato)', 'move(tomato)', 'cut(tomato)']"
P22_104,cutting,33,35,"['move(tomato)', 'cut(tomato)', 'move(tomato)']"
P22_104,cutting,34,36,"['cut(tomato)', 'move(tomato)', 'cut(tomato)']"
P22_104,cutting,35,37,"['move(tomato)', 'cut(tomato)', 'move(tomato)']"
P22_104,object_transfer,42,44,"['open(cupboard)', 'pick-up(bowl)', 'put-down(bowl)']"
P22_104,object_transfer,43,45,"['pick-up(bowl)', 'put-down(bowl)', 'put-down(bowl)']"
P22_104,cutting,82,84,"['cut(olive)', 'put-down(knife)', 'remove(stone:olive)']"
P22_104,cutting,86,88,"['cut(olive)', 'put-down(knife)', 'remove(stone:olive)']"
P22_104,cutting,92,94,"['cut(olive)', 'put-down(knife)', 'remove(stone:olive)']"
P22_104,cutting,97,99,"['cut(olive)', 'put-down(knife)', 'remove(stone:olive)']"
P22_104,cutting,101,103,"['cut(olive)', 'put-down(knife)', 'remove(stone:olive)']"
P22_104,washing,104,106,"['turn-on(tap)', 'wash(hand)', 'turn-off(tap)']"
P22_104,washing,105,107,"['wash(hand)', 'turn-off(tap)', 'shake(hand)']"
P22_104,other,106,108,"['turn-off(tap)', 'shake(hand)', 'pick-up(cloth)']"
P22_104,other,107,109,"['shake(hand)', 'pick-up(cloth)', 'dry(hand)']"
P22_104,container_usage,117,119,"['open(drawer)', 'pick-up(spoon)', 'close(drawer)']"
P22_104,washing,135,137,"['turn-on(tap)', 'wash(hand)', 'turn-off(tap)']"
P22_104,other,138,140,"['pick-up(oil)', 'open(oil)', 'pour(oil)']"
P22_104,container_usage,139,141,"['open(oil)', 'pour(oil)', 'close(bottle:oil)']"
P22_104,object_transfer,140,142,"['pour(oil)', 'close(bottle:oil)', 'put-down(oil)']"
P22_104,container_usage,166,168,"['open(drawer)', 'pick-up(mat:place)', 'close(drawer)']"
P22_104,object_transfer,167,169,"['pick-up(mat:place)', 'close(drawer)', 'put-down(mat:place)']"
P22_104,container_usage,174,176,"['open(drawer)', 'pick-up(mat:place)', 'close(drawer)']"
P22_104,object_transfer,175,177,"['pick-up(mat:place)', 'close(drawer)', 'put-down(mat:place)']"
P22_106,object_transfer,0,2,"['open(cupboard)', 'pick-up(plate)', 'put-down(plate)']"
P22_106,washing,83,85,"['pick-up(sponge)', 'rinse(sponge)', 'lather(sponge)']"
P22_106,object_transfer,93,95,"['lather(glass)', 'put-down(glass)', 'pick-up(glass)']"
P22_106,object_transfer,94,96,"['put-down(glass)', 'pick-up(glass)', 'lather(glass)']"
P22_106,object_transfer,95,97,"['pick-up(glass)', 'lather(glass)', 'put-down(glass)']"
P22_106,object_transfer,107,109,"['pick-up(spoon)', 'lather(spoon)', 'put-down(spoon)']"
P22_106,object_transfer,110,112,"['take(fork)', 'lather(fork)', 'put-down(fork)']"
P22_106,object_transfer,111,113,"['lather(fork)', 'put-down(fork)', 'pick-up(knife)']"
P22_106,object_transfer,112,114,"['put-down(fork)', 'pick-up(knife)', 'lather(knife)']"
P22_106,object_transfer,113,115,"['pick-up(knife)', 'lather(knife)', 'put-down(knife)']"
P22_106,object_transfer,114,116,"['lather(knife)', 'put-down(knife)', 'take(fork)']"
P22_106,object_transfer,115,117,"['put-down(knife)', 'take(fork)', 'lather(fork)']"
P22_106,object_transfer,116,118,"['take(fork)', 'lather(fork)', 'put-down(fork)']"
P22_106,object_transfer,117,119,"['lather(fork)', 'put-down(fork)', 'pick-up(knife)']"
P22_106,object_transfer,118,120,"['put-down(fork)', 'pick-up(knife)', 'lather(knife)']"
P22_106,object_transfer,119,121,"['pick-up(knife)', 'lather(knife)', 'put-down(knife)']"
P22_106,object_transfer,121,123,"['put-down(knife)', 'pick-up(knife)', 'lather(knife)']"
P22_106,object_transfer,122,124,"['pick-up(knife)', 'lather(knife)', 'put-down(knife)']"
P22_106,object_transfer,123,125,"['lather(knife)', 'put-down(knife)', 'take(fork)']"
P22_106,object_transfer,124,126,"['put-down(knife)', 'take(fork)', 'lather(fork)']"
P22_106,object_transfer,125,127,"['take(fork)', 'lather(fork)', 'put-down(fork)']"
P22_106,washing,128,130,"['pick-up(plate)', 'turn-on(tap)', 'rinse(plate)']"
P22_106,washing,129,131,"['turn-on(tap)', 'rinse(plate)', 'turn-off(tap)']"
P22_106,washing,130,132,"['rinse(plate)', 'turn-off(tap)', 'lather(plate)']"
P22_106,object_transfer,131,133,"['turn-off(tap)', 'lather(plate)', 'put-down(plate)']"
P22_106,object_transfer,132,134,"['lather(plate)', 'put-down(plate)', 'pick-up(plate)']"
P22_106,washing,134,136,"['pick-up(plate)', 'turn-on(tap)', 'rinse(plate)']"
P22_106,washing,135,137,"['turn-on(tap)', 'rinse(plate)', 'turn-off(tap)']"
P22_106,washing,136,138,"['rinse(plate)', 'turn-off(tap)', 'lather(plate)']"
P22_106,object_transfer,137,139,"['turn-off(tap)', 'lather(plate)', 'put-down(plate)']"
P22_106,washing,146,148,"['turn-on(tap)', 'rinse(board:cutting)', 'turn-off(tap)']"
P22_106,washing,165,167,"['turn-on(tap)', 'rinse(board:cutting)', 'turn-off(tap)']"
P22_106,washing,176,178,"['rinse(plate)', 'put-down(plate)', 'pick-up(plate)']"
P22_106,washing,177,179,"['put-down(plate)', 'pick-up(plate)', 'rinse(plate)']"
P22_106,washing,178,180,"['pick-up(plate)', 'rinse(plate)', 'put-down(plate)']"
P22_106,washing,181,183,"['pick-up(cutlery)', 'rinse(cutlery)', 'put-down(cutlery)']"
P22_106,washing,184,186,"['pick-up(spoon)', 'rinse(spoon)', 'put-down(spoon)']"
P22_106,washing,187,189,"['pick-up(knife)', 'rinse(knife)', 'put-down(knife)']"
P22_106,washing,188,190,"['rinse(knife)', 'put-down(knife)', 'take(fork)']"
P22_106,washing,196,198,"['pick-up(glass)', 'rinse(glass)', 'put-down(glass)']"
P22_106,washing,200,202,"['pick-up(glass)', 'rinse(glass)', 'put-down(glass)']"
P22_106,washing,203,205,"['pick-up(bowl)', 'rinse(bowl)', 'put-down(bowl)']"
P22_106,object_transfer,208,210,"['pick-up(cloth)', 'dry(hand)', 'put-down(cloth)']"
P22_106,washing,211,213,"['turn-on(tap)', 'pick-up(cloth)', 'rinse(cloth)']"
P22_106,washing,212,214,"['pick-up(cloth)', 'rinse(cloth)', 'turn-off(tap)']"
P22_106,washing,213,215,"['rinse(cloth)', 'turn-off(tap)', 'wring(cloth)']"
P22_106,container_usage,238,240,"['open(drawer)', 'put-down(mat:place)', 'close(drawer)']"
P22_106,object_transfer,251,253,"['pick-up(glass)', 'put-down(glass)', 'pick-up(glass)']"
P22_106,object_transfer,269,271,"['pick-up(glass)', 'lather(glass)', 'put-down(glass)']"
P22_106,washing,273,275,"['put-down(sponge)', 'turn-on(tap)', 'rinse(glass)']"
P22_106,washing,284,286,"['turn-on(tap)', 'pick-up(sponge)', 'rinse(sponge)']"
P22_106,washing,285,287,"['pick-up(sponge)', 'rinse(sponge)', 'put-down(sponge)']"
P22_106,container_usage,297,299,"['open(cupboard)', 'put-down(degreaser)', 'close(cupboard)']"
P22_106,washing,304,306,"['put-down(cloth)', 'turn-on(tap)', 'rinse(hand)']"
P22_106,washing,305,307,"['turn-on(tap)', 'rinse(hand)', 'turn-off(tap)']"
P22_106,washing,306,308,"['rinse(hand)', 'turn-off(tap)', 'shake(hand)']"
P22_106,other,307,309,"['turn-off(tap)', 'shake(hand)', 'pick-up(cloth)']"
P22_106,other,308,310,"['shake(hand)', 'pick-up(cloth)', 'dry(hand)']"
P22_106,object_transfer,309,311,"['pick-up(cloth)', 'dry(hand)', 'put-down(cloth)']"
P22_107,object_transfer,14,16,"['open(cupboard)', 'pick-up(glass)', 'put-down(glass)']"
P22_107,object_transfer,18,20,"['pick-up(bowl)', 'put-down(bowl)', 'pick-up(bowl)']"
P22_107,object_transfer,23,25,"['pick-up(bowl)', 'put-down(bowl)', 'put-down(bowl)']"
P22_107,object_transfer,26,28,"['pick-up(plate)', 'pick-up(plate)', 'put-down(plate)']"
P22_107,object_transfer,27,29,"['pick-up(plate)', 'put-down(plate)', 'pick-up(plate)']"
P22_107,object_transfer,28,30,"['put-down(plate)', 'pick-up(plate)', 'put-down(plate)']"
P22_107,object_transfer,31,33,"['pick-up(glass)', 'put-down(glass)', 'pick-up(glass)']"
P22_107,object_transfer,32,34,"['put-down(glass)', 'pick-up(glass)', 'put-down(glass)']"
P22_107,object_transfer,33,35,"['pick-up(glass)', 'put-down(glass)', 'pick-up(glass)']"
P22_107,object_transfer,34,36,"['put-down(glass)', 'pick-up(glass)', 'put-down(glass)']"
P22_107,object_transfer,113,115,"['put-down(powder)', 'pick-up(powder)', 'put-down(powder)']"
P22_107,object_transfer,115,117,"['put-down(powder)', 'pick-up(powder)', 'put-down(powder)']"
P22_107,object_transfer,117,119,"['put-down(powder)', 'pick-up(powder)', 'put-down(powder)']"
P22_107,container_usage,125,127,"['open(cupboard)', 'put-down(jar)', 'close(cupboard)']"
P22_107,washing,134,136,"['turn-on(tap)', 'rinse(hand)', 'turn-off(tap)']"
P22_107,washing,135,137,"['rinse(hand)', 'turn-off(tap)', 'shake(hand)']"
P22_107,other,136,138,"['turn-off(tap)', 'shake(hand)', 'pick-up(cloth)']"
P22_107,other,137,139,"['shake(hand)', 'pick-up(cloth)', 'dry(hand)']"
P22_107,object_transfer,138,140,"['pick-up(cloth)', 'dry(hand)', 'put-down(cloth)']"
P22_107,cutting,142,144,"['open(drawer)', 'put-down(board:cutting)', 'close(drawer)']"
P22_107,container_usage,148,150,"['open(drawer)', 'pick-up(spoon)', 'close(drawer)']"
P22_107,object_transfer,180,182,"['pick-up(cloth)', 'dry(hand)', 'put-down(cloth)']"
P22_107,object_transfer,190,192,"['pick-up(cloth)', 'dry(hand)', 'put-down(cloth)']"
P22_107,washing,221,223,"['pick-up(glass)', 'turn-on(tap)', 'rinse(glass)']"
P22_107,washing,222,224,"['turn-on(tap)', 'rinse(glass)', 'put-down(glass)']"
P22_107,container_usage,225,227,"['open(drawer)', 'close(drawer)', 'open(drawer)']"
P22_107,container_usage,227,229,"['open(drawer)', 'pick-up(mat:place)', 'close(drawer)']"
P22_107,object_transfer,228,230,"['pick-up(mat:place)', 'close(drawer)', 'put-down(mat:place)']"
P22_107,object_transfer,237,239,"['put-down(glass)', 'pick-up(bowl)', 'put-down(bowl)']"
P22_108,washing,1,3,"['turn-on(tap)', 'rinse(sponge)', 'turn-off(tap)']"
P22_108,washing,13,15,"['pick-up(glass)', 'rinse(glass)', 'put-down(glass)']"
P22_108,washing,14,16,"['rinse(glass)', 'put-down(glass)', 'turn-off(tap)']"
P22_108,other,16,18,"['turn-off(tap)', 'shake(hand)', 'pick-up(cloth)']"
P22_108,other,17,19,"['shake(hand)', 'pick-up(cloth)', 'dry(hand)']"
P22_108,object_transfer,18,20,"['pick-up(cloth)', 'dry(hand)', 'put-down(cloth)']"
P22_108,object_transfer,23,25,"['put-down(glass)', 'pick-up(bowl)', 'put-down(bowl)']"
P22_108,container_usage,31,33,"['open(drawer)', 'put-down(mat:place)', 'close(drawer)']"
P22_108,object_transfer,54,56,"['pick-up(spoon)', 'lather(spoon)', 'put-down(spoon)']"
P22_108,washing,69,71,"['rinse(glass)', 'put-down(glass)', 'pick-up(glass)']"
P22_108,washing,70,72,"['put-down(glass)', 'pick-up(glass)', 'rinse(glass)']"
P22_108,washing,71,73,"['pick-up(glass)', 'rinse(glass)', 'put-down(glass)']"
P22_108,washing,74,76,"['pick-up(spoon)', 'rinse(spoon)', 'put-down(spoon)']"
P22_108,washing,81,83,"['pick-up(sponge)', 'rinse(sponge)', 'rinse(hand)']"
P22_108,washing,82,84,"['rinse(sponge)', 'rinse(hand)', 'put-down(sponge)']"
P22_108,washing,85,87,"['rinse(cloth)', 'turn-off(tap)', 'wash(sink)']"
P22_108,washing,92,94,"['turn-on(tap)', 'rinse(cloth)', 'turn-off(tap)']"
P22_108,washing,93,95,"['rinse(cloth)', 'turn-off(tap)', 'unfold(cloth)']"
P22_108,object_transfer,94,96,"['turn-off(tap)', 'unfold(cloth)', 'put-down(cloth)']"
P22_108,washing,96,98,"['put-down(cloth)', 'turn-on(tap)', 'rinse(hand)']"
P22_108,washing,97,99,"['turn-on(tap)', 'rinse(hand)', 'turn-off(tap)']"
P22_108,washing,98,100,"['rinse(hand)', 'turn-off(tap)', 'shake(hand)']"
P22_108,other,99,101,"['turn-off(tap)', 'shake(hand)', 'pick-up(cloth)']"
P22_108,other,100,102,"['shake(hand)', 'pick-up(cloth)', 'dry(hand)']"
P22_108,object_transfer,101,103,"['pick-up(cloth)', 'dry(hand)', 'put-down(cloth)']"
P22_109,object_transfer,6,8,"['pick-up(container)', 'put-down(container)', 'pick-up(container)']"
P22_109,object_transfer,15,17,"['put-down(glass)', 'pick-up(glass)', 'put-down(glass)']"
P22_109,object_transfer,19,21,"['pick-up(bowl)', 'put-down(bowl)', 'put-down(bowl)']"
P22_109,object_transfer,22,24,"['pick-up(glass)', 'put-down(glass)', 'pick-up(glass)']"
P22_109,object_transfer,23,25,"['put-down(glass)', 'pick-up(glass)', 'put-down(glass)']"
P22_109,object_transfer,44,46,"['pick-up(plate)', 'pick-up(plate)', 'put-down(plate)']"
P22_109,object_transfer,45,47,"['pick-up(plate)', 'put-down(plate)', 'put-down(plate)']"
P22_109,container_usage,92,94,"['open(drawer)', 'put-down(mat:place)', 'close(drawer)']"
P22_109,washing,95,97,"['pick-up(sponge)', 'turn-on(tap)', 'rinse(sponge)']"
P22_109,washing,97,99,"['rinse(sponge)', 'lather(sponge)', 'rinse(sponge)']"
P22_109,washing,98,100,"['lather(sponge)', 'rinse(sponge)', 'turn-off(tap)']"
P22_109,washing,110,112,"['pick-up(glass)', 'rinse(glass)', 'put-down(glass)']"
P22_109,washing,111,113,"['rinse(glass)', 'put-down(glass)', 'turn-off(tap)']"
P22_109,object_transfer,114,116,"['lather(glass)', 'put-down(glass)', 'pick-up(glass)']"
P22_109,object_transfer,115,117,"['put-down(glass)', 'pick-up(glass)', 'lather(glass)']"
P22_109,object_transfer,116,118,"['pick-up(glass)', 'lather(glass)', 'put-down(glass)']"
P22_109,object_transfer,119,121,"['put-down(glass)', 'pick-up(glass)', 'lather(glass)']"
P22_109,other,120,122,"['pick-up(glass)', 'lather(glass)', 'pick-up(glass)']"
P22_109,other,121,123,"['lather(glass)', 'pick-up(glass)', 'lather(glass)']"
P22_109,washing,126,128,"['rinse(glass)', 'put-down(glass)', 'pick-up(glass)']"
P22_109,washing,127,129,"['put-down(glass)', 'pick-up(glass)', 'rinse(glass)']"
P22_109,washing,128,130,"['pick-up(glass)', 'rinse(glass)', 'put-down(glass)']"
P22_109,washing,129,131,"['rinse(glass)', 'put-down(glass)', 'pick-up(glass)']"
P22_109,washing,130,132,"['put-down(glass)', 'pick-up(glass)', 'rinse(glass)']"
P22_109,washing,131,133,"['pick-up(glass)', 'rinse(glass)', 'put-down(glass)']"
P22_109,washing,132,134,"['rinse(glass)', 'put-down(glass)', 'pick-up(glass)']"
P22_109,washing,133,135,"['put-down(glass)', 'pick-up(glass)', 'rinse(glass)']"
P22_109,washing,134,136,"['pick-up(glass)', 'rinse(glass)', 'put-down(glass)']"
P22_109,washing,137,139,"['rinse(hand)', 'turn-off(tap)', 'shake(hand)']"
P22_109,other,138,140,"['turn-off(tap)', 'shake(hand)', 'pick-up(cloth)']"
P22_109,other,139,141,"['shake(hand)', 'pick-up(cloth)', 'dry(hand)']"
P22_109,washing,153,155,"['rinse(hand)', 'turn-off(tap)', 'shake(hand)']"
P22_109,other,154,156,"['turn-off(tap)', 'shake(hand)', 'pick-up(cloth)']"
P22_109,other,155,157,"['shake(hand)', 'pick-up(cloth)', 'dry(hand)']"
P22_109,object_transfer,156,158,"['pick-up(cloth)', 'dry(hand)', 'put-down(cloth)']"
P22_109,washing,178,180,"['pick-up(cloth)', 'turn-on(tap)', 'rinse(cloth)']"
P22_109,washing,179,181,"['turn-on(tap)', 'rinse(cloth)', 'turn-off(tap)']"
P22_109,washing,180,182,"['rinse(cloth)', 'turn-off(tap)', 'wring(cloth)']"
P22_109,object_transfer,200,202,"['pick-up(container)', 'pick-up(container)', 'put-down(container)']"
P22_109,object_transfer,214,216,"['pick-up(cap:burner)', 'put-down(cap:burner)', 'pick-up(cap:burner)']"
P22_109,object_transfer,216,218,"['pick-up(cap:burner)', 'put-down(cap:burner)', 'pick-up(cap:burner)']"
P22_109,washing,225,227,"['pick-up(sponge)', 'turn-on(tap)', 'rinse(sponge)']"
P22_109,washing,226,228,"['turn-on(tap)', 'rinse(sponge)', 'turn-off(tap)']"
P22_109,other,236,238,"['clean(hob)', 'clean(hob)', 'turn-on(tap)']"
P22_109,washing,237,239,"['clean(hob)', 'turn-on(tap)', 'rinse(sponge)']"
P22_109,washing,238,240,"['turn-on(tap)', 'rinse(sponge)', 'turn-off(tap)']"
P22_109,washing,244,246,"['pick-up(cloth)', 'turn-on(tap)', 'rinse(cloth)']"
P22_109,washing,245,247,"['turn-on(tap)', 'rinse(cloth)', 'turn-off(tap)']"
P22_109,washing,263,265,"['turn-on(tap)', 'rinse(cloth)', 'turn-off(tap)']"
P22_109,washing,264,266,"['rinse(cloth)', 'turn-off(tap)', 'unfold(cloth)']"
P22_109,object_transfer,265,267,"['turn-off(tap)', 'unfold(cloth)', 'put-down(cloth)']"
P22_109,object_transfer,283,285,"['pick-up(cap:burner)', 'put-down(cap:burner)', 'pick-up(cap:burner)']"
P22_109,object_transfer,295,297,"['pick-up(cap:burner)', 'put-down(cap:burner)', 'pick-up(cap:burner)']"
P22_109,washing,302,304,"['turn-on(tap)', 'rinse(hand)', 'pick-up(sponge)']"
P22_109,washing,303,305,"['rinse(hand)', 'pick-up(sponge)', 'rinse(sponge)']"
P22_109,washing,304,306,"['pick-up(sponge)', 'rinse(sponge)', 'rinse(hand)']"
P22_109,washing,305,307,"['rinse(sponge)', 'rinse(hand)', 'put-down(sponge)']"
P22_109,washing,312,314,"['rinse(cap:burner)', 'put-down(cap:burner)', 'pick-up(cap:burner)']"
P22_109,washing,313,315,"['put-down(cap:burner)', 'pick-up(cap:burner)', 'rinse(cap:burner)']"
P22_109,washing,318,320,"['wash(cap:burner)', 'put-down(cap:burner)', 'pick-up(cap:burner)']"
P22_109,washing,319,321,"['put-down(cap:burner)', 'pick-up(cap:burner)', 'wash(cap:burner)']"
P22_109,washing,320,322,"['pick-up(cap:burner)', 'wash(cap:burner)', 'put-down(cap:burner)']"
P22_109,washing,331,333,"['pick-up(cap:burner)', 'wash(cap:burner)', 'put-down(cap:burner)']"
P22_109,washing,332,334,"['wash(cap:burner)', 'put-down(cap:burner)', 'pick-up(cap:burner)']"
P22_109,washing,333,335,"['put-down(cap:burner)', 'pick-up(cap:burner)', 'wash(cap:burner)']"
P22_109,washing,334,336,"['pick-up(cap:burner)', 'wash(cap:burner)', 'put-down(cap:burner)']"
P22_109,washing,335,337,"['wash(cap:burner)', 'put-down(cap:burner)', 'pick-up(cap:burner)']"
P22_109,washing,336,338,"['put-down(cap:burner)', 'pick-up(cap:burner)', 'wash(cap:burner)']"
P22_109,washing,344,346,"['rinse(cap:burner)', 'put-down(cap:burner)', 'pick-up(cap:burner)']"
P22_109,washing,347,349,"['pick-up(cap:burner)', 'rinse(cap:burner)', 'put-down(cap:burner)']"
P22_109,washing,350,352,"['rinse(cap:burner)', 'put-down(cap:burner)', 'pick-up(cap:burner)']"
P22_109,washing,351,353,"['put-down(cap:burner)', 'pick-up(cap:burner)', 'rinse(cap:burner)']"
P22_109,washing,352,354,"['pick-up(cap:burner)', 'rinse(cap:burner)', 'put-down(cap:burner)']"
P22_109,washing,358,360,"['wash(cap:burner)', 'put-down(cap:burner)', 'pick-up(cap:burner)']"
P22_109,washing,359,361,"['put-down(cap:burner)', 'pick-up(cap:burner)', 'wash(cap:burner)']"
P22_109,washing,360,362,"['pick-up(cap:burner)', 'wash(cap:burner)', 'put-down(cap:burner)']"
P22_109,washing,361,363,"['wash(cap:burner)', 'put-down(cap:burner)', 'pick-up(cap:burner)']"
P22_109,washing,362,364,"['put-down(cap:burner)', 'pick-up(cap:burner)', 'wash(cap:burner)']"
P22_109,washing,363,365,"['pick-up(cap:burner)', 'wash(cap:burner)', 'put-down(cap:burner)']"
P22_109,washing,364,366,"['wash(cap:burner)', 'put-down(cap:burner)', 'pick-up(cap:burner)']"
P22_109,washing,365,367,"['put-down(cap:burner)', 'pick-up(cap:burner)', 'wash(cap:burner)']"
P22_109,washing,366,368,"['pick-up(cap:burner)', 'wash(cap:burner)', 'put-down(cap:burner)']"
P22_109,washing,367,369,"['wash(cap:burner)', 'put-down(cap:burner)', 'pick-up(cap:burner)']"
P22_109,washing,368,370,"['put-down(cap:burner)', 'pick-up(cap:burner)', 'wash(cap:burner)']"
P22_109,washing,374,376,"['rinse(cap:burner)', 'put-down(cap:burner)', 'pick-up(cap:burner)']"
P22_109,washing,375,377,"['put-down(cap:burner)', 'pick-up(cap:burner)', 'rinse(cap:burner)']"
P22_109,washing,376,378,"['pick-up(cap:burner)', 'rinse(cap:burner)', 'put-down(cap:burner)']"
P22_109,washing,377,379,"['rinse(cap:burner)', 'put-down(cap:burner)', 'pick-up(cap:burner)']"
P22_109,washing,378,380,"['put-down(cap:burner)', 'pick-up(cap:burner)', 'rinse(cap:burner)']"
P22_109,washing,379,381,"['pick-up(cap:burner)', 'rinse(cap:burner)', 'put-down(cap:burner)']"
P22_109,washing,380,382,"['rinse(cap:burner)', 'put-down(cap:burner)', 'pick-up(cap:burner)']"
P22_109,washing,381,383,"['put-down(cap:burner)', 'pick-up(cap:burner)', 'rinse(cap:burner)']"
P22_109,washing,382,384,"['pick-up(cap:burner)', 'rinse(cap:burner)', 'put-down(cap:burner)']"
P22_109,washing,383,385,"['rinse(cap:burner)', 'put-down(cap:burner)', 'pick-up(cap:burner)']"
P22_109,washing,384,386,"['put-down(cap:burner)', 'pick-up(cap:burner)', 'rinse(cap:burner)']"
P22_109,washing,389,391,"['turn-on(tap)', 'rinse(hand)', 'turn-off(tap)']"
P22_109,washing,390,392,"['rinse(hand)', 'turn-off(tap)', 'shake(hand)']"
P22_109,other,391,393,"['turn-off(tap)', 'shake(hand)', 'pick-up(cloth)']"
P22_109,other,392,394,"['shake(hand)', 'pick-up(cloth)', 'dry(hand)']"
P22_109,object_transfer,393,395,"['pick-up(cloth)', 'dry(hand)', 'put-down(cloth)']"
P22_109,washing,426,428,"['put-down(sponge)', 'turn-on(tap)', 'rinse(hand)']"
P22_109,washing,440,442,"['turn-on(tap)', 'rinse(hand)', 'turn-off(tap)']"
P22_109,washing,441,443,"['rinse(hand)', 'turn-off(tap)', 'shake(hand)']"
P22_109,other,442,444,"['turn-off(tap)', 'shake(hand)', 'pick-up(cloth)']"
P22_109,other,443,445,"['shake(hand)', 'pick-up(cloth)', 'dry(hand)']"
P22_109,object_transfer,444,446,"['pick-up(cloth)', 'dry(hand)', 'put-down(cloth)']"
P22_109,washing,449,451,"['turn-on(tap)', 'pick-up(sponge)', 'rinse(sponge)']"
P22_109,washing,450,452,"['pick-up(sponge)', 'rinse(sponge)', 'rinse(hand)']"
P22_109,washing,451,453,"['rinse(sponge)', 'rinse(hand)', 'put-down(sponge)']"
P22_109,washing,454,456,"['pick-up(cloth)', 'rinse(cloth)', 'turn-off(tap)']"
P22_109,washing,455,457,"['rinse(cloth)', 'turn-off(tap)', 'wring(cloth)']"
P22_109,container_usage,461,463,"['open(cupboard)', 'put-down(degreaser)', 'close(cupboard)']"
P22_109,washing,480,482,"['turn-on(tap)', 'rinse(hand)', 'turn-off(tap)']"
P22_109,washing,481,483,"['rinse(hand)', 'turn-off(tap)', 'shake(hand)']"
P22_109,other,482,484,"['turn-off(tap)', 'shake(hand)', 'pick-up(cloth)']"
P22_109,other,483,485,"['shake(hand)', 'pick-up(cloth)', 'dry(hand)']"
P22_109,object_transfer,484,486,"['pick-up(cloth)', 'dry(hand)', 'put-down(cloth)']"
P22_109,object_transfer,487,489,"['pick-up(bottle)', 'pick-up(bottle)', 'put-down(bottle)']"
P22_109,object_transfer,490,492,"['pick-up(bottle)', 'pick-up(bottle)', 'put-down(bottle)']"
P22_109,object_transfer,493,495,"['pick-up(glass)', 'pick-up(glass)', 'put-down(glass)']"
P22_109,washing,514,516,"['clean(top:counter)', 'turn-on(tap)', 'rinse(cloth)']"
P22_109,container_usage,532,534,"['open(cupboard)', 'put-down(jar)', 'close(cupboard)']"
P22_109,object_transfer,535,537,"['pick-up(glass)', 'open(cupboard)', 'put-down(glass)']"
P22_109,object_transfer,557,559,"['pick-up(bottle)', 'pick-up(bottle)', 'put-down(bottle)']"
P22_109,object_transfer,580,582,"['pick-up(container)', 'pick-up(container)', 'put-down(container)']"
P22_109,object_transfer,581,583,"['pick-up(container)', 'put-down(container)', 'pick-up(container)']"
P22_109,object_transfer,582,584,"['put-down(container)', 'pick-up(container)', 'put-down(container)']"
P22_109,object_transfer,623,625,"['pick-up(container)', 'pick-up(container)', 'put-down(container)']"
P22_109,object_transfer,644,646,"['pick-up(cap:burner)', 'put-down(cap:burner)', 'pick-up(cap:burner)']"
P22_109,washing,688,690,"['clean(top:counter)', 'turn-on(tap)', 'rinse(cloth)']"
P22_109,washing,689,691,"['turn-on(tap)', 'rinse(cloth)', 'turn-off(tap)']"
P22_109,washing,690,692,"['rinse(cloth)', 'turn-off(tap)', 'unfold(cloth)']"
P22_109,object_transfer,691,693,"['turn-off(tap)', 'unfold(cloth)', 'put-down(cloth)']"
P22_109,container_usage,695,697,"['open(cupboard)', 'put-down(degreaser)', 'close(cupboard)']"
P22_109,other,697,699,"['close(cupboard)', 'pick-up(cloth)', 'dry(hand)']"
P22_109,object_transfer,698,700,"['pick-up(cloth)', 'dry(hand)', 'put-down(cloth)']"
P22_109,object_transfer,699,701,"['dry(hand)', 'put-down(cloth)', 'open(cupboard)']"
P22_109,object_transfer,704,706,"['put-down(glass)', 'pick-up(glass)', 'put-down(glass)']"
P22_109,object_transfer,708,710,"['pick-up(glass)', 'put-down(glass)', 'pick-up(glass)']"
P22_109,object_transfer,709,711,"['put-down(glass)', 'pick-up(glass)', 'put-down(glass)']"
P22_109,washing,717,719,"['pick-up(sponge)', 'turn-on(tap)', 'rinse(sponge)']"
P22_109,washing,718,720,"['turn-on(tap)', 'rinse(sponge)', 'turn-off(tap)']"
P22_109,washing,737,739,"['pick-up(cloth)', 'turn-on(tap)', 'rinse(cloth)']"
P22_109,washing,738,740,"['turn-on(tap)', 'rinse(cloth)', 'turn-off(tap)']"
P22_109,washing,739,741,"['rinse(cloth)', 'turn-off(tap)', 'wash(sink)']"
P22_109,washing,742,744,"['turn-on(tap)', 'rinse(cloth)', 'turn-off(tap)']"
P22_109,washing,743,745,"['rinse(cloth)', 'turn-off(tap)', 'wash(sink)']"
P22_109,container_usage,757,759,"['open(cupboard)', 'put-down(degreaser)', 'close(cupboard)']"
P22_109,washing,760,762,"['turn-on(tap)', 'pick-up(cloth)', 'rinse(cloth)']"
P22_109,washing,763,765,"['pick-up(sponge)', 'rinse(sponge)', 'rinse(hand)']"
P22_109,washing,765,767,"['rinse(hand)', 'pick-up(cloth)', 'rinse(cloth)']"
P22_109,washing,766,768,"['pick-up(cloth)', 'rinse(cloth)', 'turn-off(tap)']"
P22_109,washing,767,769,"['rinse(cloth)', 'turn-off(tap)', 'wash(sink)']"
P22_109,washing,789,791,"['turn-on(tap)', 'rinse(hand)', 'turn-off(tap)']"
P22_109,washing,790,792,"['rinse(hand)', 'turn-off(tap)', 'shake(hand)']"
P22_109,washing,799,801,"['turn-on(tap)', 'rinse(hand)', 'turn-off(tap)']"
P22_109,washing,800,802,"['rinse(hand)', 'turn-off(tap)', 'shake(hand)']"
P22_109,other,801,803,"['turn-off(tap)', 'shake(hand)', 'pick-up(cloth)']"
P22_109,other,802,804,"['shake(hand)', 'pick-up(cloth)', 'dry(hand)']"
P22_10,washing,17,19,"['rinse(hand)', 'turn-off(tap)', 'shake(hand)']"
P22_10,washing,62,64,"['turn-on(tap)', 'rinse(sponge)', 'turn-off(tap)']"
P22_10,washing,77,79,"['close(can:trash)', 'turn-on(tap)', 'rinse(hand)']"
P22_10,washing,102,104,"['turn-on(tap)', 'rinse(glass)', 'put-down(glass)']"
P22_10,washing,111,113,"['rinse(sponge)', 'put-down(sponge)', 'rinse(hand)']"
P22_10,object_transfer,119,121,"['pick-up(spoon)', 'lather(spoon)', 'put-down(spoon)']"
P22_10,object_transfer,126,128,"['turn-off(tap)', 'pick-up(bowl)', 'put-down(bowl)']"
P22_10,object_transfer,137,139,"['pick-up(knife)', 'lather(knife)', 'put-down(knife)']"
P22_10,object_transfer,139,141,"['put-down(knife)', 'pick-up(knife)', 'lather(knife)']"
P22_10,object_transfer,140,142,"['pick-up(knife)', 'lather(knife)', 'put-down(knife)']"
P22_10,object_transfer,143,145,"['pick-up(fork)', 'lather(fork)', 'put-down(fork)']"
P22_10,object_transfer,148,150,"['pick-up(fork)', 'lather(fork)', 'put-down(fork)']"
P22_10,washing,151,153,"['pick-up(bowl)', 'turn-on(tap)', 'rinse(bowl)']"
P22_10,object_transfer,156,158,"['pick-up(spoon)', 'lather(spoon)', 'put-down(spoon)']"
P22_10,washing,164,166,"['rinse(knife)', 'put-down(knife)', 'pick-up(knife)']"
P22_10,washing,166,168,"['pick-up(knife)', 'rinse(knife)', 'put-down(knife)']"
P22_10,washing,172,174,"['pick-up(bowl)', 'rinse(bowl)', 'put-down(bowl)']"
P22_10,washing,173,175,"['rinse(bowl)', 'put-down(bowl)', 'pick-up(bowl)']"
P22_10,washing,175,177,"['pick-up(bowl)', 'rinse(bowl)', 'put-down(bowl)']"
P22_10,washing,176,178,"['rinse(bowl)', 'put-down(bowl)', 'pick-up(bowl)']"
P22_10,washing,178,180,"['pick-up(bowl)', 'rinse(bowl)', 'put-down(bowl)']"
P22_10,washing,181,183,"['pick-up(spoon)', 'rinse(spoon)', 'put-down(spoon)']"
P22_10,washing,205,207,"['turn-on(tap)', 'rinse(sponge)', 'turn-off(tap)']"
P22_10,object_transfer,207,209,"['turn-off(tap)', 'lather(plate)', 'put-down(plate)']"
P22_10,washing,214,216,"['take(knife)', 'wash(knife)', 'put-down(knife)']"
P22_10,washing,265,267,"['turn-on(tap)', 'rinse(glass)', 'put-down(glass)']"
P22_10,washing,271,273,"['rinse(hand)', 'turn-off(tap)', 'shake(hand)']"
P22_10,other,272,274,"['turn-off(tap)', 'shake(hand)', 'dry(hand)']"
P22_10,container_usage,292,294,"['open(drawer)', 'put-down(towel:tea)', 'close(drawer)']"
P22_10,washing,352,354,"['turn-on(tap)', 'rinse(hand)', 'turn-off(tap)']"
P22_10,washing,353,355,"['rinse(hand)', 'turn-off(tap)', 'dry(hand)']"
P22_10,object_transfer,354,356,"['turn-off(tap)', 'dry(hand)', 'put-down(cloth)']"
P22_10,washing,374,376,"['pick-up(cloth)', 'rinse(cloth)', 'turn-off(tap)']"
P22_10,washing,375,377,"['rinse(cloth)', 'turn-off(tap)', 'wring(cloth)']"
P22_10,washing,402,404,"['rinse(sponge)', 'put-down(sponge)', 'rinse(hand)']"
P22_10,washing,416,418,"['rinse(hand)', 'pick-up(cloth)', 'rinse(cloth)']"
P22_10,washing,417,419,"['pick-up(cloth)', 'rinse(cloth)', 'clean(sink)']"
P22_10,washing,418,420,"['rinse(cloth)', 'clean(sink)', 'turn-off(tap)']"
P22_10,washing,421,423,"['put-down(cloth)', 'turn-on(tap)', 'rinse(hand)']"
P22_10,washing,422,424,"['turn-on(tap)', 'rinse(hand)', 'turn-off(tap)']"
P22_10,washing,423,425,"['rinse(hand)', 'turn-off(tap)', 'shake(hand)']"
P22_10,other,424,426,"['turn-off(tap)', 'shake(hand)', 'pick-up(cloth)']"
P22_10,other,425,427,"['shake(hand)', 'pick-up(cloth)', 'dry(hand)']"
P22_10,object_transfer,426,428,"['pick-up(cloth)', 'dry(hand)', 'put-down(cloth)']"
P22_110,cutting,22,24,"['open(drawer)', 'put-down(board:cutting)', 'close(drawer)']"
P22_110,object_transfer,32,34,"['pick-up(plate)', 'pick-up(plate)', 'put-down(plate)']"
P22_110,object_transfer,39,41,"['turn-off(tap)', 'pick-up(bowl)', 'put-down(bowl)']"
P22_110,washing,54,56,"['pick-up(sponge)', 'turn-on(tap)', 'rinse(sponge)']"
P22_110,washing,56,58,"['rinse(sponge)', 'lather(sponge)', 'rinse(sponge)']"
P22_110,washing,57,59,"['lather(sponge)', 'rinse(sponge)', 'turn-off(tap)']"
P22_110,container_usage,62,64,"['open(bag)', 'throw(residue:food)', 'close(bag)']"
P22_110,washing,64,66,"['close(bag)', 'turn-on(tap)', 'rinse(hand)']"
P22_110,washing,67,69,"['pick-up(bowl)', 'rinse(bowl)', 'put-down(bowl)']"
P22_110,washing,68,70,"['rinse(bowl)', 'put-down(bowl)', 'pick-up(bowl)']"
P22_110,object_transfer,69,71,"['put-down(bowl)', 'pick-up(bowl)', 'put-down(bowl)']"
P22_110,object_transfer,77,79,"['lather(glass)', 'put-down(glass)', 'pick-up(glass)']"
P22_110,object_transfer,78,80,"['put-down(glass)', 'pick-up(glass)', 'lather(glass)']"
P22_110,object_transfer,79,81,"['pick-up(glass)', 'lather(glass)', 'put-down(glass)']"
P22_110,object_transfer,90,92,"['pick-up(spoon)', 'lather(spoon)', 'put-down(spoon)']"
P22_110,object_transfer,93,95,"['take(fork)', 'lather(fork)', 'put-down(fork)']"
P22_110,object_transfer,96,98,"['pick-up(spoon)', 'lather(spoon)', 'put-down(spoon)']"
P22_110,object_transfer,99,101,"['pick-up(plate)', 'lather(plate)', 'put-down(plate)']"
P22_110,object_transfer,100,102,"['lather(plate)', 'put-down(plate)', 'pick-up(plate)']"
P22_110,object_transfer,101,103,"['put-down(plate)', 'pick-up(plate)', 'lather(plate)']"
P22_110,object_transfer,102,104,"['pick-up(plate)', 'lather(plate)', 'put-down(plate)']"
P22_110,object_transfer,113,115,"['pick-up(spatula)', 'lather(spatula)', 'put-down(spatula)']"
P22_110,washing,125,127,"['pick-up(lid)', 'rinse(lid)', 'put-down(lid)']"
P22_110,washing,128,130,"['pick-up(cutlery)', 'rinse(cutlery)', 'put-down(cutlery)']"
P22_110,washing,131,133,"['pick-up(bowl)', 'rinse(bowl)', 'put-down(bowl)']"
P22_110,washing,132,134,"['rinse(bowl)', 'put-down(bowl)', 'pick-up(bowl)']"
P22_110,washing,134,136,"['pick-up(bowl)', 'rinse(bowl)', 'put-down(bowl)']"
P22_110,washing,140,142,"['pick-up(glass)', 'rinse(glass)', 'put-down(glass)']"
P22_110,washing,141,143,"['rinse(glass)', 'put-down(glass)', 'pick-up(glass)']"
P22_110,washing,142,144,"['put-down(glass)', 'pick-up(glass)', 'rinse(glass)']"
P22_110,washing,143,145,"['pick-up(glass)', 'rinse(glass)', 'put-down(glass)']"
P22_110,washing,149,151,"['pick-up(plate)', 'rinse(plate)', 'put-down(plate)']"
P22_110,washing,150,152,"['rinse(plate)', 'put-down(plate)', 'pick-up(plate)']"
P22_110,washing,151,153,"['put-down(plate)', 'pick-up(plate)', 'rinse(plate)']"
P22_110,washing,152,154,"['pick-up(plate)', 'rinse(plate)', 'put-down(plate)']"
P22_110,washing,155,157,"['rinse(hand)', 'pick-up(cloth)', 'rinse(cloth)']"
P22_110,washing,156,158,"['pick-up(cloth)', 'rinse(cloth)', 'turn-off(tap)']"
P22_110,washing,157,159,"['rinse(cloth)', 'turn-off(tap)', 'wring(cloth)']"
P22_110,washing,161,163,"['clean(top:counter)', 'turn-on(tap)', 'rinse(cloth)']"
P22_110,washing,162,164,"['turn-on(tap)', 'rinse(cloth)', 'turn-off(tap)']"
P22_110,container_usage,176,178,"['open(drawer)', 'put-down(mat:place)', 'close(drawer)']"
P22_110,washing,184,186,"['clean(top:counter)', 'turn-on(tap)', 'rinse(cloth)']"
P22_110,washing,189,191,"['pick-up(sponge)', 'rinse(sponge)', 'put-down(sponge)']"
P22_110,container_usage,201,203,"['open(bag)', 'throw(residue:food)', 'close(bag)']"
P22_110,washing,203,205,"['close(bag)', 'turn-on(tap)', 'rinse(hand)']"
P22_110,washing,204,206,"['turn-on(tap)', 'rinse(hand)', 'turn-off(tap)']"
P22_110,washing,205,207,"['rinse(hand)', 'turn-off(tap)', 'shake(hand)']"
P22_110,other,206,208,"['turn-off(tap)', 'shake(hand)', 'pick-up(cloth)']"
P22_110,other,207,209,"['shake(hand)', 'pick-up(cloth)', 'dry(hand)']"
P22_110,object_transfer,208,210,"['pick-up(cloth)', 'dry(hand)', 'put-down(cloth)']"
P22_111,object_transfer,0,2,"['pick-up(glass)', 'open(cupboard)', 'put-down(glass)']"
P22_111,object_transfer,5,7,"['put-down(glass)', 'pick-up(glass)', 'put-down(glass)']"
P22_111,other,59,61,"['pick-up(oil)', 'open(oil)', 'pour(oil)']"
P22_111,container_usage,60,62,"['open(oil)', 'pour(oil)', 'close(bottle:oil)']"
P22_111,object_transfer,61,63,"['pour(oil)', 'close(bottle:oil)', 'put-down(oil)']"
P22_111,washing,141,143,"['turn-on(tap)', 'rinse(hand)', 'turn-off(tap)']"
P22_111,washing,142,144,"['rinse(hand)', 'turn-off(tap)', 'shake(hand)']"
P22_111,other,143,145,"['turn-off(tap)', 'shake(hand)', 'pick-up(cloth)']"
P22_111,other,144,146,"['shake(hand)', 'pick-up(cloth)', 'dry(hand)']"
P22_111,object_transfer,145,147,"['pick-up(cloth)', 'dry(hand)', 'put-down(cloth)']"
P22_111,other,155,157,"['pour(salt)', 'pick-up(salt)', 'pour(salt)']"
P22_111,cutting,177,179,"['open(drawer)', 'pick-up(board:cutting)', 'put-down(board:cutting)']"
P22_111,container_usage,192,194,"['open(drawer)', 'pick-up(knife)', 'close(drawer)']"
P22_111,cutting,196,198,"['cut(tomato)', 'move(tomato)', 'cut(tomato)']"
P22_111,cutting,199,201,"['cut(tomato)', 'move(tomato)', 'cut(tomato)']"
P22_111,cutting,200,202,"['move(tomato)', 'cut(tomato)', 'move(tomato)']"
P22_111,cutting,206,208,"['cut(tomato)', 'move(tomato)', 'cut(tomato)']"
P22_111,cutting,207,209,"['move(tomato)', 'cut(tomato)', 'move(tomato)']"
P22_111,cutting,208,210,"['cut(tomato)', 'move(tomato)', 'cut(tomato)']"
P22_111,cutting,209,211,"['move(tomato)', 'cut(tomato)', 'move(tomato)']"
P22_111,washing,214,216,"['turn-on(tap)', 'rinse(hand)', 'turn-off(tap)']"
P22_111,washing,215,217,"['rinse(hand)', 'turn-off(tap)', 'shake(hand)']"
P22_111,other,216,218,"['turn-off(tap)', 'shake(hand)', 'pick-up(cloth)']"
P22_111,other,217,219,"['shake(hand)', 'pick-up(cloth)', 'dry(hand)']"
P22_111,object_transfer,218,220,"['pick-up(cloth)', 'dry(hand)', 'put-down(cloth)']"
P22_111,cutting,287,289,"['cut(olive)', 'put-down(knife)', 'remove(stone:olive)']"
P22_111,cutting,297,299,"['cut(olive)', 'put-down(knife)', 'remove(stone:olive)']"
P22_111,washing,314,316,"['wash(hand)', 'turn-off(tap)', 'shake(hand)']"
P22_111,other,315,317,"['turn-off(tap)', 'shake(hand)', 'pick-up(cloth)']"
P22_111,other,316,318,"['shake(hand)', 'pick-up(cloth)', 'dry(hand)']"
P22_111,object_transfer,317,319,"['pick-up(cloth)', 'dry(hand)', 'put-down(cloth)']"
P22_111,object_transfer,337,339,"['put-down(spoon)', 'pick-up(lid)', 'put-down(lid)']"
P22_111,washing,352,354,"['turn-on(tap)', 'wash(hand)', 'turn-off(tap)']"
P22_111,washing,353,355,"['wash(hand)', 'turn-off(tap)', 'shake(hand)']"
P22_111,other,354,356,"['turn-off(tap)', 'shake(hand)', 'pick-up(cloth)']"
P22_111,other,355,357,"['shake(hand)', 'pick-up(cloth)', 'dry(hand)']"
P22_111,object_transfer,356,358,"['pick-up(cloth)', 'dry(hand)', 'put-down(cloth)']"
P22_111,object_transfer,366,368,"['pick-up(bowl)', 'put-down(bowl)', 'pick-up(bowl)']"
P22_111,object_transfer,367,369,"['put-down(bowl)', 'pick-up(bowl)', 'put-down(bowl)']"
P22_111,other,373,375,"['pour(salt)', 'pick-up(salt)', 'pour(salt)']"
P22_111,washing,427,429,"['turn-on(tap)', 'wash(hand)', 'turn-off(tap)']"
P22_111,washing,428,430,"['wash(hand)', 'turn-off(tap)', 'shake(hand)']"
P22_111,other,429,431,"['turn-off(tap)', 'shake(hand)', 'pick-up(cloth)']"
P22_111,other,430,432,"['shake(hand)', 'pick-up(cloth)', 'dry(hand)']"
P22_111,object_transfer,443,445,"['turn-off(tap)', 'pick-up(bowl)', 'put-down(bowl)']"
P22_111,container_usage,453,455,"['open(drawer)', 'close(drawer)', 'open(drawer)']"
P22_111,container_usage,455,457,"['open(drawer)', 'pick-up(spatula)', 'close(drawer)']"
P22_111,washing,467,469,"['pick-up(sponge)', 'turn-on(tap)', 'rinse(sponge)']"
P22_111,washing,469,471,"['rinse(sponge)', 'lather(sponge)', 'rinse(sponge)']"
P22_111,washing,476,478,"['pick-up(bowl)', 'turn-on(tap)', 'rinse(bowl)']"
P22_111,object_transfer,484,486,"['take(fork)', 'lather(fork)', 'put-down(fork)']"
P22_111,object_transfer,487,489,"['pick-up(spoon)', 'lather(spoon)', 'put-down(spoon)']"
P22_111,object_transfer,490,492,"['pick-up(knife)', 'lather(knife)', 'put-down(knife)']"
P22_111,washing,494,496,"['turn-on(tap)', 'rinse(board:cutting)', 'turn-off(tap)']"
P22_111,washing,508,510,"['pick-up(bowl)', 'rinse(bowl)', 'put-down(bowl)']"
P22_111,washing,509,511,"['rinse(bowl)', 'put-down(bowl)', 'pick-up(bowl)']"
P22_111,washing,511,513,"['pick-up(bowl)', 'rinse(bowl)', 'put-down(bowl)']"
P22_111,washing,514,516,"['pick-up(cutlery)', 'rinse(cutlery)', 'put-down(cutlery)']"
P22_111,washing,517,519,"['pick-up(glass)', 'rinse(glass)', 'put-down(glass)']"
P22_111,washing,534,536,"['pick-up(lid)', 'rinse(lid)', 'put-down(lid)']"
P22_111,washing,537,539,"['pick-up(lid)', 'rinse(lid)', 'put-down(lid)']"
P22_111,washing,540,542,"['pick-up(sponge)', 'rinse(sponge)', 'put-down(sponge)']"
P22_111,washing,541,543,"['rinse(sponge)', 'put-down(sponge)', 'rinse(hand)']"
P22_111,washing,543,545,"['rinse(hand)', 'turn-off(tap)', 'shake(hand)']"
P22_111,other,544,546,"['turn-off(tap)', 'shake(hand)', 'pick-up(cloth)']"
P22_111,other,545,547,"['shake(hand)', 'pick-up(cloth)', 'dry(hand)']"
P22_111,object_transfer,546,548,"['pick-up(cloth)', 'dry(hand)', 'put-down(cloth)']"
P22_111,other,589,591,"['turn-off(tap)', 'pick-up(cloth)', 'dry(hand)']"
P22_111,object_transfer,590,592,"['pick-up(cloth)', 'dry(hand)', 'put-down(cloth)']"
P22_111,object_transfer,591,593,"['dry(hand)', 'put-down(cloth)', 'open(drawer)']"
P22_111,container_usage,593,595,"['open(drawer)', 'pick-up(mat:place)', 'close(drawer)']"
P22_111,container_usage,597,599,"['open(drawer)', 'pick-up(fork)', 'close(drawer)']"
P22_111,object_transfer,602,604,"['pick-up(bowl)', 'put-down(bowl)', 'put-down(bowl)']"
P22_111,container_usage,605,607,"['open(cupboard)', 'pick-up(plate)', 'close(cupboard)']"
P22_111,object_transfer,606,608,"['pick-up(plate)', 'close(cupboard)', 'put-down(plate)']"
P22_111,object_transfer,612,614,"['pick-up(glass)', 'put-down(glass)', 'close(cupboard)']"
P22_111,washing,628,630,"['pick-up(cloth)', 'turn-on(tap)', 'rinse(cloth)']"
P22_111,washing,651,653,"['turn-on(tap)', 'rinse(hand)', 'turn-off(tap)']"
P22_111,washing,652,654,"['rinse(hand)', 'turn-off(tap)', 'shake(hand)']"
P22_112,container_usage,21,23,"['open(drawer)', 'close(drawer)', 'open(drawer)']"
P22_112,cutting,23,25,"['open(drawer)', 'put-down(board:cutting)', 'close(drawer)']"
P22_112,object_transfer,36,38,"['pick-up(plate)', 'put-down(plate)', 'turn-on(tap)']"
P22_112,container_usage,40,42,"['open(drawer)', 'put-down(mat:place)', 'close(drawer)']"
P22_112,object_transfer,48,50,"['pick-up(plate)', 'lather(plate)', 'put-down(plate)']"
P22_112,washing,53,55,"['lather(sponge)', 'rinse(sponge)', 'turn-off(tap)']"
P22_112,object_transfer,56,58,"['pick-up(spoon)', 'lather(spoon)', 'put-down(spoon)']"
P22_112,object_transfer,59,61,"['pick-up(glass)', 'lather(glass)', 'put-down(glass)']"
P22_112,washing,74,76,"['rinse(hand)', 'turn-off(tap)', 'pick-up(cloth)']"
P22_112,other,75,77,"['turn-off(tap)', 'pick-up(cloth)', 'dry(hand)']"
P22_112,object_transfer,76,78,"['pick-up(cloth)', 'dry(hand)', 'put-down(cloth)']"
P22_112,washing,119,121,"['pick-up(glass)', 'rinse(glass)', 'put-down(glass)']"
P22_112,washing,133,135,"['pick-up(spoon)', 'rinse(spoon)', 'put-down(spoon)']"
P22_112,washing,136,138,"['pick-up(plate)', 'rinse(plate)', 'put-down(plate)']"
P22_112,washing,139,141,"['rinse(hand)', 'turn-off(tap)', 'shake(hand)']"
P22_112,other,140,142,"['turn-off(tap)', 'shake(hand)', 'pick-up(cloth)']"
P22_112,other,141,143,"['shake(hand)', 'pick-up(cloth)', 'dry(hand)']"
P22_112,object_transfer,142,144,"['pick-up(cloth)', 'dry(hand)', 'put-down(cloth)']"
P22_112,container_usage,159,161,"['open(bag)', 'throw(residue:food)', 'close(bag)']"
P22_112,washing,161,163,"['close(bag)', 'turn-on(tap)', 'rinse(hand)']"
P22_112,washing,163,165,"['rinse(hand)', 'pick-up(cloth)', 'rinse(cloth)']"
P22_112,washing,164,166,"['pick-up(cloth)', 'rinse(cloth)', 'turn-off(tap)']"
P22_112,washing,165,167,"['rinse(cloth)', 'turn-off(tap)', 'unfold(cloth)']"
P22_112,object_transfer,166,168,"['turn-off(tap)', 'unfold(cloth)', 'put-down(cloth)']"
P22_112,object_transfer,169,171,"['pick-up(cloth)', 'dry(hand)', 'put-down(cloth)']"
P22_113,object_transfer,9,11,"['open(cupboard)', 'pick-up(plate)', 'put-down(plate)']"
P22_113,object_transfer,15,17,"['pick-up(glass)', 'put-down(glass)', 'close(cupboard)']"
P22_113,container_usage,28,30,"['open(drawer)', 'close(drawer)', 'open(drawer)']"
P22_113,washing,42,44,"['pick-up(sponge)', 'rinse(sponge)', 'lather(sponge)']"
P22_113,washing,43,45,"['rinse(sponge)', 'lather(sponge)', 'rinse(sponge)']"
P22_113,washing,47,49,"['rinse(hand)', 'turn-off(tap)', 'shake(hand)']"
P22_113,other,48,50,"['turn-off(tap)', 'shake(hand)', 'pick-up(cloth)']"
P22_113,other,49,51,"['shake(hand)', 'pick-up(cloth)', 'dry(hand)']"
P22_113,object_transfer,50,52,"['pick-up(cloth)', 'dry(hand)', 'put-down(cloth)']"
P22_113,object_transfer,51,53,"['dry(hand)', 'put-down(cloth)', 'open(drawer)']"
P22_113,other,59,61,"['pick-up(oil)', 'open(oil)', 'pour(oil)']"
P22_113,container_usage,60,62,"['open(oil)', 'pour(oil)', 'close(bottle:oil)']"
P22_113,object_transfer,61,63,"['pour(oil)', 'close(bottle:oil)', 'put-down(oil)']"
P22_113,washing,94,96,"['turn-on(tap)', 'rinse(hand)', 'turn-off(tap)']"
P22_113,washing,95,97,"['rinse(hand)', 'turn-off(tap)', 'pick-up(cloth)']"
P22_113,other,96,98,"['turn-off(tap)', 'pick-up(cloth)', 'dry(hand)']"
P22_113,object_transfer,97,99,"['pick-up(cloth)', 'dry(hand)', 'put-down(cloth)']"
P22_113,object_transfer,98,100,"['dry(hand)', 'put-down(cloth)', 'pick-up(spatula)']"
P22_113,cutting,120,122,"['open(drawer)', 'pick-up(board:cutting)', 'put-down(board:cutting)']"
P22_113,container_usage,123,125,"['open(drawer)', 'pick-up(knife)', 'close(drawer)']"
P22_113,object_transfer,164,166,"['pick-up(rice)', 'put-down(rice)', 'pick-up(rice)']"
P22_113,object_transfer,165,167,"['put-down(rice)', 'pick-up(rice)', 'put-down(rice)']"
P22_113,object_transfer,166,168,"['pick-up(rice)', 'put-down(rice)', 'pick-up(rice)']"
P22_113,object_transfer,167,169,"['put-down(rice)', 'pick-up(rice)', 'put-down(rice)']"
P22_113,object_transfer,168,170,"['pick-up(rice)', 'put-down(rice)', 'pick-up(rice)']"
P22_113,object_transfer,169,171,"['put-down(rice)', 'pick-up(rice)', 'put-down(rice)']"
P22_113,object_transfer,170,172,"['pick-up(rice)', 'put-down(rice)', 'pick-up(rice)']"
P22_113,object_transfer,171,173,"['put-down(rice)', 'pick-up(rice)', 'put-down(rice)']"
P22_113,object_transfer,172,174,"['pick-up(rice)', 'put-down(rice)', 'pick-up(rice)']"
P22_113,object_transfer,173,175,"['put-down(rice)', 'pick-up(rice)', 'put-down(rice)']"
P22_113,object_transfer,191,193,"['pick-up(rice)', 'put-down(rice)', 'pick-up(rice)']"
P22_113,object_transfer,192,194,"['put-down(rice)', 'pick-up(rice)', 'put-down(rice)']"
P22_113,object_transfer,193,195,"['pick-up(rice)', 'put-down(rice)', 'pick-up(rice)']"
P22_113,object_transfer,194,196,"['put-down(rice)', 'pick-up(rice)', 'put-down(rice)']"
P22_113,object_transfer,195,197,"['pick-up(rice)', 'put-down(rice)', 'pick-up(rice)']"
P22_113,object_transfer,196,198,"['put-down(rice)', 'pick-up(rice)', 'put-down(rice)']"
P22_113,container_usage,272,274,"['open(bag)', 'throw(residue:food)', 'close(bag)']"
P22_113,container_usage,290,292,"['open(drawer)', 'pick-up(mat:place)', 'close(drawer)']"
P22_113,object_transfer,291,293,"['pick-up(mat:place)', 'close(drawer)', 'put-down(mat:place)']"
P22_113,container_usage,294,296,"['open(cupboard)', 'pick-up(plate)', 'close(cupboard)']"
P22_115,washing,12,14,"['rinse(hand)', 'turn-off(tap)', 'shake(hand)']"
P22_115,other,13,15,"['turn-off(tap)', 'shake(hand)', 'pick-up(cloth)']"
P22_115,other,14,16,"['shake(hand)', 'pick-up(cloth)', 'dry(hand)']"
P22_115,object_transfer,31,33,"['pick-up(glass)', 'open(cupboard)', 'put-down(glass)']"
P22_115,object_transfer,33,35,"['put-down(glass)', 'pick-up(glass)', 'put-down(glass)']"
P22_115,object_transfer,34,36,"['pick-up(glass)', 'put-down(glass)', 'close(cupboard)']"
P22_115,object_transfer,47,49,"['turn-off(tap)', 'pick-up(bowl)', 'put-down(bowl)']"
P22_115,washing,66,68,"['turn-on(tap)', 'pick-up(sponge)', 'rinse(sponge)']"
P22_115,washing,70,72,"['rinse(sponge)', 'lather(sponge)', 'rinse(sponge)']"
P22_115,washing,71,73,"['lather(sponge)', 'rinse(sponge)', 'turn-off(tap)']"
P22_115,washing,81,83,"['pick-up(bowl)', 'turn-on(tap)', 'rinse(bowl)']"
P22_115,object_transfer,91,93,"['pick-up(spatula)', 'lather(spatula)', 'put-down(spatula)']"
P22_115,object_transfer,105,107,"['pick-up(spoon)', 'lather(spoon)', 'put-down(spoon)']"
P22_115,washing,110,112,"['put-down(sponge)', 'turn-on(tap)', 'rinse(plate)']"
P22_115,washing,111,113,"['turn-on(tap)', 'rinse(plate)', 'put-down(plate)']"
P22_115,washing,114,116,"['pick-up(lid)', 'rinse(lid)', 'put-down(lid)']"
P22_115,washing,120,122,"['pick-up(bowl)', 'rinse(bowl)', 'put-down(bowl)']"
P22_115,washing,129,131,"['pick-up(cutlery)', 'rinse(cutlery)', 'put-down(cutlery)']"
P22_115,washing,132,134,"['pick-up(cutlery)', 'rinse(cutlery)', 'put-down(cutlery)']"
P22_115,washing,145,147,"['rinse(hand)', 'turn-off(tap)', 'shake(hand)']"
P22_115,other,146,148,"['turn-off(tap)', 'shake(hand)', 'pick-up(cloth)']"
P22_115,other,147,149,"['shake(hand)', 'pick-up(cloth)', 'dry(hand)']"
P22_115,object_transfer,148,150,"['pick-up(cloth)', 'dry(hand)', 'put-down(cloth)']"
P22_115,container_usage,156,158,"['open(drawer)', 'put-down(mat:place)', 'close(drawer)']"
P22_115,object_transfer,179,181,"['pick-up(container)', 'put-down(container)', 'pick-up(container)']"
P22_115,object_transfer,180,182,"['put-down(container)', 'pick-up(container)', 'put-down(container)']"
P22_115,object_transfer,181,183,"['pick-up(container)', 'put-down(container)', 'pick-up(container)']"
P22_115,other,185,187,"['pour(chickpea)', 'pick-up(chickpea)', 'pour(chickpea)']"
P22_115,other,187,189,"['pour(chickpea)', 'pick-up(chickpea)', 'pour(chickpea)']"
P22_115,other,189,191,"['pour(chickpea)', 'pick-up(chickpea)', 'pour(chickpea)']"
P22_115,other,191,193,"['pour(chickpea)', 'pick-up(chickpea)', 'pour(chickpea)']"
P22_115,other,193,195,"['pour(chickpea)', 'pick-up(chickpea)', 'pour(chickpea)']"
P22_115,washing,213,215,"['turn-on(tap)', 'pick-up(cloth)', 'rinse(cloth)']"
P22_115,container_usage,237,239,"['open(bag)', 'throw(residue:food)', 'close(bag)']"
P22_115,washing,239,241,"['close(bag)', 'turn-on(tap)', 'rinse(hand)']"
P22_115,washing,240,242,"['turn-on(tap)', 'rinse(hand)', 'turn-off(tap)']"
P22_115,washing,241,243,"['rinse(hand)', 'turn-off(tap)', 'shake(hand)']"
P22_115,other,242,244,"['turn-off(tap)', 'shake(hand)', 'pick-up(cloth)']"
P22_115,other,243,245,"['shake(hand)', 'pick-up(cloth)', 'dry(hand)']"
P22_115,object_transfer,244,246,"['pick-up(cloth)', 'dry(hand)', 'put-down(cloth)']"
P22_116,object_transfer,17,19,"['pick-up(plate)', 'put-down(plate)', 'turn-on(tap)']"
P22_116,container_usage,33,35,"['open(drawer)', 'put-down(mat:place)', 'close(drawer)']"
P22_116,washing,38,40,"['turn-on(tap)', 'rinse(cloth)', 'turn-off(tap)']"
P22_116,container_usage,45,47,"['open(cupboard)', 'put-down(degreaser)', 'close(cupboard)']"
P22_116,washing,52,54,"['clean(top:counter)', 'turn-on(tap)', 'rinse(cloth)']"
P22_116,washing,53,55,"['turn-on(tap)', 'rinse(cloth)', 'turn-off(tap)']"
P22_116,washing,54,56,"['rinse(cloth)', 'turn-off(tap)', 'unfold(cloth)']"
P22_116,object_transfer,55,57,"['turn-off(tap)', 'unfold(cloth)', 'put-down(cloth)']"
P22_116,washing,77,79,"['pick-up(sponge)', 'rinse(sponge)', 'lather(sponge)']"
P22_116,washing,78,80,"['rinse(sponge)', 'lather(sponge)', 'rinse(sponge)']"
P22_116,object_transfer,95,97,"['pick-up(spatula)', 'lather(spatula)', 'put-down(spatula)']"
P22_116,object_transfer,98,100,"['pick-up(glass)', 'lather(glass)', 'put-down(glass)']"
P22_116,object_transfer,99,101,"['lather(glass)', 'put-down(glass)', 'pick-up(glass)']"
P22_116,object_transfer,100,102,"['put-down(glass)', 'pick-up(glass)', 'lather(glass)']"
P22_116,object_transfer,101,103,"['pick-up(glass)', 'lather(glass)', 'put-down(glass)']"
P22_116,object_transfer,104,106,"['pick-up(knife)', 'lather(knife)', 'put-down(knife)']"
P22_116,object_transfer,105,107,"['lather(knife)', 'put-down(knife)', 'take(fork)']"
P22_116,object_transfer,106,108,"['put-down(knife)', 'take(fork)', 'lather(fork)']"
P22_116,object_transfer,107,109,"['take(fork)', 'lather(fork)', 'put-down(fork)']"
P22_116,object_transfer,110,112,"['take(fork)', 'lather(fork)', 'put-down(fork)']"
P22_116,object_transfer,116,118,"['pick-up(spatula)', 'lather(spatula)', 'put-down(spatula)']"
P22_116,object_transfer,119,121,"['pick-up(knife)', 'lather(knife)', 'put-down(knife)']"
P22_116,washing,125,127,"['turn-on(tap)', 'rinse(sponge)', 'turn-off(tap)']"
P22_116,object_transfer,127,129,"['turn-off(tap)', 'lather(plate)', 'put-down(plate)']"
P22_116,object_transfer,136,138,"['pick-up(spoon)', 'lather(spoon)', 'put-down(spoon)']"
P22_116,object_transfer,141,143,"['take(fork)', 'lather(fork)', 'put-down(fork)']"
P22_116,washing,147,149,"['turn-on(tap)', 'rinse(sponge)', 'turn-off(tap)']"
P22_116,washing,165,167,"['pick-up(plate)', 'rinse(plate)', 'put-down(plate)']"
P22_116,washing,174,176,"['pick-up(glass)', 'rinse(glass)', 'put-down(glass)']"
P22_116,washing,175,177,"['rinse(glass)', 'put-down(glass)', 'pick-up(glass)']"
P22_116,washing,176,178,"['put-down(glass)', 'pick-up(glass)', 'rinse(glass)']"
P22_116,washing,177,179,"['pick-up(glass)', 'rinse(glass)', 'put-down(glass)']"
P22_116,washing,180,182,"['pick-up(bowl)', 'rinse(bowl)', 'put-down(bowl)']"
P22_116,washing,186,188,"['pick-up(cutlery)', 'rinse(cutlery)', 'put-down(cutlery)']"
P22_116,washing,187,189,"['rinse(cutlery)', 'put-down(cutlery)', 'rinse(cutlery)']"
P22_116,washing,194,196,"['pick-up(knife)', 'rinse(knife)', 'put-down(knife)']"
P22_116,washing,202,204,"['rinse(sponge)', 'rinse(hand)', 'put-down(sponge)']"
P22_116,washing,205,207,"['pick-up(cloth)', 'rinse(cloth)', 'turn-off(tap)']"
P22_116,washing,206,208,"['rinse(cloth)', 'turn-off(tap)', 'wash(sink)']"
P22_116,washing,214,216,"['rinse(cloth)', 'turn-off(tap)', 'unfold(cloth)']"
P22_116,object_transfer,215,217,"['turn-off(tap)', 'unfold(cloth)', 'put-down(cloth)']"
P22_116,other,218,220,"['shake(hand)', 'pick-up(cloth)', 'dry(hand)']"
P22_116,object_transfer,219,221,"['pick-up(cloth)', 'dry(hand)', 'put-down(cloth)']"
P22_117,washing,28,30,"['turn-on(tap)', 'rinse(hand)', 'turn-off(tap)']"
P22_117,washing,29,31,"['rinse(hand)', 'turn-off(tap)', 'shake(hand)']"
P22_117,other,30,32,"['turn-off(tap)', 'shake(hand)', 'pick-up(cloth)']"
P22_117,other,31,33,"['shake(hand)', 'pick-up(cloth)', 'dry(hand)']"
P22_117,object_transfer,32,34,"['pick-up(cloth)', 'dry(hand)', 'put-down(cloth)']"
P22_117,object_transfer,33,35,"['dry(hand)', 'put-down(cloth)', 'open(drawer)']"
P22_117,washing,69,71,"['turn-on(tap)', 'pick-up(sponge)', 'rinse(sponge)']"
P22_117,washing,70,72,"['pick-up(sponge)', 'rinse(sponge)', 'lather(sponge)']"
P22_117,washing,71,73,"['rinse(sponge)', 'lather(sponge)', 'rinse(sponge)']"
P22_117,object_transfer,75,77,"['pick-up(spoon)', 'lather(spoon)', 'put-down(spoon)']"
P22_117,washing,102,104,"['pick-up(lid)', 'rinse(lid)', 'put-down(lid)']"
P22_117,washing,112,114,"['pick-up(cutlery)', 'rinse(cutlery)', 'put-down(cutlery)']"
P22_117,other,115,117,"['turn-off(tap)', 'pick-up(cloth)', 'dry(hand)']"
P22_117,object_transfer,116,118,"['pick-up(cloth)', 'dry(hand)', 'put-down(cloth)']"
P22_117,object_transfer,117,119,"['dry(hand)', 'put-down(cloth)', 'open(drawer)']"
P22_117,cutting,119,121,"['open(drawer)', 'pick-up(board:cutting)', 'put-down(board:cutting)']"
P22_117,washing,154,156,"['close(bag)', 'turn-on(tap)', 'rinse(hand)']"
P22_117,washing,155,157,"['turn-on(tap)', 'rinse(hand)', 'turn-off(tap)']"
P22_117,washing,156,158,"['rinse(hand)', 'turn-off(tap)', 'shake(hand)']"
P22_117,other,157,159,"['turn-off(tap)', 'shake(hand)', 'pick-up(cloth)']"
P22_117,other,158,160,"['shake(hand)', 'pick-up(cloth)', 'dry(hand)']"
P22_117,object_transfer,159,161,"['pick-up(cloth)', 'dry(hand)', 'put-down(cloth)']"
P22_117,cutting,186,188,"['cut(courgette)', 'cut(courgette)', 'cut(courgette)']"
P22_117,washing,190,192,"['turn-on(tap)', 'rinse(hand)', 'turn-off(tap)']"
P22_117,washing,191,193,"['rinse(hand)', 'turn-off(tap)', 'shake(hand)']"
P22_117,other,192,194,"['turn-off(tap)', 'shake(hand)', 'dry(hand)']"
P22_117,other,203,205,"['pick-up(oil)', 'open(oil)', 'pour(oil)']"
P22_117,container_usage,204,206,"['open(oil)', 'pour(oil)', 'close(bottle:oil)']"
P22_117,object_transfer,205,207,"['pour(oil)', 'close(bottle:oil)', 'put-down(oil)']"
P22_117,washing,236,238,"['close(bag)', 'turn-on(tap)', 'rinse(hand)']"
P22_117,washing,237,239,"['turn-on(tap)', 'rinse(hand)', 'turn-off(tap)']"
P22_117,washing,238,240,"['rinse(hand)', 'turn-off(tap)', 'shake(hand)']"
P22_117,other,239,241,"['turn-off(tap)', 'shake(hand)', 'pick-up(cloth)']"
P22_117,other,240,242,"['shake(hand)', 'pick-up(cloth)', 'dry(hand)']"
P22_117,object_transfer,241,243,"['pick-up(cloth)', 'dry(hand)', 'put-down(cloth)']"
P22_117,object_transfer,242,244,"['dry(hand)', 'put-down(cloth)', 'open(cupboard)']"
P22_117,other,246,248,"['turn-on(tap)', 'fill(glass)', 'turn-off(tap)']"
P22_117,container_usage,250,252,"['open(drawer)', 'pick-up(spatula)', 'close(drawer)']"
P22_117,washing,270,272,"['turn-on(tap)', 'rinse(hand)', 'turn-off(tap)']"
P22_117,washing,271,273,"['rinse(hand)', 'turn-off(tap)', 'shake(hand)']"
P22_117,other,272,274,"['turn-off(tap)', 'shake(hand)', 'pick-up(cloth)']"
P22_117,other,273,275,"['shake(hand)', 'pick-up(cloth)', 'dry(hand)']"
P22_117,object_transfer,274,276,"['pick-up(cloth)', 'dry(hand)', 'put-down(cloth)']"
P22_117,container_usage,304,306,"['open(cupboard)', 'put-down(jar)', 'close(cupboard)']"
P22_117,washing,318,320,"['rinse(sponge)', 'lather(sponge)', 'rinse(sponge)']"
P22_117,washing,319,321,"['lather(sponge)', 'rinse(sponge)', 'turn-off(tap)']"
P22_117,washing,337,339,"['put-down(sponge)', 'turn-on(tap)', 'rinse(knife)']"
P22_117,washing,344,346,"['rinse(hand)', 'turn-off(tap)', 'shake(hand)']"
P22_117,other,345,347,"['turn-off(tap)', 'shake(hand)', 'pick-up(cloth)']"
P22_117,other,346,348,"['shake(hand)', 'pick-up(cloth)', 'dry(hand)']"
P22_117,object_transfer,347,349,"['pick-up(cloth)', 'dry(hand)', 'put-down(cloth)']"
P22_117,washing,350,352,"['pick-up(cloth)', 'turn-on(tap)', 'rinse(cloth)']"
P22_117,washing,351,353,"['turn-on(tap)', 'rinse(cloth)', 'turn-off(tap)']"
P22_117,washing,352,354,"['rinse(cloth)', 'turn-off(tap)', 'wring(cloth)']"
P22_117,other,358,360,"['turn-on(tap)', 'fill(glass)', 'turn-off(tap)']"
P22_117,container_usage,374,376,"['open(drawer)', 'pick-up(mat:place)', 'close(drawer)']"
P22_117,object_transfer,375,377,"['pick-up(mat:place)', 'close(drawer)', 'put-down(mat:place)']"
P22_117,washing,380,382,"['turn-on(tap)', 'rinse(cloth)', 'turn-off(tap)']"
P22_117,washing,381,383,"['rinse(cloth)', 'turn-off(tap)', 'unfold(cloth)']"
P22_117,object_transfer,382,384,"['turn-off(tap)', 'unfold(cloth)', 'put-down(cloth)']"
P22_117,washing,384,386,"['put-down(cloth)', 'turn-on(tap)', 'rinse(hand)']"
P22_117,washing,385,387,"['turn-on(tap)', 'rinse(hand)', 'turn-off(tap)']"
P22_117,washing,386,388,"['rinse(hand)', 'turn-off(tap)', 'shake(hand)']"
P22_117,other,387,389,"['turn-off(tap)', 'shake(hand)', 'pick-up(cloth)']"
P22_117,other,388,390,"['shake(hand)', 'pick-up(cloth)', 'dry(hand)']"
P22_117,object_transfer,389,391,"['pick-up(cloth)', 'dry(hand)', 'put-down(cloth)']"
P22_117,container_usage,400,402,"['open(cupboard)', 'pick-up(plate)', 'close(cupboard)']"
P22_117,object_transfer,401,403,"['pick-up(plate)', 'close(cupboard)', 'put-down(plate)']"
P22_117,object_transfer,422,424,"['open(cupboard)', 'pick-up(glass)', 'put-down(glass)']"
P22_117,other,435,437,"['turn-on(tap)', 'fill(glass)', 'turn-off(tap)']"
P22_11,object_transfer,36,38,"['pick-up(plate)', 'put-down(plate)', 'pick-up(plate)']"
P22_11,object_transfer,37,39,"['put-down(plate)', 'pick-up(plate)', 'put-down(plate)']"
P22_11,object_transfer,51,53,"['put-down(bowl)', 'pick-up(bowl)', 'put-down(bowl)']"
P22_11,object_transfer,52,54,"['pick-up(bowl)', 'put-down(bowl)', 'pick-up(bowl)']"
P22_11,object_transfer,53,55,"['put-down(bowl)', 'pick-up(bowl)', 'put-down(bowl)']"
P22_11,cutting,58,60,"['open(drawer)', 'put-down(board:cutting)', 'close(drawer)']"
P22_11,object_transfer,149,151,"['pick-up(glass)', 'lather(glass)', 'put-down(glass)']"
P22_11,washing,189,191,"['rinse(hand)', 'turn-off(tap)', 'shake(hand)']"
P22_11,other,190,192,"['turn-off(tap)', 'shake(hand)', 'dry(hand)']"
P22_12,object_transfer,19,21,"['dry(hand)', 'put-down(cloth)', 'open(drawer)']"
P22_12,other,23,25,"['peel(peach)', 'peel(peach)', 'peel(peach)']"
P22_12,other,24,26,"['peel(peach)', 'peel(peach)', 'peel(peach)']"
P22_12,other,36,38,"['peel(peach)', 'peel(peach)', 'peel(peach)']"
P22_12,other,37,39,"['peel(peach)', 'peel(peach)', 'peel(peach)']"
P22_12,other,38,40,"['peel(peach)', 'peel(peach)', 'peel(peach)']"
P22_12,other,39,41,"['peel(peach)', 'peel(peach)', 'peel(peach)']"
P22_12,washing,48,50,"['turn-on(tap)', 'rinse(hand)', 'turn-off(tap)']"
P22_12,washing,49,51,"['rinse(hand)', 'turn-off(tap)', 'shake(hand)']"
P22_12,other,50,52,"['turn-off(tap)', 'shake(hand)', 'dry(hand)']"
P22_12,object_transfer,51,53,"['shake(hand)', 'dry(hand)', 'put-down(cloth)']"
P22_12,object_transfer,52,54,"['dry(hand)', 'put-down(cloth)', 'open(drawer)']"
P22_12,container_usage,54,56,"['open(drawer)', 'take(knife)', 'close(drawer)']"
P22_12,cutting,59,61,"['cut(peach)', 'remove(peach)', 'put-down(peach)']"
P22_12,cutting,64,66,"['cut(peach)', 'remove(peach)', 'put-down(peach)']"
P22_12,cutting,75,77,"['cut(peach)', 'cut(peach)', 'remove(peach)']"
P22_12,cutting,89,91,"['cut(peach)', 'cut(peach)', 'remove(peach)']"
P22_12,cutting,106,108,"['cut(peach)', 'cut(peach)', 'remove(peach)']"
P22_12,cutting,112,114,"['cut(peach)', 'remove(peach)', 'put-down(peach)']"
P22_12,washing,125,127,"['turn-on(tap)', 'rinse(hand)', 'turn-off(tap)']"
P22_12,washing,126,128,"['rinse(hand)', 'turn-off(tap)', 'shake(hand)']"
P22_12,other,127,129,"['turn-off(tap)', 'shake(hand)', 'dry(hand)']"
P22_12,washing,133,135,"['turn-on(tap)', 'rinse(plate)', 'turn-off(tap)']"
P22_12,washing,149,151,"['turn-on(tap)', 'rinse(hand)', 'turn-off(tap)']"
P22_12,washing,150,152,"['rinse(hand)', 'turn-off(tap)', 'shake(hand)']"
P22_12,other,151,153,"['turn-off(tap)', 'shake(hand)', 'dry(hand)']"
P22_12,container_usage,173,175,"['open(drawer)', 'pick-up(knife)', 'close(drawer)']"
P22_12,other,193,195,"['spray(detergent)', 'clean(table)', 'spray(detergent)']"
P22_12,other,203,205,"['spray(detergent)', 'clean(table)', 'spray(detergent)']"
P22_12,other,204,206,"['clean(table)', 'spray(detergent)', 'clean(table)']"
P22_12,other,215,217,"['spray(detergent)', 'clean(table)', 'spray(detergent)']"
P22_12,other,216,218,"['clean(table)', 'spray(detergent)', 'clean(table)']"
P22_12,washing,233,235,"['wash(hand)', 'rinse(hand)', 'turn-off(tap)']"
P22_12,washing,234,236,"['rinse(hand)', 'turn-off(tap)', 'shake(hand)']"
P22_12,other,235,237,"['turn-off(tap)', 'shake(hand)', 'dry(hand)']"
P22_12,object_transfer,236,238,"['shake(hand)', 'dry(hand)', 'put-down(cloth)']"
P22_13,object_transfer,45,47,"['pick-up(knife)', 'lather(knife)', 'put-down(knife)']"
P22_13,washing,55,57,"['turn-on(tap)', 'rinse(cloth)', 'turn-off(tap)']"
P22_13,washing,56,58,"['rinse(cloth)', 'turn-off(tap)', 'put-down(cloth)']"
P22_13,washing,59,61,"['rinse(sponge)', 'put-down(sponge)', 'rinse(hand)']"
P22_13,washing,77,79,"['pick-up(knife)', 'rinse(knife)', 'put-down(knife)']"
P22_13,washing,83,85,"['pick-up(knife)', 'rinse(knife)', 'put-down(knife)']"
P22_13,washing,86,88,"['rinse(hand)', 'turn-off(tap)', 'dry(hand)']"
P22_13,object_transfer,87,89,"['turn-off(tap)', 'dry(hand)', 'put-down(cloth)']"
P22_13,other,127,129,"['spray(detergent)', 'clean(table)', 'spray(detergent)']"
P22_13,other,128,130,"['clean(table)', 'spray(detergent)', 'clean(table)']"
P22_13,other,129,131,"['spray(detergent)', 'clean(table)', 'spray(detergent)']"
P22_13,other,130,132,"['clean(table)', 'spray(detergent)', 'clean(table)']"
P22_13,other,138,140,"['clean(hob)', 'clean(hob)', 'turn-on(tap)']"
P22_13,object_transfer,177,179,"['pick-up(plate)', 'lather(plate)', 'put-down(plate)']"
P22_13,object_transfer,187,189,"['pick-up(fork)', 'lather(fork)', 'put-down(fork)']"
P22_13,washing,197,199,"['rinse(plate)', 'put-down(plate)', 'rinse(plate)']"
P22_13,washing,198,200,"['put-down(plate)', 'rinse(plate)', 'put-down(plate)']"
P22_13,washing,199,201,"['rinse(plate)', 'put-down(plate)', 'pick-up(plate)']"
P22_13,washing,200,202,"['put-down(plate)', 'pick-up(plate)', 'rinse(plate)']"
P22_13,washing,201,203,"['pick-up(plate)', 'rinse(plate)', 'put-down(plate)']"
P22_13,washing,205,207,"['rinse(sponge)', 'put-down(sponge)', 'rinse(hand)']"
P22_13,washing,207,209,"['rinse(hand)', 'pick-up(cloth)', 'rinse(cloth)']"
P22_13,washing,208,210,"['pick-up(cloth)', 'rinse(cloth)', 'clean(sink)']"
P22_13,washing,209,211,"['rinse(cloth)', 'clean(sink)', 'rinse(cloth)']"
P22_13,washing,211,213,"['rinse(cloth)', 'clean(sink)', 'turn-off(tap)']"
P22_13,washing,222,224,"['rinse(hand)', 'turn-off(tap)', 'shake(hand)']"
P22_13,other,223,225,"['turn-off(tap)', 'shake(hand)', 'dry(hand)']"
P22_13,object_transfer,224,226,"['shake(hand)', 'dry(hand)', 'put-down(cloth)']"
P22_13,object_transfer,243,245,"['shake(hand)', 'dry(hand)', 'put-down(cloth)']"
P22_14,washing,82,84,"['turn-on(tap)', 'rinse(hand)', 'pick-up(sponge)']"
P22_14,washing,83,85,"['rinse(hand)', 'pick-up(sponge)', 'rinse(sponge)']"
P22_14,object_transfer,93,95,"['pick-up(fork)', 'lather(fork)', 'put-down(fork)']"
P22_14,object_transfer,94,96,"['lather(fork)', 'put-down(fork)', 'pick-up(knife)']"
P22_14,object_transfer,95,97,"['put-down(fork)', 'pick-up(knife)', 'lather(knife)']"
P22_14,object_transfer,96,98,"['pick-up(knife)', 'lather(knife)', 'put-down(knife)']"
P22_14,object_transfer,102,104,"['pick-up(fork)', 'lather(fork)', 'put-down(fork)']"
P22_14,object_transfer,103,105,"['lather(fork)', 'put-down(fork)', 'pick-up(knife)']"
P22_14,object_transfer,104,106,"['put-down(fork)', 'pick-up(knife)', 'lather(knife)']"
P22_14,object_transfer,105,107,"['pick-up(knife)', 'lather(knife)', 'put-down(knife)']"
P22_14,object_transfer,107,109,"['put-down(knife)', 'pick-up(knife)', 'lather(knife)']"
P22_14,object_transfer,108,110,"['pick-up(knife)', 'lather(knife)', 'put-down(knife)']"
P22_14,object_transfer,113,115,"['pick-up(plate)', 'lather(plate)', 'put-down(plate)']"
P22_14,washing,136,138,"['lather(knife)', 'rinse(knife)', 'put-down(knife)']"
P22_14,washing,199,201,"['turn-on(tap)', 'rinse(hand)', 'turn-off(tap)']"
P22_14,washing,219,221,"['turn-on(tap)', 'rinse(hand)', 'turn-off(tap)']"
P22_14,washing,220,222,"['rinse(hand)', 'turn-off(tap)', 'pick-up(cloth)']"
P22_14,other,221,223,"['turn-off(tap)', 'pick-up(cloth)', 'dry(hand)']"
P22_14,container_usage,247,249,"['open(drawer)', 'pick-up(teaspoon)', 'close(drawer)']"
P22_15,object_transfer,24,26,"['pick-up(plate)', 'put-down(plate)', 'pick-up(plate)']"
P22_15,object_transfer,25,27,"['put-down(plate)', 'pick-up(plate)', 'put-down(plate)']"
P22_15,object_transfer,102,104,"['put-down(glass)', 'pick-up(bowl)', 'put-down(bowl)']"
P22_15,object_transfer,103,105,"['pick-up(bowl)', 'put-down(bowl)', 'pick-up(bowl)']"
P22_15,object_transfer,104,106,"['put-down(bowl)', 'pick-up(bowl)', 'put-down(bowl)']"
P22_15,washing,186,188,"['rinse(glass)', 'put-down(glass)', 'rinse(glass)']"
P22_15,washing,187,189,"['put-down(glass)', 'rinse(glass)', 'put-down(glass)']"
P22_15,washing,188,190,"['rinse(glass)', 'put-down(glass)', 'turn-off(tap)']"
P22_15,washing,199,201,"['close(can:trash)', 'turn-on(tap)', 'rinse(hand)']"
P22_15,washing,208,210,"['rinse(cloth)', 'clean(sink)', 'turn-off(tap)']"
P22_15,container_usage,237,239,"['open(drawer)', 'close(drawer)', 'open(drawer)']"
P22_15,washing,266,268,"['rinse(spoon)', 'turn-off(tap)', 'put-down(spoon)']"
P22_16,washing,35,37,"['turn-on(tap)', 'rinse(hand)', 'turn-off(tap)']"
P22_16,washing,36,38,"['rinse(hand)', 'turn-off(tap)', 'shake(hand)']"
P22_16,other,37,39,"['turn-off(tap)', 'shake(hand)', 'pick-up(cloth)']"
P22_16,other,38,40,"['shake(hand)', 'pick-up(cloth)', 'dry(hand)']"
P22_16,object_transfer,39,41,"['pick-up(cloth)', 'dry(hand)', 'put-down(cloth)']"
P22_16,container_usage,49,51,"['close(drawer)', 'open(drawer)', 'close(drawer)']"
P22_16,container_usage,50,52,"['open(drawer)', 'close(drawer)', 'open(drawer)']"
P22_16,container_usage,51,53,"['close(drawer)', 'open(drawer)', 'close(drawer)']"
P22_16,container_usage,52,54,"['open(drawer)', 'close(drawer)', 'open(drawer)']"
P22_16,cutting,71,73,"['open(drawer)', 'pick-up(board:cutting)', 'put-down(board:cutting)']"
P22_16,washing,104,106,"['turn-on(tap)', 'rinse(hand)', 'turn-off(tap)']"
P22_16,washing,105,107,"['rinse(hand)', 'turn-off(tap)', 'shake(hand)']"
P22_16,other,106,108,"['turn-off(tap)', 'shake(hand)', 'dry(hand)']"
P22_16,other,129,131,"['peel(onion)', 'peel(onion)', 'peel(onion)']"
P22_16,other,145,147,"['slice(onion)', 'slice(onion)', 'slice(onion)']"
P22_16,other,160,162,"['slice(tomato)', 'slice(tomato)', 'slice(tomato)']"
P22_16,cutting,172,174,"['cut(tomato)', 'cut(tomato)', 'cut(tomato)']"
P22_16,cutting,310,312,"['cut(lettuce)', 'cut(lettuce)', 'cut(lettuce)']"
P22_16,cutting,317,319,"['cut(lettuce)', 'cut(lettuce)', 'cut(lettuce)']"
P22_16,cutting,318,320,"['cut(lettuce)', 'cut(lettuce)', 'cut(lettuce)']"
P22_16,cutting,319,321,"['cut(lettuce)', 'cut(lettuce)', 'cut(lettuce)']"
P22_16,washing,328,330,"['close(can:trash)', 'turn-on(tap)', 'rinse(hand)']"
P22_16,other,347,349,"['slice(tomato)', 'slice(tomato)', 'slice(tomato)']"
P22_16,object_transfer,354,356,"['pick-up(tomato)', 'put(tomato)', 'pick-up(tomato)']"
P22_16,object_transfer,355,357,"['put(tomato)', 'pick-up(tomato)', 'put(tomato)']"
P22_16,washing,420,422,"['turn-on(tap)', 'wash(hand)', 'turn-off(tap)']"
P22_16,other,422,424,"['turn-off(tap)', 'pick-up(cloth)', 'dry(hand)']"
P22_16,object_transfer,478,480,"['pick-up(mixture)', 'put-down(mixture)', 'pick-up(mixture)']"
P22_16,object_transfer,479,481,"['put-down(mixture)', 'pick-up(mixture)', 'put-down(mixture)']"
P22_16,object_transfer,480,482,"['pick-up(mixture)', 'put-down(mixture)', 'pick-up(mixture)']"
P22_16,object_transfer,481,483,"['put-down(mixture)', 'pick-up(mixture)', 'put-down(mixture)']"
P22_16,object_transfer,482,484,"['pick-up(mixture)', 'put-down(mixture)', 'pick-up(mixture)']"
P22_16,object_transfer,483,485,"['put-down(mixture)', 'pick-up(mixture)', 'put-down(mixture)']"
P22_16,object_transfer,484,486,"['pick-up(mixture)', 'put-down(mixture)', 'pick-up(mixture)']"
P22_16,object_transfer,485,487,"['put-down(mixture)', 'pick-up(mixture)', 'put-down(mixture)']"
P22_16,object_transfer,486,488,"['pick-up(mixture)', 'put-down(mixture)', 'pick-up(mixture)']"
P22_16,object_transfer,487,489,"['put-down(mixture)', 'pick-up(mixture)', 'put-down(mixture)']"
P22_16,object_transfer,488,490,"['pick-up(mixture)', 'put-down(mixture)', 'pick-up(mixture)']"
P22_16,object_transfer,489,491,"['put-down(mixture)', 'pick-up(mixture)', 'put-down(mixture)']"
P22_16,object_transfer,500,502,"['pick-up(plate)', 'put-down(plate)', 'pick-up(plate)']"
P22_16,object_transfer,501,503,"['put-down(plate)', 'pick-up(plate)', 'put-down(plate)']"
P22_17,washing,0,2,"['turn-on(tap)', 'rinse(hand)', 'pick-up(sponge)']"
P22_17,washing,1,3,"['rinse(hand)', 'pick-up(sponge)', 'rinse(sponge)']"
P22_17,object_transfer,19,21,"['pick-up(spoon)', 'lather(spoon)', 'put-down(spoon)']"
P22_17,object_transfer,71,73,"['pick-up(pan)', 'put-down(pan)', 'turn-on(tap)']"
P22_17,washing,117,119,"['rinse(pan)', 'rinse(pan)', 'turn-off(tap)']"
P22_17,washing,122,124,"['turn-on(tap)', 'rinse(pan)', 'turn-off(tap)']"
P22_17,washing,127,129,"['turn-on(tap)', 'rinse(hand)', 'turn-off(tap)']"
P22_17,washing,128,130,"['rinse(hand)', 'turn-off(tap)', 'shake(hand)']"
P22_17,other,129,131,"['turn-off(tap)', 'shake(hand)', 'dry(hand)']"
P22_17,washing,151,153,"['pick-up(plate)', 'turn-on(tap)', 'rinse(plate)']"
P22_17,washing,152,154,"['turn-on(tap)', 'rinse(plate)', 'turn-off(tap)']"
P22_17,washing,153,155,"['rinse(plate)', 'turn-off(tap)', 'lather(plate)']"
P22_17,object_transfer,154,156,"['turn-off(tap)', 'lather(plate)', 'put-down(plate)']"
P22_17,object_transfer,155,157,"['lather(plate)', 'put-down(plate)', 'pick-up(plate)']"
P22_17,object_transfer,156,158,"['put-down(plate)', 'pick-up(plate)', 'lather(plate)']"
P22_17,object_transfer,157,159,"['pick-up(plate)', 'lather(plate)', 'put-down(plate)']"
P22_17,object_transfer,158,160,"['lather(plate)', 'put-down(plate)', 'pick-up(plate)']"
P22_17,object_transfer,159,161,"['put-down(plate)', 'pick-up(plate)', 'put-down(plate)']"
P22_17,object_transfer,162,164,"['pick-up(fork)', 'lather(fork)', 'put-down(fork)']"
P22_17,object_transfer,168,170,"['pick-up(knife)', 'lather(knife)', 'put-down(knife)']"
P22_17,object_transfer,170,172,"['put-down(knife)', 'pick-up(knife)', 'lather(knife)']"
P22_17,object_transfer,171,173,"['pick-up(knife)', 'lather(knife)', 'put-down(knife)']"
P22_17,washing,179,181,"['rinse(plate)', 'put-down(plate)', 'rinse(plate)']"
P22_17,washing,180,182,"['put-down(plate)', 'rinse(plate)', 'put-down(plate)']"
P22_17,washing,274,276,"['turn-on(tap)', 'rinse(hand)', 'turn-off(tap)']"
P22_17,washing,299,301,"['rinse(glass)', 'put-down(glass)', 'pick-up(glass)']"
P22_17,washing,303,305,"['rinse(glass)', 'put-down(glass)', 'pick-up(glass)']"
P22_17,object_transfer,315,317,"['pick-up(plate)', 'pick-up(plate)', 'put-down(plate)']"
P22_17,washing,326,328,"['close(can:trash)', 'turn-on(tap)', 'rinse(hand)']"
P22_17,washing,327,329,"['turn-on(tap)', 'rinse(hand)', 'turn-off(tap)']"
P22_17,washing,328,330,"['rinse(hand)', 'turn-off(tap)', 'shake(hand)']"
P22_17,other,329,331,"['turn-off(tap)', 'shake(hand)', 'dry(hand)']"
P22_17,object_transfer,330,332,"['shake(hand)', 'dry(hand)', 'put-down(cloth)']"
P22_17,washing,334,336,"['pick-up(cloth)', 'turn-on(tap)', 'rinse(cloth)']"
P22_17,other,397,399,"['shake(hand)', 'pick-up(cloth)', 'dry(hand)']"
P22_17,object_transfer,398,400,"['pick-up(cloth)', 'dry(hand)', 'put-down(cloth)']"
P22_17,object_transfer,466,468,"['pick-up(knife)', 'dry(knife)', 'put-down(knife)']"
P22_17,object_transfer,475,477,"['pick-up(knife)', 'dry(knife)', 'put-down(knife)']"
P22_17,object_transfer,478,480,"['pick-up(knife)', 'dry(knife)', 'put-down(knife)']"
P22_17,cutting,501,503,"['open(drawer)', 'put-down(board:cutting)', 'close(drawer)']"
P22_17,other,515,517,"['spray(detergent)', 'clean(table)', 'spray(detergent)']"
P22_17,other,519,521,"['clean(table)', 'spray(detergent)', 'clean(table)']"
P22_17,washing,530,532,"['turn-on(tap)', 'rinse(cloth)', 'turn-off(tap)']"
P22_17,washing,531,533,"['rinse(cloth)', 'turn-off(tap)', 'wash(sink)']"
P23_02,washing,29,31,"['turn-on(tap)', 'wash(hand)', 'turn-off(tap)']"
P23_02,washing,136,138,"['turn-on(tap)', 'wash(hand)', 'turn-off(tap)']"
P23_02,washing,152,154,"['turn-on(tap)', 'wash(hand)', 'turn-off(tap)']"
P23_02,washing,159,161,"['turn-on(tap)', 'wash(hand)', 'turn-off(tap)']"
P23_03,washing,27,29,"['turn-on(tap)', 'wash(hand)', 'turn-off(tap)']"
P23_04,washing,5,7,"['turn-on(tap)', 'wash(hand)', 'turn-off(tap)']"
P23_04,washing,12,14,"['turn-on(tap)', 'wash(hand)', 'turn-off(tap)']"
P23_04,washing,22,24,"['turn-on(tap)', 'wash(hand)', 'turn-off(tap)']"
P23_101,washing,190,192,"['turn-on(tap)', 'wash(hand)', 'turn-off(tap)']"
P23_101,object_transfer,222,224,"['take(spoon)', 'mix(curry)', 'put(spoon)']"
P23_101,object_transfer,231,233,"['take(spoon)', 'mix(curry)', 'put(spoon)']"
P23_101,object_transfer,264,266,"['mix(curry)', 'put(spoon)', 'take(plate)']"
P23_101,object_transfer,265,267,"['put(spoon)', 'take(plate)', 'put(plate)']"
P23_101,object_transfer,274,276,"['put(plate)', 'take(spoon)', 'mix(curry)']"
P23_101,object_transfer,275,277,"['take(spoon)', 'mix(curry)', 'put(spoon)']"
P23_101,object_transfer,276,278,"['mix(curry)', 'put(spoon)', 'take(plate)']"
P23_101,object_transfer,277,279,"['put(spoon)', 'take(plate)', 'put(plate)']"
P23_101,washing,312,314,"['turn-off(tap)', 'turn-on(tap)', 'wash(hand)']"
P23_101,object_transfer,318,320,"['put(plate)', 'take(spoon)', 'mix(curry)']"
P23_101,object_transfer,323,325,"['mix(curry)', 'put(spoon)', 'take(plate)']"
P23_101,object_transfer,324,326,"['put(spoon)', 'take(plate)', 'put(plate)']"
P23_101,object_transfer,348,350,"['take(spoon)', 'mix(curry)', 'put(spoon)']"
P23_101,object_transfer,349,351,"['mix(curry)', 'put(spoon)', 'take(plate)']"
P23_101,object_transfer,350,352,"['put(spoon)', 'take(plate)', 'put(plate)']"
P23_102,object_transfer,28,30,"['take(bowl)', 'put(bowl)', 'take(bowl)']"
P23_102,object_transfer,29,31,"['put(bowl)', 'take(bowl)', 'put(bowl)']"
P23_102,object_transfer,30,32,"['take(bowl)', 'put(bowl)', 'take(bowl)']"
P23_102,object_transfer,31,33,"['put(bowl)', 'take(bowl)', 'put(bowl)']"
P23_102,object_transfer,32,34,"['take(bowl)', 'put(bowl)', 'take(bowl)']"
P23_102,object_transfer,33,35,"['put(bowl)', 'take(bowl)', 'put(bowl)']"
P23_102,object_transfer,34,36,"['take(bowl)', 'put(bowl)', 'take(bowl)']"
P23_102,object_transfer,35,37,"['put(bowl)', 'take(bowl)', 'put(bowl)']"
P23_102,object_transfer,36,38,"['take(bowl)', 'put(bowl)', 'take(bowl)']"
P23_102,object_transfer,42,44,"['put(bowl)', 'take(bowl)', 'put(bowl)']"
P23_102,object_transfer,211,213,"['put(plate)', 'take(spoon)', 'mix(curry)']"
P23_102,object_transfer,212,214,"['take(spoon)', 'mix(curry)', 'put(spoon)']"
P23_102,object_transfer,213,215,"['mix(curry)', 'put(spoon)', 'take(plate)']"
P23_102,object_transfer,214,216,"['put(spoon)', 'take(plate)', 'put(plate)']"
P23_102,object_transfer,351,353,"['take(spoon)', 'mix(curry)', 'put(spoon)']"
P23_102,object_transfer,352,354,"['mix(curry)', 'put(spoon)', 'take(plate)']"
P23_102,object_transfer,353,355,"['put(spoon)', 'take(plate)', 'put(plate)']"
P23_102,object_transfer,367,369,"['put(spoon)', 'take(plate)', 'put(plate)']"
P23_102,object_transfer,405,407,"['put(bottle)', 'take(bottle)', 'put(bottle)']"
P23_102,object_transfer,412,414,"['put(plate)', 'take(spoon)', 'mix(curry)']"
P23_102,object_transfer,422,424,"['take(spoon)', 'mix(curry)', 'put(spoon)']"
P23_102,object_transfer,495,497,"['put(plate)', 'take(spoon)', 'mix(curry)']"
P23_102,object_transfer,506,508,"['take(spoon)', 'mix(curry)', 'put(spoon)']"
P23_102,object_transfer,529,531,"['put(bottle)', 'take(bottle)', 'put(bottle)']"
P23_102,object_transfer,531,533,"['put(bottle)', 'take(bottle)', 'put(bottle)']"
P23_102,object_transfer,547,549,"['take(spoon)', 'mix(curry)', 'put(spoon)']"
P23_102,object_transfer,555,557,"['put(bottle)', 'take(bottle)', 'put(bottle)']"
P24_02,washing,48,50,"['turn-on(tap)', 'rinse(hand)', 'turn-off(tap)']"
P24_02,container_usage,56,58,"['open(cupboard)', 'take(plate)', 'close(cupboard)']"
P24_02,object_transfer,57,59,"['take(plate)', 'close(cupboard)', 'put-down(plate)']"
P24_03,washing,44,46,"['turn-on(tap)', 'rinse(bowl)', 'turn-off(tap)']"
P24_03,washing,59,61,"['rinse(plate)', 'turn-off(tap)', 'lather(plate)']"
P24_03,washing,62,64,"['turn-on(tap)', 'rinse(plate)', 'put-down(plate)']"
P24_03,washing,68,70,"['lather(fork)', 'rinse(fork)', 'put-down(fork)']"
P24_03,washing,91,93,"['pick-up(knife)', 'rinse(knife)', 'put-down(knife)']"
P24_04,washing,23,25,"['rinse(hand)', 'turn-off(tap)', 'pick-up(cloth)']"
P24_04,other,24,26,"['turn-off(tap)', 'pick-up(cloth)', 'dry(hand)']"
P24_05,container_usage,196,198,"['close(bottle)', 'open(fridge)', 'put-in(bottle)']"
P24_06,washing,39,41,"['turn-on(tap)', 'rinse(colander)', 'turn-off(tap)']"
P24_06,washing,97,99,"['clean(sink)', 'rinse(sponge)', 'clean(sink)']"
P24_06,washing,99,101,"['clean(sink)', 'rinse(sponge)', 'clean(sink)']"
P24_07,object_transfer,32,34,"['pick-up(tomato)', 'put(tomato)', 'pick-up(tomato)']"
P24_07,object_transfer,33,35,"['put(tomato)', 'pick-up(tomato)', 'put(tomato)']"
P24_07,object_transfer,34,36,"['pick-up(tomato)', 'put(tomato)', 'pick-up(tomato)']"
P24_07,object_transfer,35,37,"['put(tomato)', 'pick-up(tomato)', 'put(tomato)']"
P24_07,object_transfer,38,40,"['put(tomato)', 'pick-up(tomato)', 'put(tomato)']"
P24_07,object_transfer,39,41,"['pick-up(tomato)', 'put(tomato)', 'pick-up(tomato)']"
P24_07,object_transfer,40,42,"['put(tomato)', 'pick-up(tomato)', 'put(tomato)']"
P24_07,cutting,131,133,"['cut(carrot)', 'cut(carrot)', 'cut(carrot)']"
P24_07,washing,182,184,"['turn-on(tap)', 'rinse(hand)', 'turn-off(tap)']"
P24_07,washing,183,185,"['rinse(hand)', 'turn-off(tap)', 'dry(hand)']"
P24_08,cutting,41,43,"['cut(onion)', 'cut(onion)', 'cut(onion)']"
P24_08,cutting,68,70,"['cut(onion)', 'cut(onion)', 'cut(onion)']"
P24_08,object_transfer,120,122,"['put-down(spoon)', 'pick-up(lid)', 'put-down(lid)']"
P24_08,container_usage,194,196,"['close(bottle)', 'open(fridge)', 'put-in(bottle)']"
P25_02,stirring,0,2,"['pick-up(spoon)', 'stir(pasta)', 'put-down(spoon)']"
P25_02,object_transfer,11,13,"['put-down(plate)', 'put-down(plate)', 'pick-up(plate)']"
P25_04,other,16,18,"['turn-off(tap)', 'turn-on(tap)', 'turn-off(tap)']"
P25_05,washing,33,35,"['turn-off(tap)', 'turn-on(tap)', 'wash(hand)']"
P25_05,container_usage,76,78,"['open(cupboard)', 'close(cupboard)', 'open(cupboard)']"
P25_05,washing,94,96,"['pick-up(spoon)', 'turn-on(tap)', 'wash(spoon)']"
P25_09,container_usage,47,49,"['open(drawer)', 'take(spoon)', 'close(drawer)']"
P25_09,other,85,87,"['turn-off(tap)', 'pick-up(cloth)', 'dry(hand)']"
P25_09,object_transfer,86,88,"['pick-up(cloth)', 'dry(hand)', 'put-down(cloth)']"
P25_09,washing,104,106,"['turn-on(tap)', 'wash(hand)', 'turn-off(tap)']"
P25_101,object_transfer,17,19,"['open(cupboard)', 'pick-up(plate)', 'put-down(plate)']"
P25_101,object_transfer,26,28,"['pick-up(meat)', 'put-down(meat)', 'pick-up(meat)']"
P25_101,object_transfer,27,29,"['put-down(meat)', 'pick-up(meat)', 'put-down(meat)']"
P25_101,object_transfer,28,30,"['pick-up(meat)', 'put-down(meat)', 'pick-up(meat)']"
P25_101,object_transfer,29,31,"['put-down(meat)', 'pick-up(meat)', 'put-down(meat)']"
P25_101,object_transfer,30,32,"['pick-up(meat)', 'put-down(meat)', 'pick-up(meat)']"
P25_101,object_transfer,31,33,"['put-down(meat)', 'pick-up(meat)', 'put-down(meat)']"
P25_101,object_transfer,32,34,"['pick-up(meat)', 'put-down(meat)', 'pick-up(meat)']"
P25_101,object_transfer,33,35,"['put-down(meat)', 'pick-up(meat)', 'put-down(meat)']"
P25_101,container_usage,49,51,"['open(cupboard)', 'put-down(jar)', 'close(cupboard)']"
P25_101,other,61,63,"['flip(meat)', 'flip(meat)', 'flip(meat)']"
P25_101,other,62,64,"['flip(meat)', 'flip(meat)', 'flip(meat)']"
P25_101,other,63,65,"['flip(meat)', 'flip(meat)', 'flip(meat)']"
P25_101,other,64,66,"['flip(meat)', 'flip(meat)', 'flip(meat)']"
P25_101,other,65,67,"['flip(meat)', 'flip(meat)', 'flip(meat)']"
P25_101,object_transfer,68,70,"['pick-up(meat)', 'put-down(meat)', 'pick-up(meat)']"
P25_101,object_transfer,69,71,"['put-down(meat)', 'pick-up(meat)', 'put-down(meat)']"
P25_101,object_transfer,70,72,"['pick-up(meat)', 'put-down(meat)', 'pick-up(meat)']"
P25_101,object_transfer,71,73,"['put-down(meat)', 'pick-up(meat)', 'put-down(meat)']"
P25_101,object_transfer,72,74,"['pick-up(meat)', 'put-down(meat)', 'pick-up(meat)']"
P25_101,object_transfer,73,75,"['put-down(meat)', 'pick-up(meat)', 'put-down(meat)']"
P25_101,object_transfer,74,76,"['pick-up(meat)', 'put-down(meat)', 'pick-up(meat)']"
P25_101,object_transfer,75,77,"['put-down(meat)', 'pick-up(meat)', 'put-down(meat)']"
P25_101,object_transfer,76,78,"['pick-up(meat)', 'put-down(meat)', 'pick-up(meat)']"
P25_101,object_transfer,77,79,"['put-down(meat)', 'pick-up(meat)', 'put-down(meat)']"
P25_101,object_transfer,78,80,"['pick-up(meat)', 'put-down(meat)', 'pick-up(meat)']"
P25_101,object_transfer,79,81,"['put-down(meat)', 'pick-up(meat)', 'put-down(meat)']"
P25_101,object_transfer,80,82,"['pick-up(meat)', 'put-down(meat)', 'pick-up(meat)']"
P25_101,object_transfer,81,83,"['put-down(meat)', 'pick-up(meat)', 'put-down(meat)']"
P25_101,object_transfer,82,84,"['pick-up(meat)', 'put-down(meat)', 'pick-up(meat)']"
P25_101,object_transfer,83,85,"['put-down(meat)', 'pick-up(meat)', 'put-down(meat)']"
P25_101,washing,89,91,"['turn-on(tap)', 'rinse(hand)', 'turn-off(tap)']"
P25_101,other,98,100,"['flip(meat)', 'flip(meat)', 'flip(meat)']"
P25_101,object_transfer,117,119,"['pick-up(meat)', 'put-down(meat)', 'pick-up(meat)']"
P25_101,object_transfer,118,120,"['put-down(meat)', 'pick-up(meat)', 'put-down(meat)']"
P25_101,object_transfer,119,121,"['pick-up(meat)', 'put-down(meat)', 'pick-up(meat)']"
P25_101,object_transfer,120,122,"['put-down(meat)', 'pick-up(meat)', 'put-down(meat)']"
P25_102,container_usage,26,28,"['open(drawer)', 'pick-up(teaspoon)', 'close(drawer)']"
P25_102,object_transfer,30,32,"['pick-up(meat)', 'put-down(meat)', 'pick-up(meat)']"
P25_102,object_transfer,31,33,"['put-down(meat)', 'pick-up(meat)', 'put-down(meat)']"
P25_102,object_transfer,32,34,"['pick-up(meat)', 'put-down(meat)', 'pick-up(meat)']"
P25_102,object_transfer,33,35,"['put-down(meat)', 'pick-up(meat)', 'put-down(meat)']"
P25_102,object_transfer,46,48,"['open(cupboard)', 'pick-up(plate)', 'put-down(plate)']"
P25_102,container_usage,57,59,"['open(cupboard)', 'put-down(jar)', 'close(cupboard)']"
P25_102,object_transfer,65,67,"['put-down(meat)', 'pick-up(meat)', 'put-down(meat)']"
P25_102,object_transfer,66,68,"['pick-up(meat)', 'put-down(meat)', 'pick-up(meat)']"
P25_102,object_transfer,67,69,"['put-down(meat)', 'pick-up(meat)', 'put-down(meat)']"
P25_102,object_transfer,72,74,"['pick-up(plate)', 'put-down(plate)', 'turn-on(tap)']"
P25_102,washing,83,85,"['pick-up(knife)', 'wash(knife)', 'put-down(knife)']"
P25_102,washing,84,86,"['wash(knife)', 'put-down(knife)', 'pick-up(knife)']"
P25_102,object_transfer,85,87,"['put-down(knife)', 'pick-up(knife)', 'lather(knife)']"
P25_102,washing,86,88,"['pick-up(knife)', 'lather(knife)', 'rinse(knife)']"
P25_102,washing,87,89,"['lather(knife)', 'rinse(knife)', 'put-down(knife)']"
P25_102,washing,88,90,"['rinse(knife)', 'put-down(knife)', 'take(fork)']"
P25_102,object_transfer,92,94,"['put-down(fork)', 'pick-up(knife)', 'lather(knife)']"
P25_102,washing,93,95,"['pick-up(knife)', 'lather(knife)', 'rinse(knife)']"
P25_102,washing,94,96,"['lather(knife)', 'rinse(knife)', 'put-down(knife)']"
P25_102,washing,95,97,"['rinse(knife)', 'put-down(knife)', 'take(fork)']"
P25_102,object_transfer,96,98,"['put-down(knife)', 'take(fork)', 'lather(fork)']"
P25_102,washing,98,100,"['lather(fork)', 'rinse(fork)', 'put-down(fork)']"
P25_103,washing,30,32,"['turn-on(tap)', 'wash(hand)', 'turn-off(tap)']"
P25_103,other,33,35,"['pick-up(paper)', 'tear(paper)', 'dry(hand)']"
P25_103,object_transfer,41,43,"['open(cupboard)', 'pick-up(plate)', 'put-down(plate)']"
P25_103,container_usage,54,56,"['open(drawer)', 'pick-up(spoon)', 'close(drawer)']"
P25_103,object_transfer,64,66,"['open(cupboard)', 'pick-up(plate)', 'put-down(plate)']"
P25_103,object_transfer,65,67,"['pick-up(plate)', 'put-down(plate)', 'turn-on(tap)']"
P25_103,washing,67,69,"['turn-on(tap)', 'wash(hand)', 'turn-off(tap)']"
P25_103,other,70,72,"['pick-up(paper)', 'tear(paper)', 'dry(hand)']"
P25_103,object_transfer,99,101,"['pick-up(meat)', 'put-down(meat)', 'pick-up(meat)']"
P25_103,object_transfer,100,102,"['put-down(meat)', 'pick-up(meat)', 'put-down(meat)']"
P25_104,stirring,14,16,"['pick-up(spoon)', 'stir(onion)', 'put-down(spoon)']"
P25_104,washing,31,33,"['wash(knife)', 'rinse(knife)', 'put-down(knife)']"
P25_104,washing,34,36,"['wash(spoon)', 'rinse(spoon)', 'put-down(spoon)']"
P25_104,other,46,48,"['pick-up(paper)', 'tear(paper)', 'dry(hand)']"
P25_104,stirring,50,52,"['pick-up(spoon)', 'stir(onion)', 'put-down(spoon)']"
P25_104,stirring,68,70,"['pick-up(spoon)', 'stir(onion)', 'put-down(spoon)']"
P25_104,stirring,84,86,"['pick-up(spoon)', 'stir(sauce)', 'put-down(spoon)']"
P25_104,stirring,97,99,"['pick-up(spoon)', 'stir(sauce)', 'put-down(spoon)']"
P25_104,stirring,123,125,"['pick-up(spoon)', 'stir(sauce)', 'put-down(spoon)']"
P25_104,stirring,126,128,"['pick-up(spoon)', 'stir(pasta)', 'put-down(spoon)']"
P25_104,object_transfer,128,130,"['put-down(spoon)', 'pick-up(lid)', 'put-down(lid)']"
P25_104,object_transfer,153,155,"['pick-up(knife)', 'dry(knife)', 'put-down(knife)']"
P25_104,stirring,162,164,"['pick-up(spoon)', 'stir(sauce)', 'put-down(spoon)']"
P25_104,stirring,165,167,"['pick-up(spoon)', 'open(lid)', 'stir(pasta)']"
P25_104,stirring,166,168,"['open(lid)', 'stir(pasta)', 'close(lid)']"
P25_104,stirring,170,172,"['pick-up(spoon)', 'stir(sauce)', 'put-down(spoon)']"
P25_104,stirring,185,187,"['pick-up(spoon)', 'open(lid)', 'stir(pasta)']"
P25_104,washing,204,206,"['wash(spoon)', 'rinse(spoon)', 'put-down(spoon)']"
P25_104,washing,207,209,"['wash(spoon)', 'rinse(spoon)', 'put-down(spoon)']"
P25_104,stirring,217,219,"['pick-up(spoon)', 'open(lid)', 'stir(pasta)']"
P25_104,stirring,218,220,"['open(lid)', 'stir(pasta)', 'close(lid)']"
P25_104,stirring,222,224,"['pick-up(spoon)', 'open(lid)', 'stir(pasta)']"
P25_104,stirring,223,225,"['open(lid)', 'stir(pasta)', 'close(lid)']"
P25_104,stirring,231,233,"['pick-up(spoon)', 'open(lid)', 'stir(pasta)']"
P25_104,stirring,232,234,"['open(lid)', 'stir(pasta)', 'close(lid)']"
P25_104,washing,235,237,"['put-down(spoon)', 'turn-on(tap)', 'wash(hand)']"
P25_104,washing,237,239,"['wash(hand)', 'pick-up(paper)', 'tear(paper)']"
P25_104,stirring,248,250,"['pick-up(spoon)', 'open(lid)', 'stir(pasta)']"
P25_104,stirring,249,251,"['open(lid)', 'stir(pasta)', 'close(lid)']"
P25_104,stirring,258,260,"['pick-up(spoon)', 'open(lid)', 'stir(pasta)']"
P25_104,stirring,259,261,"['open(lid)', 'stir(pasta)', 'close(lid)']"
P25_106,object_transfer,60,62,"['open(cupboard)', 'pick-up(plate)', 'put-down(plate)']"
P25_106,container_usage,77,79,"['open(drawer)', 'take(fork)', 'close(drawer)']"
P25_106,stirring,94,96,"['pick-up(spoon)', 'stir(onion)', 'put-down(spoon)']"
P25_106,stirring,107,109,"['pick-up(spoon)', 'stir(onion)', 'put-down(spoon)']"
P25_106,stirring,113,115,"['pick-up(spoon)', 'stir(onion)', 'put-down(spoon)']"
P25_106,stirring,121,123,"['pick-up(spoon)', 'stir(onion)', 'put-down(spoon)']"
P25_106,stirring,126,128,"['pick-up(spoon)', 'stir(onion)', 'put-down(spoon)']"
P25_106,washing,152,154,"['pick-up(knife)', 'lather(knife)', 'rinse(knife)']"
P25_106,washing,153,155,"['lather(knife)', 'rinse(knife)', 'put-down(knife)']"
P25_106,washing,160,162,"['pick-up(knife)', 'lather(knife)', 'rinse(knife)']"
P25_106,washing,161,163,"['lather(knife)', 'rinse(knife)', 'put-down(knife)']"
P25_106,object_transfer,180,182,"['pick-up(knife)', 'dry(knife)', 'put-down(knife)']"
P25_106,stirring,194,196,"['pick-up(spoon)', 'stir(onion)', 'put-down(spoon)']"
P25_106,washing,203,205,"['turn-on(tap)', 'wash(hand)', 'turn-off(tap)']"
P25_106,washing,204,206,"['wash(hand)', 'turn-off(tap)', 'dry(hand)']"
P25_106,other,210,212,"['pick-up(pasta)', 'pour(pasta)', 'pick-up(pasta)']"
P25_106,other,211,213,"['pour(pasta)', 'pick-up(pasta)', 'pour(pasta)']"
P25_106,other,212,214,"['pick-up(pasta)', 'pour(pasta)', 'pick-up(pasta)']"
P25_106,other,213,215,"['pour(pasta)', 'pick-up(pasta)', 'pour(pasta)']"
P25_106,container_usage,222,224,"['open(drawer)', 'pick-up(teaspoon)', 'close(drawer)']"
P25_106,stirring,228,230,"['pick-up(spoon)', 'stir(pasta)', 'put-down(spoon)']"
P25_106,stirring,231,233,"['pick-up(spoon)', 'stir(pasta)', 'put-down(spoon)']"
P25_106,stirring,240,242,"['pick-up(spoon)', 'stir(pasta)', 'put-down(spoon)']"
P25_106,stirring,269,271,"['pick-up(spoon)', 'stir(pasta)', 'put-down(spoon)']"
P25_106,stirring,272,274,"['pick-up(spoon)', 'stir(pasta)', 'put-down(spoon)']"
P25_106,stirring,277,279,"['pick-up(spoon)', 'stir(pasta)', 'put-down(spoon)']"
P25_106,stirring,297,299,"['pick-up(spoon)', 'stir(pasta)', 'put-down(spoon)']"
P25_107,object_transfer,2,4,"['open(cupboard)', 'pick-up(plate)', 'put-down(plate)']"
P25_107,object_transfer,3,5,"['pick-up(plate)', 'put-down(plate)', 'open(cupboard)']"
P25_107,object_transfer,29,31,"['open(cupboard)', 'pick-up(plate)', 'put-down(plate)']"
P25_107,object_transfer,37,39,"['pick-up(aubergine)', 'put-down(aubergine)', 'pick-up(aubergine)']"
P25_107,object_transfer,38,40,"['put-down(aubergine)', 'pick-up(aubergine)', 'put-down(aubergine)']"
P25_107,object_transfer,39,41,"['pick-up(aubergine)', 'put-down(aubergine)', 'pick-up(aubergine)']"
P25_107,object_transfer,40,42,"['put-down(aubergine)', 'pick-up(aubergine)', 'put-down(aubergine)']"
P25_107,object_transfer,41,43,"['pick-up(aubergine)', 'put-down(aubergine)', 'pick-up(aubergine)']"
P25_107,object_transfer,42,44,"['put-down(aubergine)', 'pick-up(aubergine)', 'put-down(aubergine)']"
P25_107,object_transfer,62,64,"['take(fork)', 'flip(aubergine)', 'put-down(fork)']"
P25_107,object_transfer,69,71,"['flip(aubergine)', 'pick-up(aubergine)', 'put-down(aubergine)']"
P25_107,object_transfer,70,72,"['pick-up(aubergine)', 'put-down(aubergine)', 'pick-up(aubergine)']"
P25_107,object_transfer,71,73,"['put-down(aubergine)', 'pick-up(aubergine)', 'put-down(aubergine)']"
P25_107,object_transfer,73,75,"['put-down(aubergine)', 'pick-up(salt)', 'pour(salt)']"
P25_107,object_transfer,89,91,"['put-down(aubergine)', 'pick-up(aubergine)', 'put-down(aubergine)']"
P25_107,object_transfer,90,92,"['pick-up(aubergine)', 'put-down(aubergine)', 'pick-up(aubergine)']"
P25_107,other,92,94,"['pick-up(aubergine)', 'flip(aubergine)', 'pick-up(aubergine)']"
P25_107,object_transfer,96,98,"['put-down(fork)', 'pick-up(aubergine)', 'put-down(aubergine)']"
P25_107,other,104,106,"['pick-up(peel)', 'throw(peel)', 'pick-up(peel)']"
P25_107,other,105,107,"['throw(peel)', 'pick-up(peel)', 'throw(peel)']"
P25_107,other,106,108,"['pick-up(peel)', 'throw(peel)', 'pick-up(peel)']"
P25_107,other,111,113,"['throw(peel)', 'pick-up(peel)', 'throw(peel)']"
P25_107,other,112,114,"['pick-up(peel)', 'throw(peel)', 'pick-up(peel)']"
P25_107,other,113,115,"['throw(peel)', 'pick-up(peel)', 'throw(peel)']"
P25_107,other,118,120,"['pick-up(peel)', 'throw(peel)', 'pick-up(peel)']"
P25_107,other,119,121,"['throw(peel)', 'pick-up(peel)', 'throw(peel)']"
P25_107,other,120,122,"['pick-up(peel)', 'throw(peel)', 'pick-up(peel)']"
P25_107,other,121,123,"['throw(peel)', 'pick-up(peel)', 'throw(peel)']"
P25_107,other,122,124,"['pick-up(peel)', 'throw(peel)', 'pick-up(peel)']"
P25_107,other,123,125,"['throw(peel)', 'pick-up(peel)', 'throw(peel)']"
P25_107,washing,126,128,"['wash(hand)', 'pick-up(paper)', 'tear(paper)']"
P25_107,other,127,129,"['pick-up(paper)', 'tear(paper)', 'dry(hand)']"
P25_107,other,131,133,"['pick-up(aubergine)', 'flip(aubergine)', 'pick-up(aubergine)']"
P25_107,other,133,135,"['pick-up(aubergine)', 'flip(aubergine)', 'pick-up(aubergine)']"
P25_107,object_transfer,141,143,"['put-down(aubergine)', 'pick-up(aubergine)', 'put-down(aubergine)']"
P25_107,object_transfer,142,144,"['pick-up(aubergine)', 'put-down(aubergine)', 'pick-up(aubergine)']"
P25_107,object_transfer,143,145,"['put-down(aubergine)', 'pick-up(aubergine)', 'put-down(aubergine)']"
P25_107,object_transfer,144,146,"['pick-up(aubergine)', 'put-down(aubergine)', 'pick-up(aubergine)']"
P25_107,object_transfer,145,147,"['put-down(aubergine)', 'pick-up(aubergine)', 'put-down(aubergine)']"
P25_107,object_transfer,147,149,"['put-down(aubergine)', 'pick-up(salt)', 'pour(salt)']"
P25_107,washing,151,153,"['wash(hand)', 'pick-up(paper)', 'tear(paper)']"
P25_107,other,152,154,"['pick-up(paper)', 'tear(paper)', 'dry(hand)']"
P25_107,object_transfer,158,160,"['flip(aubergine)', 'put-down(fork)', 'take(fork)']"
P25_107,container_usage,162,164,"['open(cupboard)', 'pick-up(plate)', 'close(cupboard)']"
P25_107,object_transfer,163,165,"['pick-up(plate)', 'close(cupboard)', 'put-down(plate)']"
P25_107,object_transfer,169,171,"['take(fork)', 'flip(aubergine)', 'put-down(fork)']"
P25_107,object_transfer,170,172,"['flip(aubergine)', 'put-down(fork)', 'take(fork)']"
P25_107,washing,171,173,"['put-down(fork)', 'take(fork)', 'rinse(fork)']"
P25_107,object_transfer,177,179,"['flip(aubergine)', 'put-down(fork)', 'take(fork)']"
P25_107,other,198,200,"['pick-up(aubergine)', 'flip(aubergine)', 'pick-up(aubergine)']"
P25_107,object_transfer,199,201,"['flip(aubergine)', 'pick-up(aubergine)', 'put-down(aubergine)']"
P25_107,object_transfer,200,202,"['pick-up(aubergine)', 'put-down(aubergine)', 'pick-up(aubergine)']"
P25_107,object_transfer,201,203,"['put-down(aubergine)', 'pick-up(aubergine)', 'put-down(aubergine)']"
P25_107,object_transfer,205,207,"['put-down(fork)', 'pick-up(aubergine)', 'put-down(aubergine)']"
P25_107,object_transfer,206,208,"['pick-up(aubergine)', 'put-down(aubergine)', 'pick-up(aubergine)']"
P25_107,object_transfer,211,213,"['put-down(aubergine)', 'pick-up(salt)', 'pour(salt)']"
P25_107,object_transfer,222,224,"['put-down(fork)', 'pick-up(aubergine)', 'put-down(aubergine)']"
P25_107,object_transfer,223,225,"['pick-up(aubergine)', 'put-down(aubergine)', 'pick-up(aubergine)']"
P25_107,object_transfer,224,226,"['put-down(aubergine)', 'pick-up(aubergine)', 'put-down(aubergine)']"
P25_107,object_transfer,229,231,"['flip(aubergine)', 'pick-up(aubergine)', 'put-down(aubergine)']"
P25_107,other,237,239,"['pour(salt)', 'pick-up(salt)', 'pour(salt)']"
P25_107,other,238,240,"['pick-up(salt)', 'pour(salt)', 'take(fork)']"
P25_107,other,242,244,"['flip(aubergine)', 'flip(aubergine)', 'flip(aubergine)']"
P25_107,other,243,245,"['flip(aubergine)', 'flip(aubergine)', 'flip(aubergine)']"
P25_107,object_transfer,244,246,"['flip(aubergine)', 'flip(aubergine)', 'put-down(fork)']"
P25_107,washing,245,247,"['flip(aubergine)', 'put-down(fork)', 'wash(hand)']"
P25_107,other,252,254,"['flip(aubergine)', 'flip(aubergine)', 'flip(aubergine)']"
P25_107,object_transfer,259,261,"['put-down(fork)', 'pick-up(aubergine)', 'put-down(aubergine)']"
P25_107,object_transfer,261,263,"['put-down(aubergine)', 'pick-up(salt)', 'pour(salt)']"
P25_107,other,262,264,"['pick-up(salt)', 'pour(salt)', 'take(fork)']"
P25_107,other,266,268,"['flip(aubergine)', 'flip(aubergine)', 'flip(aubergine)']"
P25_107,object_transfer,267,269,"['flip(aubergine)', 'flip(aubergine)', 'put-down(fork)']"
P25_107,washing,268,270,"['flip(aubergine)', 'put-down(fork)', 'wash(hand)']"
P25_107,washing,270,272,"['wash(hand)', 'pick-up(paper)', 'tear(paper)']"
P25_107,other,271,273,"['pick-up(paper)', 'tear(paper)', 'dry(hand)']"
P25_107,object_transfer,278,280,"['take(fork)', 'flip(aubergine)', 'put-down(fork)']"
P25_107,object_transfer,279,281,"['flip(aubergine)', 'put-down(fork)', 'take(fork)']"
P25_107,object_transfer,283,285,"['pick-up(aubergine)', 'put-down(aubergine)', 'pick-up(aubergine)']"
P25_107,object_transfer,284,286,"['put-down(aubergine)', 'pick-up(aubergine)', 'put-down(aubergine)']"
P25_107,object_transfer,285,287,"['pick-up(aubergine)', 'put-down(aubergine)', 'pick-up(aubergine)']"
P25_107,object_transfer,286,288,"['put-down(aubergine)', 'pick-up(aubergine)', 'put-down(aubergine)']"
P25_107,object_transfer,293,295,"['flip(aubergine)', 'pick-up(aubergine)', 'put-down(aubergine)']"
P25_107,other,297,299,"['pour(salt)', 'pick-up(salt)', 'pour(salt)']"
P25_107,other,298,300,"['pick-up(salt)', 'pour(salt)', 'take(fork)']"
P25_107,object_transfer,302,304,"['pick-up(aubergine)', 'put-down(aubergine)', 'pick-up(aubergine)']"
P25_107,object_transfer,303,305,"['put-down(aubergine)', 'pick-up(aubergine)', 'put-down(aubergine)']"
P25_107,other,309,311,"['pick-up(salt)', 'pour(salt)', 'take(fork)']"
P25_107,object_transfer,312,314,"['pick-up(aubergine)', 'put-down(aubergine)', 'pick-up(aubergine)']"
P25_107,object_transfer,313,315,"['put-down(aubergine)', 'pick-up(aubergine)', 'put-down(aubergine)']"
P25_107,washing,325,327,"['flip(aubergine)', 'put-down(fork)', 'wash(hand)']"
P25_107,washing,327,329,"['wash(hand)', 'pick-up(paper)', 'tear(paper)']"
P25_107,other,328,330,"['pick-up(paper)', 'tear(paper)', 'dry(hand)']"
P25_107,object_transfer,332,334,"['flip(aubergine)', 'pick-up(aubergine)', 'put-down(aubergine)']"
P25_107,other,345,347,"['pick-up(salt)', 'pour(salt)', 'take(fork)']"
P25_107,object_transfer,347,349,"['take(fork)', 'flip(aubergine)', 'put-down(fork)']"
P25_107,object_transfer,348,350,"['flip(aubergine)', 'put-down(fork)', 'take(fork)']"
P25_107,other,351,353,"['flip(aubergine)', 'flip(aubergine)', 'flip(aubergine)']"
P25_107,object_transfer,352,354,"['flip(aubergine)', 'flip(aubergine)', 'put-down(fork)']"
P25_107,washing,353,355,"['flip(aubergine)', 'put-down(fork)', 'wash(hand)']"
P25_107,object_transfer,361,363,"['put-down(fork)', 'pick-up(aubergine)', 'put-down(aubergine)']"
P25_107,object_transfer,363,365,"['put-down(aubergine)', 'pick-up(salt)', 'pour(salt)']"
P25_107,other,364,366,"['pick-up(salt)', 'pour(salt)', 'take(fork)']"
P25_107,object_transfer,374,376,"['put-down(fork)', 'pick-up(aubergine)', 'put-down(aubergine)']"
P25_107,other,380,382,"['pick-up(salt)', 'pour(salt)', 'take(fork)']"
P25_107,object_transfer,384,386,"['flip(aubergine)', 'flip(aubergine)', 'put-down(fork)']"
P25_107,washing,385,387,"['flip(aubergine)', 'put-down(fork)', 'wash(hand)']"
P25_107,object_transfer,389,391,"['flip(aubergine)', 'flip(aubergine)', 'put-down(fork)']"
P25_107,object_transfer,393,395,"['take(fork)', 'flip(aubergine)', 'put-down(fork)']"
P25_107,other,397,399,"['pick-up(paper)', 'tear(paper)', 'dry(hand)']"
P25_107,other,406,408,"['pick-up(aubergine)', 'flip(aubergine)', 'pick-up(aubergine)']"
P25_107,object_transfer,412,414,"['flip(aubergine)', 'flip(aubergine)', 'put-down(fork)']"
P25_107,object_transfer,413,415,"['flip(aubergine)', 'put-down(fork)', 'take(fork)']"
P25_107,other,421,423,"['flip(aubergine)', 'flip(aubergine)', 'flip(aubergine)']"
P25_107,object_transfer,422,424,"['flip(aubergine)', 'flip(aubergine)', 'put-down(fork)']"
P25_107,object_transfer,423,425,"['flip(aubergine)', 'put-down(fork)', 'take(fork)']"
P25_107,other,426,428,"['flip(aubergine)', 'flip(aubergine)', 'flip(aubergine)']"
P25_107,object_transfer,441,443,"['take(fork)', 'flip(aubergine)', 'put-down(fork)']"
P25_107,washing,456,458,"['turn-on(tap)', 'rinse(pan)', 'turn-off(tap)']"
P25_107,other,458,460,"['turn-off(tap)', 'turn-on(tap)', 'turn-off(tap)']"
P25_107,object_transfer,471,473,"['put-down(aubergine)', 'pick-up(aubergine)', 'put-down(aubergine)']"
P25_107,object_transfer,472,474,"['pick-up(aubergine)', 'put-down(aubergine)', 'pick-up(aubergine)']"
P25_107,object_transfer,486,488,"['flip(aubergine)', 'put-down(fork)', 'take(fork)']"
P25_107,object_transfer,492,494,"['pick-up(aubergine)', 'put-down(aubergine)', 'pick-up(aubergine)']"
P25_107,other,494,496,"['pick-up(aubergine)', 'flip(aubergine)', 'pick-up(aubergine)']"
P25_107,object_transfer,498,500,"['flip(aubergine)', 'put-down(fork)', 'take(fork)']"
P25_107,object_transfer,501,503,"['pick-up(aubergine)', 'put-down(aubergine)', 'pick-up(aubergine)']"
P25_107,object_transfer,502,504,"['put-down(aubergine)', 'pick-up(aubergine)', 'put-down(aubergine)']"
P25_10,washing,29,31,"['turn-on(tap)', 'wash(hand)', 'turn-off(tap)']"
P26_02,washing,13,15,"['turn-on(tap)', 'wash(hand)', 'turn-off(tap)']"
P26_02,washing,14,16,"['wash(hand)', 'turn-off(tap)', 'dry(hand)']"
P26_04,container_usage,30,32,"['open(fridge)', 'pick-up(cheese)', 'close(fridge)']"
P26_101,object_transfer,15,17,"['open(oven)', 'pick-up(tray:baking)', 'put-down(tray:baking)']"
P26_101,object_transfer,16,18,"['pick-up(tray:baking)', 'put-down(tray:baking)', 'close(oven)']"
P26_102,object_transfer,0,2,"['pick-up(plate)', 'pick-up(plate)', 'put-down(plate)']"
P26_102,object_transfer,1,3,"['pick-up(plate)', 'put-down(plate)', 'put-down(plate)']"
P26_102,object_transfer,2,4,"['put-down(plate)', 'put-down(plate)', 'pick-up(plate)']"
P26_102,object_transfer,3,5,"['put-down(plate)', 'pick-up(plate)', 'put-down(plate)']"
P26_102,container_usage,27,29,"['open(drawer)', 'put-down(towel:tea)', 'close(drawer)']"
P26_103,washing,20,22,"['pick-up(sponge)', 'lather(plate)', 'rinse(plate)']"
P26_103,washing,21,23,"['lather(plate)', 'rinse(plate)', 'put-down(plate)']"
P26_103,washing,29,31,"['pick-up(sponge)', 'lather(plate)', 'rinse(plate)']"
P26_103,washing,31,33,"['rinse(plate)', 'pick-up(sponge)', 'lather(plate)']"
P26_103,washing,32,34,"['pick-up(sponge)', 'lather(plate)', 'rinse(plate)']"
P26_103,washing,33,35,"['lather(plate)', 'rinse(plate)', 'put-down(plate)']"
P26_103,washing,34,36,"['rinse(plate)', 'put-down(plate)', 'pick-up(plate)']"
P26_103,washing,35,37,"['put-down(plate)', 'pick-up(plate)', 'rinse(plate)']"
P26_103,washing,37,39,"['rinse(plate)', 'pick-up(sponge)', 'lather(plate)']"
P26_103,washing,38,40,"['pick-up(sponge)', 'lather(plate)', 'rinse(plate)']"
P26_103,washing,40,42,"['rinse(plate)', 'pick-up(sponge)', 'lather(plate)']"
P26_103,washing,41,43,"['pick-up(sponge)', 'lather(plate)', 'rinse(plate)']"
P26_103,washing,53,55,"['pick-up(liquid:washing:up)', 'pour(liquid:washing:up)', 'put-down(detergent)']"
P26_103,washing,59,61,"['rinse(glass)', 'put-down(glass)', 'pick-up(glass)']"
P26_103,washing,60,62,"['put-down(glass)', 'pick-up(glass)', 'rinse(glass)']"
P26_103,washing,66,68,"['pick-up(knife)', 'rinse(knife)', 'lather(knife)']"
P26_103,washing,67,69,"['rinse(knife)', 'lather(knife)', 'rinse(knife)']"
P26_103,washing,68,70,"['lather(knife)', 'rinse(knife)', 'put-down(knife)']"
P26_103,washing,69,71,"['rinse(knife)', 'put-down(knife)', 'take(fork)']"
P26_103,washing,71,73,"['take(fork)', 'rinse(fork)', 'lather(fork)']"
P26_103,washing,72,74,"['rinse(fork)', 'lather(fork)', 'rinse(fork)']"
P26_103,washing,75,77,"['pick-up(knife)', 'rinse(knife)', 'lather(knife)']"
P26_103,washing,76,78,"['rinse(knife)', 'lather(knife)', 'rinse(knife)']"
P26_103,washing,77,79,"['lather(knife)', 'rinse(knife)', 'put-down(knife)']"
P26_103,washing,78,80,"['rinse(knife)', 'put-down(knife)', 'pick-up(knife)']"
P26_103,washing,80,82,"['pick-up(knife)', 'rinse(knife)', 'lather(knife)']"
P26_103,washing,81,83,"['rinse(knife)', 'lather(knife)', 'rinse(knife)']"
P26_103,washing,82,84,"['lather(knife)', 'rinse(knife)', 'put-down(knife)']"
P26_103,washing,83,85,"['rinse(knife)', 'put-down(knife)', 'take(fork)']"
P26_103,object_transfer,84,86,"['put-down(knife)', 'take(fork)', 'lather(fork)']"
P26_103,washing,90,92,"['rinse(fork)', 'lather(fork)', 'rinse(fork)']"
P26_103,washing,91,93,"['lather(fork)', 'rinse(fork)', 'put-down(fork)']"
P26_103,washing,104,106,"['turn-on(tap)', 'wash(hand)', 'turn-off(tap)']"
P26_103,other,107,109,"['close(cupboard)', 'pick-up(cloth)', 'dry(hand)']"
P26_103,object_transfer,108,110,"['pick-up(cloth)', 'dry(hand)', 'put-down(cloth)']"
P26_103,washing,145,147,"['turn-on(tap)', 'pick-up(cloth)', 'rinse(cloth)']"
P26_103,washing,146,148,"['pick-up(cloth)', 'rinse(cloth)', 'clean(sink)']"
P26_103,washing,147,149,"['rinse(cloth)', 'clean(sink)', 'rinse(cloth)']"
P26_103,object_transfer,154,156,"['pick-up(cloth)', 'dry(hand)', 'put-down(cloth)']"
P26_104,washing,97,99,"['turn-on(tap)', 'rinse(hand)', 'turn-off(tap)']"
P26_104,washing,98,100,"['rinse(hand)', 'turn-off(tap)', 'pick-up(cloth)']"
P26_104,other,99,101,"['turn-off(tap)', 'pick-up(cloth)', 'dry(hand)']"
P26_104,object_transfer,120,122,"['pick-up(plate)', 'put-down(plate)', 'open(cupboard)']"
P26_104,container_usage,146,148,"['open(cupboard)', 'open(cupboard)', 'close(cupboard)']"
P26_104,washing,162,164,"['turn-on(tap)', 'wash(hand)', 'turn-off(tap)']"
P26_104,other,164,166,"['turn-off(tap)', 'pick-up(cloth)', 'dry(hand)']"
P26_104,object_transfer,165,167,"['pick-up(cloth)', 'dry(hand)', 'put-down(cloth)']"
P26_105,object_transfer,45,47,"['open(cupboard)', 'pick-up(plate)', 'put-down(plate)']"
P26_105,object_transfer,54,56,"['open(oven)', 'pick-up(tray:baking)', 'put-down(tray:baking)']"
P26_105,object_transfer,59,61,"['pick-up(tray:baking)', 'put-down(tray:baking)', 'close(oven)']"
P26_105,object_transfer,71,73,"['pick-up(pancake:crispy)', 'put-down(pancake:crispy)', 'pick-up(pancake:crispy)']"
P26_105,object_transfer,72,74,"['put-down(pancake:crispy)', 'pick-up(pancake:crispy)', 'put-down(pancake:crispy)']"
P26_105,object_transfer,73,75,"['pick-up(pancake:crispy)', 'put-down(pancake:crispy)', 'pick-up(pancake:crispy)']"
P26_105,object_transfer,74,76,"['put-down(pancake:crispy)', 'pick-up(pancake:crispy)', 'put-down(pancake:crispy)']"
P26_105,object_transfer,75,77,"['pick-up(pancake:crispy)', 'put-down(pancake:crispy)', 'pick-up(pancake:crispy)']"
P26_105,object_transfer,76,78,"['put-down(pancake:crispy)', 'pick-up(pancake:crispy)', 'put-down(pancake:crispy)']"
P26_105,object_transfer,77,79,"['pick-up(pancake:crispy)', 'put-down(pancake:crispy)', 'pick-up(pancake:crispy)']"
P26_105,object_transfer,137,139,"['pick-up(plate)', 'put-down(plate)', 'open(cupboard)']"
P26_105,object_transfer,140,142,"['open(cupboard)', 'pick-up(plate)', 'put-down(plate)']"
P26_105,object_transfer,141,143,"['pick-up(plate)', 'put-down(plate)', 'pick-up(plate)']"
P26_105,object_transfer,142,144,"['put-down(plate)', 'pick-up(plate)', 'put-down(plate)']"
P26_105,object_transfer,143,145,"['pick-up(plate)', 'put-down(plate)', 'put-down(plate)']"
P26_105,object_transfer,145,147,"['put-down(plate)', 'put-down(plate)', 'pick-up(plate)']"
P26_105,object_transfer,146,148,"['put-down(plate)', 'pick-up(plate)', 'put-down(plate)']"
P26_105,object_transfer,161,163,"['put-down(glass)', 'put-down(glass)', 'put-down(glass)']"
P26_106,object_transfer,13,15,"['put-down(spoon)', 'pick-up(lid)', 'put-down(lid)']"
P26_106,container_usage,18,20,"['open(fridge)', 'pick-up(cheese)', 'close(fridge)']"
P26_107,object_transfer,4,6,"['pick-up(tray:baking)', 'put-down(tray:baking)', 'close(oven)']"
P26_108,object_transfer,24,26,"['put-down(spoon)', 'pick-up(lid)', 'put-down(lid)']"
P26_110,object_transfer,56,58,"['pick-up(pasta)', 'put-down(pasta)', 'pick-up(pasta)']"
P26_110,object_transfer,57,59,"['put-down(pasta)', 'pick-up(pasta)', 'put-down(pasta)']"
P26_110,object_transfer,58,60,"['pick-up(pasta)', 'put-down(pasta)', 'put-down(plate)']"
P26_110,object_transfer,62,64,"['pick-up(pasta)', 'put-down(pasta)', 'pick-up(pasta)']"
P26_110,object_transfer,63,65,"['put-down(pasta)', 'pick-up(pasta)', 'put-down(pasta)']"
P26_110,object_transfer,64,66,"['pick-up(pasta)', 'put-down(pasta)', 'put-down(plate)']"
P26_110,object_transfer,68,70,"['pick-up(pasta)', 'put-down(pasta)', 'pick-up(pasta)']"
P26_110,object_transfer,69,71,"['put-down(pasta)', 'pick-up(pasta)', 'put-down(pasta)']"
P26_110,object_transfer,70,72,"['pick-up(pasta)', 'put-down(pasta)', 'pick-up(pasta)']"
P26_110,object_transfer,71,73,"['put-down(pasta)', 'pick-up(pasta)', 'put-down(pasta)']"
P26_110,object_transfer,72,74,"['pick-up(pasta)', 'put-down(pasta)', 'put-down(plate)']"
P26_110,object_transfer,76,78,"['pick-up(pasta)', 'put-down(pasta)', 'put-down(plate)']"
P26_110,object_transfer,79,81,"['pick-up(pasta)', 'put-down(pasta)', 'pick-up(pasta)']"
P26_110,object_transfer,80,82,"['put-down(pasta)', 'pick-up(pasta)', 'put-down(pasta)']"
P26_110,object_transfer,81,83,"['pick-up(pasta)', 'put-down(pasta)', 'pick-up(pasta)']"
P26_110,object_transfer,82,84,"['put-down(pasta)', 'pick-up(pasta)', 'put-down(pasta)']"
P26_112,washing,11,13,"['rinse(plate)', 'pick-up(sponge)', 'lather(plate)']"
P26_112,object_transfer,27,29,"['pick-up(plate)', 'put-down(plate)', 'open(cupboard)']"
P26_112,washing,37,39,"['rinse(plate)', 'pick-up(sponge)', 'lather(plate)']"
P26_112,washing,38,40,"['pick-up(sponge)', 'lather(plate)', 'rinse(plate)']"
P26_112,washing,42,44,"['pick-up(sponge)', 'lather(plate)', 'rinse(plate)']"
P26_112,washing,43,45,"['lather(plate)', 'rinse(plate)', 'put-down(plate)']"
P26_112,washing,44,46,"['rinse(plate)', 'put-down(plate)', 'pick-up(plate)']"
P26_112,object_transfer,45,47,"['put-down(plate)', 'pick-up(plate)', 'put-down(plate)']"
P26_112,object_transfer,46,48,"['pick-up(plate)', 'put-down(plate)', 'put-down(plate)']"
P26_112,washing,51,53,"['pick-up(liquid:washing:up)', 'pour(liquid:washing:up)', 'put-down(detergent)']"
P26_112,washing,56,58,"['lather(plate)', 'rinse(plate)', 'put-down(plate)']"
P26_112,washing,57,59,"['rinse(plate)', 'put-down(plate)', 'pick-up(plate)']"
P26_112,washing,58,60,"['put-down(plate)', 'pick-up(plate)', 'rinse(plate)']"
P26_112,washing,61,63,"['lather(plate)', 'rinse(plate)', 'put-down(plate)']"
P26_112,washing,62,64,"['rinse(plate)', 'put-down(plate)', 'pick-up(plate)']"
P26_112,object_transfer,64,66,"['pick-up(plate)', 'pick-up(plate)', 'put-down(plate)']"
P26_112,washing,68,70,"['lather(plate)', 'rinse(plate)', 'put-down(plate)']"
P26_112,washing,69,71,"['rinse(plate)', 'put-down(plate)', 'pick-up(plate)']"
P26_112,object_transfer,70,72,"['put-down(plate)', 'pick-up(plate)', 'lather(plate)']"
P26_112,washing,74,76,"['lather(plate)', 'rinse(plate)', 'put-down(plate)']"
P26_112,washing,75,77,"['rinse(plate)', 'put-down(plate)', 'pick-up(plate)']"
P26_112,washing,76,78,"['put-down(plate)', 'pick-up(plate)', 'rinse(plate)']"
P26_112,washing,79,81,"['lather(plate)', 'rinse(plate)', 'put-down(plate)']"
P26_112,washing,82,84,"['pick-up(knife)', 'rinse(knife)', 'lather(knife)']"
P26_112,washing,83,85,"['rinse(knife)', 'lather(knife)', 'rinse(knife)']"
P26_112,washing,84,86,"['lather(knife)', 'rinse(knife)', 'put-down(knife)']"
P26_112,washing,85,87,"['rinse(knife)', 'put-down(knife)', 'pick-up(knife)']"
P26_112,washing,87,89,"['pick-up(knife)', 'rinse(knife)', 'lather(knife)']"
P26_112,washing,88,90,"['rinse(knife)', 'lather(knife)', 'rinse(knife)']"
P26_112,washing,89,91,"['lather(knife)', 'rinse(knife)', 'put-down(knife)']"
P26_112,washing,90,92,"['rinse(knife)', 'put-down(knife)', 'take(fork)']"
P26_112,washing,92,94,"['take(fork)', 'rinse(fork)', 'lather(fork)']"
P26_112,washing,93,95,"['rinse(fork)', 'lather(fork)', 'rinse(fork)']"
P26_112,washing,94,96,"['lather(fork)', 'rinse(fork)', 'put-down(fork)']"
P26_112,washing,95,97,"['rinse(fork)', 'put-down(fork)', 'take(fork)']"
P26_112,washing,96,98,"['put-down(fork)', 'take(fork)', 'rinse(fork)']"
P26_112,washing,97,99,"['take(fork)', 'rinse(fork)', 'lather(fork)']"
P26_112,washing,98,100,"['rinse(fork)', 'lather(fork)', 'rinse(fork)']"
P26_112,washing,99,101,"['lather(fork)', 'rinse(fork)', 'put-down(fork)']"
P26_112,washing,100,102,"['rinse(fork)', 'put-down(fork)', 'take(fork)']"
P26_112,washing,101,103,"['put-down(fork)', 'take(fork)', 'rinse(fork)']"
P26_112,washing,102,104,"['take(fork)', 'rinse(fork)', 'lather(fork)']"
P26_112,washing,103,105,"['rinse(fork)', 'lather(fork)', 'rinse(fork)']"
P26_112,washing,104,106,"['lather(fork)', 'rinse(fork)', 'put-down(fork)']"
P26_112,washing,107,109,"['pick-up(knife)', 'rinse(knife)', 'lather(knife)']"
P26_112,washing,108,110,"['rinse(knife)', 'lather(knife)', 'rinse(knife)']"
P26_112,washing,109,111,"['lather(knife)', 'rinse(knife)', 'put-down(knife)']"
P26_113,stirring,5,7,"['pick-up(spatula)', 'stir(potato)', 'put-down(spatula)']"
P26_115,container_usage,21,23,"['open(drawer)', 'pick-up(spatula)', 'close(drawer)']"
P26_115,object_transfer,41,43,"['put-down(glass)', 'put-down(glass)', 'put-down(glass)']"
P26_115,object_transfer,42,44,"['put-down(glass)', 'put-down(glass)', 'put-down(glass)']"
P26_115,object_transfer,45,47,"['pick-up(plate)', 'pick-up(plate)', 'put-down(plate)']"
P26_115,object_transfer,46,48,"['pick-up(plate)', 'put-down(plate)', 'pick-up(plate)']"
P26_115,object_transfer,47,49,"['put-down(plate)', 'pick-up(plate)', 'put-down(plate)']"
P26_115,object_transfer,48,50,"['pick-up(plate)', 'put-down(plate)', 'pick-up(plate)']"
P26_115,object_transfer,49,51,"['put-down(plate)', 'pick-up(plate)', 'put-down(plate)']"
P26_115,object_transfer,50,52,"['pick-up(plate)', 'put-down(plate)', 'put-down(plate)']"
P26_116,object_transfer,43,45,"['pick-up(bottle)', 'pick-up(bottle)', 'put-down(bottle)']"
P26_116,container_usage,46,48,"['open(fridge)', 'put-down(bottle)', 'close(fridge)']"
P26_116,container_usage,60,62,"['open(drawer)', 'put-down(towel:tea)', 'close(drawer)']"
P26_117,other,74,76,"['turn(chicken)', 'turn(chicken)', 'turn(chicken)']"
P26_117,other,81,83,"['turn(chicken)', 'turn(chicken)', 'turn(chicken)']"
P26_117,other,82,84,"['turn(chicken)', 'turn(chicken)', 'turn(chicken)']"
P26_117,other,83,85,"['turn(chicken)', 'turn(chicken)', 'turn(chicken)']"
P26_117,other,84,86,"['turn(chicken)', 'turn(chicken)', 'turn(chicken)']"
P26_117,other,85,87,"['turn(chicken)', 'turn(chicken)', 'turn(chicken)']"
P26_117,other,86,88,"['turn(chicken)', 'turn(chicken)', 'turn(chicken)']"
P26_117,other,87,89,"['turn(chicken)', 'turn(chicken)', 'turn(chicken)']"
P26_117,object_transfer,107,109,"['open(oven)', 'pick-up(tray:baking)', 'put-down(tray:baking)']"
P26_118,washing,41,43,"['pick-up(liquid:washing:up)', 'pour(liquid:washing:up)', 'put-down(detergent)']"
P26_118,washing,44,46,"['take(fork)', 'rinse(fork)', 'lather(fork)']"
P26_118,object_transfer,46,48,"['lather(fork)', 'put-down(fork)', 'pick-up(knife)']"
P26_118,washing,48,50,"['pick-up(knife)', 'rinse(knife)', 'lather(knife)']"
P26_118,washing,49,51,"['rinse(knife)', 'lather(knife)', 'rinse(knife)']"
P26_118,washing,50,52,"['lather(knife)', 'rinse(knife)', 'put-down(knife)']"
P26_118,washing,53,55,"['lather(knife)', 'rinse(knife)', 'put-down(knife)']"
P26_118,washing,54,56,"['rinse(knife)', 'put-down(knife)', 'pick-up(knife)']"
P26_118,object_transfer,55,57,"['put-down(knife)', 'pick-up(knife)', 'lather(knife)']"
P26_118,washing,56,58,"['pick-up(knife)', 'lather(knife)', 'rinse(knife)']"
P26_118,washing,57,59,"['lather(knife)', 'rinse(knife)', 'put-down(knife)']"
P26_118,washing,58,60,"['rinse(knife)', 'put-down(knife)', 'take(fork)']"
P26_118,washing,60,62,"['take(fork)', 'rinse(fork)', 'lather(fork)']"
P26_118,washing,61,63,"['rinse(fork)', 'lather(fork)', 'rinse(fork)']"
P26_118,washing,62,64,"['lather(fork)', 'rinse(fork)', 'put-down(fork)']"
P26_118,washing,63,65,"['rinse(fork)', 'put-down(fork)', 'take(fork)']"
P26_118,object_transfer,65,67,"['take(fork)', 'lather(fork)', 'put-down(fork)']"
P26_118,washing,79,81,"['clean(sink)', 'rinse(sponge)', 'clean(sink)']"
P26_118,washing,81,83,"['clean(sink)', 'rinse(sponge)', 'clean(sink)']"
P26_118,washing,83,85,"['clean(sink)', 'rinse(sponge)', 'clean(sink)']"
P26_118,other,93,95,"['close(cupboard)', 'pick-up(cloth)', 'dry(hand)']"
P26_118,object_transfer,94,96,"['pick-up(cloth)', 'dry(hand)', 'put-down(cloth)']"
P26_119,object_transfer,9,11,"['pick-up(pancake:crispy)', 'put-down(pancake:crispy)', 'pick-up(pancake:crispy)']"
P26_119,object_transfer,10,12,"['put-down(pancake:crispy)', 'pick-up(pancake:crispy)', 'put-down(pancake:crispy)']"
P26_119,object_transfer,11,13,"['pick-up(pancake:crispy)', 'put-down(pancake:crispy)', 'pick-up(pancake:crispy)']"
P26_119,object_transfer,12,14,"['put-down(pancake:crispy)', 'pick-up(pancake:crispy)', 'put-down(pancake:crispy)']"
P26_119,other,23,25,"['pick-up(oil)', 'open(oil)', 'pour(oil)']"
P26_119,container_usage,24,26,"['open(oil)', 'pour(oil)', 'close(bottle:oil)']"
P26_119,other,43,45,"['close(cupboard)', 'pick-up(cloth)', 'dry(hand)']"
P26_119,object_transfer,44,46,"['pick-up(cloth)', 'dry(hand)', 'put-down(cloth)']"
P26_119,cutting,72,74,"['cut(onion)', 'cut(onion)', 'cut(onion)']"
P26_119,cutting,73,75,"['cut(onion)', 'cut(onion)', 'cut(onion)']"
P26_119,cutting,112,114,"['cut(tomato)', 'cut(tomato)', 'cut(tomato)']"
P26_11,object_transfer,21,23,"['pick-up(pasta)', 'put-down(pasta)', 'put-down(plate)']"
P26_124,washing,60,62,"['pick-up(liquid:washing:up)', 'pour(liquid:washing:up)', 'put-down(detergent)']"
P26_124,washing,96,98,"['rinse(knife)', 'put-down(knife)', 'pick-up(knife)']"
P26_124,washing,101,103,"['rinse(knife)', 'put-down(knife)', 'take(fork)']"
P26_124,washing,105,107,"['rinse(fork)', 'put-down(fork)', 'take(fork)']"
P26_124,washing,106,108,"['put-down(fork)', 'take(fork)', 'rinse(fork)']"
P26_124,washing,110,112,"['rinse(fork)', 'put-down(fork)', 'take(fork)']"
P26_124,washing,111,113,"['put-down(fork)', 'take(fork)', 'rinse(fork)']"
P26_124,washing,135,137,"['pick-up(liquid:washing:up)', 'pour(liquid:washing:up)', 'put-down(detergent)']"
P26_124,washing,144,146,"['turn-on(tap)', 'rinse(sponge)', 'turn-off(tap)']"
P26_124,other,151,153,"['close(cupboard)', 'pick-up(cloth)', 'dry(hand)']"
P26_124,object_transfer,152,154,"['pick-up(cloth)', 'dry(hand)', 'put-down(cloth)']"
P26_124,container_usage,182,184,"['open(fridge)', 'put-down(bottle)', 'close(fridge)']"
P26_124,container_usage,191,193,"['open(drawer)', 'put-down(towel:tea)', 'close(drawer)']"
P26_124,washing,199,201,"['turn-on(tap)', 'pick-up(cloth)', 'rinse(cloth)']"
P26_124,washing,200,202,"['pick-up(cloth)', 'rinse(cloth)', 'clean(sink)']"
P26_124,washing,201,203,"['rinse(cloth)', 'clean(sink)', 'rinse(cloth)']"
P26_124,washing,203,205,"['rinse(cloth)', 'clean(sink)', 'rinse(cloth)']"
P26_124,washing,211,213,"['rinse(cloth)', 'turn-off(tap)', 'put-down(cloth)']"
P26_19,washing,37,39,"['wash(knife)', 'rinse(knife)', 'put-down(knife)']"
P26_19,washing,41,43,"['wash(knife)', 'rinse(knife)', 'put-down(knife)']"
P26_19,washing,42,44,"['rinse(knife)', 'put-down(knife)', 'take(fork)']"
P26_19,washing,49,51,"['pick-up(knife)', 'lather(knife)', 'rinse(knife)']"
P26_19,washing,50,52,"['lather(knife)', 'rinse(knife)', 'put-down(knife)']"
P26_19,washing,77,79,"['lather(fork)', 'rinse(fork)', 'put-down(fork)']"
P26_21,container_usage,47,49,"['open(drawer)', 'pick-up(fork)', 'close(drawer)']"
P27_04,container_usage,45,47,"['open(fridge)', 'put-down(bottle)', 'close(fridge)']"
P27_07,washing,24,26,"['wash(knife)', 'put-down(knife)', 'wash(fork)']"
P27_101,container_usage,30,32,"['open(drawer)', 'pick-up(spoon)', 'close(drawer)']"
P27_101,cutting,69,71,"['open(drawer)', 'put-down(board:cutting)', 'close(drawer)']"
P27_101,object_transfer,79,81,"['open(oven)', 'pick-up(tray:baking)', 'put-down(tray:baking)']"
P27_101,object_transfer,80,82,"['pick-up(tray:baking)', 'put-down(tray:baking)', 'close(oven)']"
P27_101,washing,109,111,"['wash(glass)', 'put-down(glass)', 'wash(glass)']"
P27_101,washing,110,112,"['put-down(glass)', 'wash(glass)', 'put-down(glass)']"
P27_101,washing,111,113,"['wash(glass)', 'put-down(glass)', 'wash(glass)']"
P27_101,washing,112,114,"['put-down(glass)', 'wash(glass)', 'put-down(glass)']"
P27_101,washing,121,123,"['pick-up(glass)', 'wash(glass)', 'put-down(glass)']"
P27_101,washing,122,124,"['wash(glass)', 'put-down(glass)', 'pick-up(glass)']"
P27_101,washing,127,129,"['wash(glass)', 'put-down(glass)', 'pick-up(glass)']"
P27_101,washing,128,130,"['put-down(glass)', 'pick-up(glass)', 'wash(glass)']"
P27_101,washing,129,131,"['pick-up(glass)', 'wash(glass)', 'put-down(glass)']"
P27_101,washing,130,132,"['wash(glass)', 'put-down(glass)', 'pick-up(glass)']"
P27_101,washing,131,133,"['put-down(glass)', 'pick-up(glass)', 'wash(glass)']"
P27_101,washing,132,134,"['pick-up(glass)', 'wash(glass)', 'put-down(glass)']"
P27_101,washing,138,140,"['pick-up(plate)', 'wash(plate)', 'turn-on(tap)']"
P27_101,washing,139,141,"['wash(plate)', 'turn-on(tap)', 'rinse(plate)']"
P27_101,washing,147,149,"['pick-up(glass)', 'rinse(glass)', 'put-down(glass)']"
P27_101,object_transfer,149,151,"['put-down(glass)', 'put-down(glass)', 'put-down(glass)']"
P27_101,washing,158,160,"['pick-up(glass)', 'wash(glass)', 'put-down(glass)']"
P27_101,washing,159,161,"['wash(glass)', 'put-down(glass)', 'pick-up(glass)']"
P27_101,washing,160,162,"['put-down(glass)', 'pick-up(glass)', 'wash(glass)']"
P27_101,washing,161,163,"['pick-up(glass)', 'wash(glass)', 'put-down(glass)']"
P27_101,washing,165,167,"['wash(glass)', 'put-down(glass)', 'pick-up(glass)']"
P27_101,washing,166,168,"['put-down(glass)', 'pick-up(glass)', 'wash(glass)']"
P27_101,washing,167,169,"['pick-up(glass)', 'wash(glass)', 'put-down(glass)']"
P27_101,other,170,172,"['turn-off(tap)', 'pick-up(cloth)', 'dry(hand)']"
P27_101,washing,260,262,"['wash(spoon)', 'rinse(spoon)', 'put-down(spoon)']"
P27_101,washing,265,267,"['wash(knife)', 'put-down(knife)', 'wash(knife)']"
P27_101,washing,266,268,"['put-down(knife)', 'wash(knife)', 'put-down(knife)']"
P27_101,washing,267,269,"['wash(knife)', 'put-down(knife)', 'pick-up(knife)']"
P27_101,washing,268,270,"['put-down(knife)', 'pick-up(knife)', 'wash(knife)']"
P27_101,washing,269,271,"['pick-up(knife)', 'wash(knife)', 'put-down(knife)']"
P27_101,washing,270,272,"['wash(knife)', 'put-down(knife)', 'wash(knife)']"
P27_101,washing,271,273,"['put-down(knife)', 'wash(knife)', 'put-down(knife)']"
P27_101,washing,272,274,"['wash(knife)', 'put-down(knife)', 'wash(fork)']"
P27_101,washing,273,275,"['put-down(knife)', 'wash(fork)', 'put-down(fork)']"
P27_101,washing,286,288,"['put-down(knife)', 'wash(fork)', 'put-down(fork)']"
P27_101,object_transfer,358,360,"['pick-up(glass)', 'pick-up(glass)', 'put-down(glass)']"
P27_101,object_transfer,359,361,"['pick-up(glass)', 'put-down(glass)', 'put-down(glass)']"
P27_101,container_usage,367,369,"['open(drawer)', 'put-down(towel:tea)', 'close(drawer)']"
P27_101,washing,392,394,"['wash(glass)', 'put-down(glass)', 'pick-up(glass)']"
P27_101,washing,402,404,"['wash(glass)', 'put-down(glass)', 'wash(glass)']"
P27_101,washing,403,405,"['put-down(glass)', 'wash(glass)', 'put-down(glass)']"
P27_101,container_usage,440,442,"['open(cupboard)', 'put-down(degreaser)', 'close(cupboard)']"
P27_103,washing,336,338,"['wash(hand)', 'rinse(hand)', 'turn-off(tap)']"
P27_103,washing,337,339,"['rinse(hand)', 'turn-off(tap)', 'dry(hand)']"
P27_103,washing,352,354,"['turn-off(tap)', 'turn-on(tap)', 'wash(hand)']"
P27_103,object_transfer,396,398,"['put-down(plate)', 'pick-up(plate)', 'put-down(plate)']"
P27_103,object_transfer,397,399,"['pick-up(plate)', 'put-down(plate)', 'open(cupboard)']"
P27_103,object_transfer,400,402,"['put-down(glass)', 'put-down(glass)', 'put-down(glass)']"
P27_103,washing,488,490,"['pick-up(plate)', 'wash(plate)', 'pick-up(plate)']"
P27_103,object_transfer,495,497,"['pick-up(plate)', 'pick-up(plate)', 'put-down(plate)']"
P27_103,washing,504,506,"['pick-up(plate)', 'wash(plate)', 'pick-up(plate)']"
P27_103,object_transfer,507,509,"['pick-up(plate)', 'pick-up(plate)', 'put-down(plate)']"
P27_103,object_transfer,508,510,"['pick-up(plate)', 'put-down(plate)', 'turn-on(tap)']"
P27_103,washing,521,523,"['rinse(plate)', 'put-down(plate)', 'pick-up(plate)']"
P27_103,washing,522,524,"['put-down(plate)', 'pick-up(plate)', 'rinse(plate)']"
P27_103,washing,523,525,"['pick-up(plate)', 'rinse(plate)', 'put-down(plate)']"
P27_103,washing,524,526,"['rinse(plate)', 'put-down(plate)', 'pick-up(plate)']"
P27_103,washing,525,527,"['put-down(plate)', 'pick-up(plate)', 'rinse(plate)']"
P27_103,washing,526,528,"['pick-up(plate)', 'rinse(plate)', 'put-down(plate)']"
P27_103,washing,534,536,"['pick-up(plate)', 'rinse(plate)', 'put-down(plate)']"
P27_103,washing,552,554,"['pick-up(knife)', 'wash(knife)', 'put-down(knife)']"
P27_103,washing,556,558,"['wash(knife)', 'put-down(knife)', 'pick-up(knife)']"
P27_103,washing,557,559,"['put-down(knife)', 'pick-up(knife)', 'wash(knife)']"
P27_103,washing,559,561,"['wash(knife)', 'rinse(knife)', 'put-down(knife)']"
P27_103,washing,560,562,"['rinse(knife)', 'put-down(knife)', 'pick-up(knife)']"
P27_103,washing,561,563,"['put-down(knife)', 'pick-up(knife)', 'wash(knife)']"
P27_103,washing,563,565,"['wash(knife)', 'rinse(knife)', 'put-down(knife)']"
P27_103,washing,570,572,"['wash(spoon)', 'rinse(spoon)', 'put-down(spoon)']"
P27_103,washing,583,585,"['pick-up(knife)', 'rinse(knife)', 'put-down(knife)']"
P27_103,washing,588,590,"['pick-up(glass)', 'rinse(glass)', 'put-down(glass)']"
P27_103,washing,589,591,"['rinse(glass)', 'put-down(glass)', 'pick-up(glass)']"
P27_103,washing,590,592,"['put-down(glass)', 'pick-up(glass)', 'rinse(glass)']"
P27_103,washing,593,595,"['pick-up(glass)', 'rinse(glass)', 'put-down(glass)']"
P27_103,washing,594,596,"['rinse(glass)', 'put-down(glass)', 'rinse(glass)']"
P27_103,washing,607,609,"['wash(glass)', 'put-down(glass)', 'pick-up(glass)']"
P27_103,washing,608,610,"['put-down(glass)', 'pick-up(glass)', 'wash(glass)']"
P27_103,washing,609,611,"['pick-up(glass)', 'wash(glass)', 'put-down(glass)']"
P27_103,washing,610,612,"['wash(glass)', 'put-down(glass)', 'pick-up(glass)']"
P27_103,washing,611,613,"['put-down(glass)', 'pick-up(glass)', 'wash(glass)']"
P27_103,washing,612,614,"['pick-up(glass)', 'wash(glass)', 'put-down(glass)']"
P27_103,washing,613,615,"['wash(glass)', 'put-down(glass)', 'pick-up(glass)']"
P27_103,washing,614,616,"['put-down(glass)', 'pick-up(glass)', 'wash(glass)']"
P27_103,washing,617,619,"['put-down(sponge)', 'turn-on(tap)', 'rinse(hand)']"
P27_103,washing,620,622,"['pick-up(glass)', 'rinse(glass)', 'put-down(glass)']"
P27_103,washing,621,623,"['rinse(glass)', 'put-down(glass)', 'rinse(glass)']"
P27_103,washing,622,624,"['put-down(glass)', 'rinse(glass)', 'put-down(glass)']"
P27_103,washing,623,625,"['rinse(glass)', 'put-down(glass)', 'pick-up(glass)']"
P27_103,washing,624,626,"['put-down(glass)', 'pick-up(glass)', 'rinse(glass)']"
P27_103,washing,625,627,"['pick-up(glass)', 'rinse(glass)', 'put-down(glass)']"
P27_103,washing,626,628,"['rinse(glass)', 'put-down(glass)', 'rinse(glass)']"
P27_103,washing,627,629,"['put-down(glass)', 'rinse(glass)', 'put-down(glass)']"
P27_103,washing,628,630,"['rinse(glass)', 'put-down(glass)', 'rinse(glass)']"
P27_103,washing,629,631,"['put-down(glass)', 'rinse(glass)', 'put-down(glass)']"
P27_103,washing,632,634,"['rinse(knife)', 'put-down(knife)', 'turn-off(tap)']"
P27_104,object_transfer,26,28,"['pick-up(bottle)', 'pick-up(bottle)', 'put-down(bottle)']"
P27_104,washing,81,83,"['turn-on(tap)', 'rinse(lid)', 'turn-off(tap)']"
P27_104,other,94,96,"['pick-up(lid)', 'close(container)', 'pick-up(container)']"
P27_104,object_transfer,121,123,"['pick-up(glass)', 'put-down(glass)', 'pick-up(glass)']"
P27_104,object_transfer,123,125,"['pick-up(glass)', 'open(cupboard)', 'put-down(glass)']"
P27_104,object_transfer,128,130,"['pick-up(glass)', 'put-down(glass)', 'pick-up(glass)']"
P27_104,object_transfer,130,132,"['pick-up(glass)', 'open(cupboard)', 'put-down(glass)']"
P27_104,object_transfer,132,134,"['put-down(glass)', 'pick-up(glass)', 'put-down(glass)']"
P27_104,object_transfer,133,135,"['pick-up(glass)', 'put-down(glass)', 'pick-up(glass)']"
P27_104,object_transfer,134,136,"['put-down(glass)', 'pick-up(glass)', 'put-down(glass)']"
P27_104,object_transfer,135,137,"['pick-up(glass)', 'put-down(glass)', 'close(cupboard)']"
P27_104,washing,142,144,"['turn-on(tap)', 'wash(hand)', 'turn-off(tap)']"
P27_104,washing,143,145,"['wash(hand)', 'turn-off(tap)', 'dry(hand)']"
P27_104,object_transfer,158,160,"['pick-up(glass)', 'put-down(glass)', 'pick-up(glass)']"
P27_104,object_transfer,159,161,"['put-down(glass)', 'pick-up(glass)', 'put-down(glass)']"
P27_104,object_transfer,195,197,"['open(oven)', 'pick-up(tray:baking)', 'put-down(tray:baking)']"
P27_104,object_transfer,196,198,"['pick-up(tray:baking)', 'put-down(tray:baking)', 'close(oven)']"
P27_104,washing,211,213,"['wash(knife)', 'put-down(knife)', 'wash(fork)']"
P27_104,washing,212,214,"['put-down(knife)', 'wash(fork)', 'put-down(fork)']"
P27_104,washing,215,217,"['pick-up(knife)', 'wash(knife)', 'put-down(knife)']"
P27_104,washing,234,236,"['pick-up(lid)', 'rinse(lid)', 'put-down(lid)']"
P27_104,washing,238,240,"['pick-up(glass)', 'rinse(glass)', 'put-down(glass)']"
P27_104,washing,259,261,"['pick-up(glass)', 'turn-on(tap)', 'rinse(glass)']"
P27_104,washing,260,262,"['turn-on(tap)', 'rinse(glass)', 'put-down(glass)']"
P27_104,washing,261,263,"['rinse(glass)', 'put-down(glass)', 'turn-off(tap)']"
P27_105,object_transfer,11,13,"['pick-up(glass)', 'put-down(glass)', 'pick-up(glass)']"
P27_105,object_transfer,12,14,"['put-down(glass)', 'pick-up(glass)', 'put-down(glass)']"
P27_105,washing,68,70,"['pick-up(knife)', 'wash(knife)', 'put-down(knife)']"
P27_105,washing,69,71,"['wash(knife)', 'put-down(knife)', 'pick-up(knife)']"
P27_105,washing,70,72,"['put-down(knife)', 'pick-up(knife)', 'wash(knife)']"
P27_105,washing,71,73,"['pick-up(knife)', 'wash(knife)', 'put-down(knife)']"
P27_105,washing,79,81,"['pick-up(knife)', 'rinse(knife)', 'put-down(knife)']"
P27_105,washing,80,82,"['rinse(knife)', 'put-down(knife)', 'turn-off(tap)']"
P27_105,container_usage,90,92,"['open(cupboard)', 'pick-up(glass)', 'close(cupboard)']"
P27_105,object_transfer,91,93,"['pick-up(glass)', 'close(cupboard)', 'put-down(glass)']"
P27_105,object_transfer,100,102,"['pick-up(glass)', 'put-down(glass)', 'pick-up(glass)']"
P27_105,object_transfer,101,103,"['put-down(glass)', 'pick-up(glass)', 'put-down(glass)']"
P27_105,object_transfer,127,129,"['pick-up(glass)', 'put-down(glass)', 'pick-up(glass)']"
P27_105,object_transfer,128,130,"['put-down(glass)', 'pick-up(glass)', 'put-down(glass)']"
P27_105,washing,173,175,"['pick-up(glass)', 'turn-on(tap)', 'rinse(glass)']"
P27_105,washing,179,181,"['rinse(glass)', 'put-down(glass)', 'turn-off(tap)']"
P27_105,washing,279,281,"['rinse(knife)', 'put-down(knife)', 'turn-off(tap)']"
P28_01,washing,76,78,"['rinse(pan)', 'turn-off(tap)', 'put-down(pan)']"
P28_02,washing,44,46,"['take(knife)', 'wash(knife)', 'put-down(knife)']"
P28_02,washing,82,84,"['put-down(sponge)', 'turn-on(tap)', 'rinse(board:chopping)']"
P28_02,washing,83,85,"['turn-on(tap)', 'rinse(board:chopping)', 'turn-off(tap)']"
P28_02,washing,84,86,"['rinse(board:chopping)', 'turn-off(tap)', 'put-in(board:chopping)']"
P28_02,washing,139,141,"['put-down(sponge)', 'turn-on(tap)', 'rinse(pan)']"
P28_02,washing,141,143,"['rinse(pan)', 'rinse(pan)', 'turn-off(tap)']"
P28_03,container_usage,11,13,"['open(drawer)', 'close(drawer)', 'open(drawer)']"
P28_03,container_usage,17,19,"['open(drawer)', 'close(drawer)', 'open(drawer)']"
P28_03,container_usage,35,37,"['open(drawer)', 'open(drawer)', 'close(drawer)']"
P28_03,container_usage,36,38,"['open(drawer)', 'close(drawer)', 'open(drawer)']"
P28_03,container_usage,37,39,"['close(drawer)', 'open(drawer)', 'close(drawer)']"
P28_03,other,102,104,"['peel(potato)', 'peel(potato)', 'peel(potato)']"
P28_03,other,103,105,"['peel(potato)', 'peel(potato)', 'peel(potato)']"
P28_03,other,104,106,"['peel(potato)', 'peel(potato)', 'peel(potato)']"
P28_03,other,112,114,"['peel(potato)', 'peel(potato)', 'peel(potato)']"
P28_03,other,113,115,"['peel(potato)', 'peel(potato)', 'peel(potato)']"
P28_03,other,114,116,"['peel(potato)', 'peel(potato)', 'peel(potato)']"
P28_03,other,123,125,"['peel(potato)', 'peel(potato)', 'peel(potato)']"
P28_03,other,124,126,"['peel(potato)', 'peel(potato)', 'peel(potato)']"
P28_03,other,138,140,"['peel(potato)', 'peel(potato)', 'peel(potato)']"
P28_03,other,139,141,"['peel(potato)', 'peel(potato)', 'peel(potato)']"
P28_03,other,140,142,"['peel(potato)', 'peel(potato)', 'peel(potato)']"
P28_03,other,141,143,"['peel(potato)', 'peel(potato)', 'peel(potato)']"
P28_03,other,142,144,"['peel(potato)', 'peel(potato)', 'peel(potato)']"
P28_03,other,143,145,"['peel(potato)', 'peel(potato)', 'peel(potato)']"
P28_03,other,144,146,"['peel(potato)', 'peel(potato)', 'peel(potato)']"
P28_03,other,145,147,"['peel(potato)', 'peel(potato)', 'peel(potato)']"
P28_04,cutting,7,9,"['cut(potato)', 'cut(potato)', 'cut(potato)']"
P28_04,cutting,14,16,"['cut(potato)', 'cut(potato)', 'cut(potato)']"
P28_04,cutting,15,17,"['cut(potato)', 'cut(potato)', 'cut(potato)']"
P28_04,cutting,16,18,"['cut(potato)', 'cut(potato)', 'cut(potato)']"
P28_04,cutting,17,19,"['cut(potato)', 'cut(potato)', 'cut(potato)']"
P28_04,cutting,18,20,"['cut(potato)', 'cut(potato)', 'cut(potato)']"
P28_04,cutting,19,21,"['cut(potato)', 'cut(potato)', 'cut(potato)']"
P28_04,cutting,20,22,"['cut(potato)', 'cut(potato)', 'cut(potato)']"
P28_04,cutting,21,23,"['cut(potato)', 'cut(potato)', 'cut(potato)']"
P28_04,cutting,22,24,"['cut(potato)', 'cut(potato)', 'cut(potato)']"
P28_05,other,45,47,"['chop(onion)', 'chop(onion)', 'chop(onion)']"
P28_05,other,46,48,"['chop(onion)', 'chop(onion)', 'chop(onion)']"
P28_05,cutting,67,69,"['cut(carrot)', 'cut(carrot)', 'cut(carrot)']"
P28_05,cutting,68,70,"['cut(carrot)', 'cut(carrot)', 'cut(carrot)']"
P28_05,cutting,69,71,"['cut(carrot)', 'cut(carrot)', 'cut(carrot)']"
P28_06,washing,4,6,"['rinse(board:chopping)', 'turn-off(tap)', 'put-down(board:chopping)']"
P28_06,washing,58,60,"['turn-on(tap)', 'rinse(board:chopping)', 'turn-off(tap)']"
P28_06,container_usage,94,96,"['open(drawer)', 'take(spoon)', 'close(drawer)']"
P28_06,other,97,99,"['mix(vegetable)', 'mix(vegetable)', 'mix(vegetable)']"
P28_06,other,128,130,"['mix(vegetable)', 'mix(vegetable)', 'mix(vegetable)']"
P28_06,other,129,131,"['mix(vegetable)', 'mix(vegetable)', 'mix(vegetable)']"
P28_06,other,130,132,"['mix(vegetable)', 'mix(vegetable)', 'mix(vegetable)']"
P28_06,other,131,133,"['mix(vegetable)', 'mix(vegetable)', 'mix(vegetable)']"
P28_06,washing,134,136,"['put-down(spoon)', 'turn-on(tap)', 'wash(hand)']"
P28_06,washing,135,137,"['turn-on(tap)', 'wash(hand)', 'turn-off(tap)']"
P28_07,stirring,6,8,"['stir(food)', 'stir(food)', 'stir(food)']"
P28_07,stirring,7,9,"['stir(food)', 'stir(food)', 'stir(food)']"
P28_07,stirring,8,10,"['stir(food)', 'stir(food)', 'stir(food)']"
P28_07,stirring,9,11,"['stir(food)', 'stir(food)', 'stir(food)']"
P28_08,washing,14,16,"['turn-on(tap)', 'rinse(strainer)', 'turn-off(tap)']"
P28_08,washing,44,46,"['put-down(sponge)', 'turn-on(tap)', 'rinse(knife)']"
P28_08,washing,45,47,"['turn-on(tap)', 'rinse(knife)', 'turn-off(tap)']"
P28_08,washing,56,58,"['put-down(sponge)', 'turn-on(tap)', 'rinse(board:chopping)']"
P28_08,washing,57,59,"['turn-on(tap)', 'rinse(board:chopping)', 'turn-off(tap)']"
P28_08,washing,58,60,"['rinse(board:chopping)', 'turn-off(tap)', 'put-in(board:chopping)']"
P28_09,container_usage,0,2,"['open(drawer)', 'close(drawer)', 'open(drawer)']"
P28_09,washing,58,60,"['turn-on(tap)', 'rinse(hand)', 'turn-off(tap)']"
P28_09,cutting,61,63,"['cut(tomato:cherry)', 'put-in(tomato:cherry)', 'cut(tomato:cherry)']"
P28_09,cutting,62,64,"['put-in(tomato:cherry)', 'cut(tomato:cherry)', 'put-in(tomato:cherry)']"
P28_09,cutting,63,65,"['cut(tomato:cherry)', 'put-in(tomato:cherry)', 'cut(tomato:cherry)']"
P28_09,cutting,76,78,"['put-in(tomato:cherry)', 'cut(tomato:cherry)', 'put-in(tomato:cherry)']"
P28_09,cutting,77,79,"['cut(tomato:cherry)', 'put-in(tomato:cherry)', 'cut(tomato:cherry)']"
P28_09,cutting,78,80,"['put-in(tomato:cherry)', 'cut(tomato:cherry)', 'put-in(tomato:cherry)']"
P28_09,cutting,79,81,"['cut(tomato:cherry)', 'put-in(tomato:cherry)', 'cut(tomato:cherry)']"
P28_09,cutting,80,82,"['put-in(tomato:cherry)', 'cut(tomato:cherry)', 'put-in(tomato:cherry)']"
P28_09,cutting,81,83,"['cut(tomato:cherry)', 'put-in(tomato:cherry)', 'cut(tomato:cherry)']"
P28_09,cutting,82,84,"['put-in(tomato:cherry)', 'cut(tomato:cherry)', 'put-in(tomato:cherry)']"
P28_09,washing,107,109,"['turn-on(tap)', 'rinse(board:chopping)', 'turn-off(tap)']"
P28_09,washing,108,110,"['rinse(board:chopping)', 'turn-off(tap)', 'put-down(board:chopping)']"
P28_101,container_usage,27,29,"['open(drawer)', 'take(knife)', 'close(drawer)']"
P28_101,washing,82,84,"['turn-on(tap)', 'wash(hand)', 'turn-off(tap)']"
P28_101,washing,111,113,"['turn-on(tap)', 'rinse(board:chopping)', 'turn-off(tap)']"
P28_102,washing,18,20,"['rinse(plate)', 'turn-off(tap)', 'put(plate)']"
P28_103,container_usage,41,43,"['open(drawer)', 'open(drawer)', 'close(drawer)']"
P28_103,other,47,49,"['peel(potato)', 'peel(potato)', 'peel(potato)']"
P28_103,other,84,86,"['peel(onion)', 'peel(onion)', 'peel(onion)']"
P28_103,washing,95,97,"['turn-on(tap)', 'wash(hand)', 'turn-off(tap)']"
P28_103,cutting,108,110,"['cut(potato)', 'cut(potato)', 'cut(potato)']"
P28_103,other,115,117,"['chop(onion)', 'chop(onion)', 'chop(onion)']"
P28_103,other,116,118,"['chop(onion)', 'chop(onion)', 'chop(onion)']"
P28_103,other,117,119,"['chop(onion)', 'chop(onion)', 'chop(onion)']"
P28_103,stirring,180,182,"['take(spatula)', 'stir(vegetable)', 'stir(vegetable)']"
P28_103,stirring,188,190,"['take(spatula)', 'stir(vegetable)', 'stir(vegetable)']"
P28_103,stirring,190,192,"['stir(vegetable)', 'put(glove:oven)', 'put(spatula)']"
P28_103,other,193,195,"['chop(garlic)', 'chop(garlic)', 'chop(garlic)']"
P28_103,other,194,196,"['chop(garlic)', 'chop(garlic)', 'chop(garlic)']"
P28_103,stirring,204,206,"['stir(vegetable)', 'put(glove:oven)', 'put(spatula)']"
P28_103,washing,213,215,"['rinse(plate)', 'turn-off(tap)', 'put(plate)']"
P28_103,stirring,226,228,"['stir(vegetable)', 'put(glove:oven)', 'put(spatula)']"
P28_103,stirring,231,233,"['stir(vegetable)', 'put(glove:oven)', 'put(spatula)']"
P28_103,stirring,234,236,"['stir(vegetable)', 'put(glove:oven)', 'put(spatula)']"
P28_103,stirring,253,255,"['take(spatula)', 'stir(food)', 'stir(food)']"
P28_104,washing,39,41,"['turn-on(tap)', 'rinse(board:chopping)', 'turn-off(tap)']"
P28_104,container_usage,63,65,"['open(drawer)', 'take(fork)', 'close(drawer)']"
P28_104,washing,82,84,"['turn-on(tap)', 'rinse(knife)', 'turn-off(tap)']"
P28_104,washing,88,90,"['turn-on(tap)', 'rinse(knife)', 'turn-off(tap)']"
P28_104,container_usage,104,106,"['open(drawer)', 'take(spoon)', 'close(drawer)']"
P28_104,object_transfer,165,167,"['scoop(food)', 'put-in(food)', 'scoop(food)']"
P28_104,object_transfer,166,168,"['put-in(food)', 'scoop(food)', 'put-in(food)']"
P28_104,object_transfer,167,169,"['scoop(food)', 'put-in(food)', 'scoop(food)']"
P28_104,object_transfer,168,170,"['put-in(food)', 'scoop(food)', 'put-in(food)']"
P28_104,object_transfer,169,171,"['scoop(food)', 'put-in(food)', 'scoop(food)']"
P28_104,object_transfer,170,172,"['put-in(food)', 'scoop(food)', 'put-in(food)']"
P28_104,object_transfer,171,173,"['scoop(food)', 'put-in(food)', 'scoop(food)']"
P28_104,object_transfer,172,174,"['put-in(food)', 'scoop(food)', 'put-in(food)']"
P28_105,object_transfer,7,9,"['scoop(food)', 'put-in(food)', 'scoop(food)']"
P28_105,object_transfer,8,10,"['put-in(food)', 'scoop(food)', 'put-in(food)']"
P28_105,object_transfer,9,11,"['scoop(food)', 'put-in(food)', 'scoop(food)']"
P28_105,object_transfer,10,12,"['put-in(food)', 'scoop(food)', 'put-in(food)']"
P28_105,object_transfer,11,13,"['scoop(food)', 'put-in(food)', 'scoop(food)']"
P28_105,object_transfer,12,14,"['put-in(food)', 'scoop(food)', 'put-in(food)']"
P28_105,object_transfer,16,18,"['scoop(food)', 'put-in(food)', 'scoop(food)']"
P28_105,object_transfer,17,19,"['put-in(food)', 'scoop(food)', 'put-in(food)']"
P28_105,object_transfer,18,20,"['scoop(food)', 'put-in(food)', 'scoop(food)']"
P28_105,object_transfer,19,21,"['put-in(food)', 'scoop(food)', 'put-in(food)']"
P28_105,object_transfer,20,22,"['scoop(food)', 'put-in(food)', 'scoop(food)']"
P28_105,object_transfer,21,23,"['put-in(food)', 'scoop(food)', 'put-in(food)']"
P28_105,object_transfer,22,24,"['scoop(food)', 'put-in(food)', 'scoop(food)']"
P28_105,object_transfer,23,25,"['put-in(food)', 'scoop(food)', 'put-in(food)']"
P28_105,washing,89,91,"['put(sponge)', 'turn-on(tap)', 'rinse(plate)']"
P28_105,washing,90,92,"['turn-on(tap)', 'rinse(plate)', 'turn-off(tap)']"
P28_105,washing,91,93,"['rinse(plate)', 'turn-off(tap)', 'put(plate)']"
P28_106,container_usage,30,32,"['open(drawer)', 'take(knife)', 'close(drawer)']"
P28_106,container_usage,41,43,"['open(drawer)', 'take(fork)', 'close(drawer)']"
P28_108,container_usage,25,27,"['open(drawer)', 'take(knife)', 'close(drawer)']"
P28_109,container_usage,17,19,"['open(drawer)', 'take(spoon)', 'close(drawer)']"
P28_110,object_transfer,3,5,"['take(clothes)', 'put-in(clothes)', 'take(clothes)']"
P28_110,object_transfer,4,6,"['put-in(clothes)', 'take(clothes)', 'put-in(clothes)']"
P28_110,object_transfer,5,7,"['take(clothes)', 'put-in(clothes)', 'take(clothes)']"
P28_110,object_transfer,6,8,"['put-in(clothes)', 'take(clothes)', 'put-in(clothes)']"
P28_110,object_transfer,7,9,"['take(clothes)', 'put-in(clothes)', 'take(clothes)']"
P28_110,object_transfer,8,10,"['put-in(clothes)', 'take(clothes)', 'put-in(clothes)']"
P28_110,object_transfer,9,11,"['take(clothes)', 'put-in(clothes)', 'take(clothes)']"
P28_110,object_transfer,10,12,"['put-in(clothes)', 'take(clothes)', 'put-in(clothes)']"
P28_110,object_transfer,11,13,"['take(clothes)', 'put-in(clothes)', 'take(clothes)']"
P28_110,object_transfer,12,14,"['put-in(clothes)', 'take(clothes)', 'put-in(clothes)']"
P28_110,object_transfer,13,15,"['take(clothes)', 'put-in(clothes)', 'take(clothes)']"
P28_110,object_transfer,14,16,"['put-in(clothes)', 'take(clothes)', 'put-in(clothes)']"
P28_110,object_transfer,15,17,"['take(clothes)', 'put-in(clothes)', 'take(clothes)']"
P28_110,object_transfer,16,18,"['put-in(clothes)', 'take(clothes)', 'put-in(clothes)']"
P28_110,object_transfer,17,19,"['take(clothes)', 'put-in(clothes)', 'take(clothes)']"
P28_110,object_transfer,18,20,"['put-in(clothes)', 'take(clothes)', 'put-in(clothes)']"
P28_111,washing,71,73,"['turn-on(tap)', 'rinse(colander)', 'turn-off(tap)']"
P28_111,washing,113,115,"['wash(plate)', 'put(sponge)', 'turn-on(tap)']"
P28_111,washing,114,116,"['put(sponge)', 'turn-on(tap)', 'rinse(plate)']"
P28_112,object_transfer,3,5,"['take(clothes)', 'put(clothes)', 'take(clothes)']"
P28_112,object_transfer,4,6,"['put(clothes)', 'take(clothes)', 'put(clothes)']"
P28_112,object_transfer,9,11,"['take(clothes)', 'put(clothes)', 'take(clothes)']"
P28_112,object_transfer,10,12,"['put(clothes)', 'take(clothes)', 'put(clothes)']"
P28_112,object_transfer,11,13,"['take(clothes)', 'put(clothes)', 'take(clothes)']"
P28_112,object_transfer,12,14,"['put(clothes)', 'take(clothes)', 'put(clothes)']"
P28_112,object_transfer,13,15,"['take(clothes)', 'put(clothes)', 'take(clothes)']"
P28_112,object_transfer,14,16,"['put(clothes)', 'take(clothes)', 'put(clothes)']"
P28_112,object_transfer,15,17,"['take(clothes)', 'put(clothes)', 'take(clothes)']"
P28_112,object_transfer,16,18,"['put(clothes)', 'take(clothes)', 'put(clothes)']"
P28_112,object_transfer,17,19,"['take(clothes)', 'put(clothes)', 'take(clothes)']"
P28_112,object_transfer,18,20,"['put(clothes)', 'take(clothes)', 'put(clothes)']"
P28_112,object_transfer,19,21,"['take(clothes)', 'put(clothes)', 'take(clothes)']"
P28_112,object_transfer,20,22,"['put(clothes)', 'take(clothes)', 'put(clothes)']"
P28_112,object_transfer,21,23,"['take(clothes)', 'put(clothes)', 'take(clothes)']"
P28_112,object_transfer,22,24,"['put(clothes)', 'take(clothes)', 'put(clothes)']"
P28_112,object_transfer,23,25,"['take(clothes)', 'put(clothes)', 'take(clothes)']"
P28_112,object_transfer,24,26,"['put(clothes)', 'take(clothes)', 'put(clothes)']"
P28_112,object_transfer,29,31,"['take(clothes)', 'put(clothes)', 'take(clothes)']"
P28_112,object_transfer,30,32,"['put(clothes)', 'take(clothes)', 'put(clothes)']"
P28_112,other,54,56,"['clean(hob)', 'clean(hob)', 'turn-on(tap)']"
P28_112,washing,55,57,"['clean(hob)', 'turn-on(tap)', 'rinse(sponge)']"
P28_112,washing,56,58,"['turn-on(tap)', 'rinse(sponge)', 'turn-off(tap)']"
P28_112,washing,57,59,"['rinse(sponge)', 'turn-off(tap)', 'clean(hob)']"
P28_112,other,59,61,"['clean(hob)', 'clean(hob)', 'turn-on(tap)']"
P28_112,washing,60,62,"['clean(hob)', 'turn-on(tap)', 'rinse(sponge)']"
P28_113,container_usage,123,125,"['open(drawer)', 'take(knife)', 'close(drawer)']"
P28_113,other,127,129,"['peel(onion)', 'peel(onion)', 'peel(onion)']"
P28_113,other,128,130,"['peel(onion)', 'peel(onion)', 'peel(onion)']"
P28_113,other,145,147,"['turn-on(tap)', 'fill(kettle)', 'turn-off(tap)']"
P28_14,washing,48,50,"['turn-on(tap)', 'rinse(hand)', 'turn-off(tap)']"
P28_14,washing,60,62,"['put-down(sponge)', 'turn-on(tap)', 'rinse(spoon)']"
P28_14,washing,61,63,"['turn-on(tap)', 'rinse(spoon)', 'turn-off(tap)']"
P28_14,washing,70,72,"['put-down(sponge)', 'turn-on(tap)', 'rinse(board:chopping)']"
P28_14,washing,71,73,"['turn-on(tap)', 'rinse(board:chopping)', 'turn-off(tap)']"
P28_14,washing,72,74,"['rinse(board:chopping)', 'turn-off(tap)', 'put-in(board:chopping)']"
P29_01,other,42,44,"['chop(onion)', 'chop(onion)', 'chop(onion)']"
P29_01,other,43,45,"['chop(onion)', 'chop(onion)', 'chop(onion)']"
P29_01,other,48,50,"['chop(onion)', 'chop(onion)', 'chop(onion)']"
P29_01,other,52,54,"['chop(onion)', 'chop(onion)', 'chop(onion)']"
P29_01,other,62,64,"['chop(onion)', 'chop(onion)', 'chop(onion)']"
P29_01,other,63,65,"['chop(onion)', 'chop(onion)', 'chop(onion)']"
P29_01,other,112,114,"['chop(garlic)', 'chop(garlic)', 'chop(garlic)']"
P29_01,other,124,126,"['chop(garlic)', 'chop(garlic)', 'chop(garlic)']"
P29_01,other,125,127,"['chop(garlic)', 'chop(garlic)', 'chop(garlic)']"
P29_01,other,202,204,"['turn-off(tap)', 'pick-up(towel)', 'dry(hand)']"
P29_01,other,233,235,"['chop(chilli)', 'chop(chilli)', 'chop(chilli)']"
P29_01,other,234,236,"['chop(chilli)', 'chop(chilli)', 'chop(chilli)']"
P29_01,object_transfer,309,311,"['pick-up(plate)', 'close(cupboard)', 'put-down(plate)']"
P29_02,container_usage,43,45,"['open(drawer)', 'pick-up(spoon)', 'close(drawer)']"
P29_03,object_transfer,21,23,"['pick-up(glass)', 'put-down(glass)', 'pick-up(glass)']"
P29_03,object_transfer,22,24,"['put-down(glass)', 'pick-up(glass)', 'put-down(glass)']"
P29_03,object_transfer,23,25,"['pick-up(glass)', 'put-down(glass)', 'pick-up(glass)']"
P29_03,object_transfer,24,26,"['put-down(glass)', 'pick-up(glass)', 'put-down(glass)']"
P29_03,object_transfer,25,27,"['pick-up(glass)', 'put-down(glass)', 'pick-up(glass)']"
P29_03,object_transfer,26,28,"['put-down(glass)', 'pick-up(glass)', 'put-down(glass)']"
P29_03,object_transfer,27,29,"['pick-up(glass)', 'put-down(glass)', 'pick-up(glass)']"
P29_03,object_transfer,28,30,"['put-down(glass)', 'pick-up(glass)', 'put-down(glass)']"
P29_03,object_transfer,29,31,"['pick-up(glass)', 'put-down(glass)', 'pick-up(glass)']"
P29_03,object_transfer,30,32,"['put-down(glass)', 'pick-up(glass)', 'put-down(glass)']"
P29_03,object_transfer,31,33,"['pick-up(glass)', 'put-down(glass)', 'close(cupboard)']"
P29_03,object_transfer,71,73,"['pick-up(plate)', 'put-down(plate)', 'pick-up(plate)']"
P29_03,object_transfer,72,74,"['put-down(plate)', 'pick-up(plate)', 'put-down(plate)']"
P29_03,object_transfer,73,75,"['pick-up(plate)', 'put-down(plate)', 'pick-up(plate)']"
P29_03,object_transfer,74,76,"['put-down(plate)', 'pick-up(plate)', 'put-down(plate)']"
P29_03,object_transfer,79,81,"['pick-up(plate)', 'put-down(plate)', 'put-down(plate)']"
P29_03,other,119,121,"['pick-up(fork)', 'pick-up(fork)', 'pick-up(fork)']"
P29_03,other,120,122,"['pick-up(fork)', 'pick-up(fork)', 'pick-up(fork)']"
P29_03,other,121,123,"['pick-up(fork)', 'pick-up(fork)', 'pick-up(fork)']"
P29_03,other,122,124,"['pick-up(fork)', 'pick-up(fork)', 'pick-up(fork)']"
P29_03,other,123,125,"['pick-up(fork)', 'pick-up(fork)', 'pick-up(fork)']"
P29_03,other,124,126,"['pick-up(fork)', 'pick-up(fork)', 'pick-up(fork)']"
P29_03,washing,401,403,"['turn-on(tap)', 'rinse(bowl)', 'turn-off(tap)']"
P29_03,washing,442,444,"['turn-on(tap)', 'rinse(hand)', 'turn-off(tap)']"
P29_03,washing,448,450,"['turn-on(tap)', 'rinse(hand)', 'turn-off(tap)']"
P29_03,other,505,507,"['scour(wok)', 'scour(wok)', 'scour(wok)']"
P29_03,other,506,508,"['scour(wok)', 'scour(wok)', 'scour(wok)']"
P29_03,other,507,509,"['scour(wok)', 'scour(wok)', 'scour(wok)']"
P29_03,other,508,510,"['scour(wok)', 'scour(wok)', 'scour(wok)']"
P29_03,other,509,511,"['scour(wok)', 'scour(wok)', 'scour(wok)']"
P29_03,other,510,512,"['scour(wok)', 'scour(wok)', 'scour(wok)']"
P29_03,other,511,513,"['scour(wok)', 'scour(wok)', 'scour(wok)']"
P30_01,container_usage,5,7,"['close(drawer)', 'open(drawer)', 'close(drawer)']"
P30_01,container_usage,6,8,"['open(drawer)', 'close(drawer)', 'open(drawer)']"
P30_01,container_usage,7,9,"['close(drawer)', 'open(drawer)', 'close(drawer)']"
P30_01,container_usage,8,10,"['open(drawer)', 'close(drawer)', 'open(drawer)']"
P30_03,container_usage,29,31,"['open(cupboard)', 'take(plate)', 'close(cupboard)']"
P30_03,object_transfer,62,64,"['put-into(clothes)', 'put-into(clothes)', 'put-into(clothes)']"
P30_03,object_transfer,63,65,"['put-into(clothes)', 'put-into(clothes)', 'put-into(clothes)']"
P30_03,object_transfer,64,66,"['put-into(clothes)', 'put-into(clothes)', 'put-into(clothes)']"
P30_03,object_transfer,65,67,"['put-into(clothes)', 'put-into(clothes)', 'put-into(clothes)']"
P30_03,object_transfer,66,68,"['put-into(clothes)', 'put-into(clothes)', 'put-into(clothes)']"
P30_03,object_transfer,67,69,"['put-into(clothes)', 'put-into(clothes)', 'put-into(clothes)']"
P30_03,other,104,106,"['pour(water)', 'pour(water)', 'pour(water)']"
P30_03,other,105,107,"['pour(water)', 'pour(water)', 'pour(water)']"
P30_03,other,106,108,"['pour(water)', 'pour(water)', 'pour(water)']"
P30_03,other,107,109,"['pour(water)', 'pour(water)', 'pour(water)']"
P30_03,other,108,110,"['pour(water)', 'pour(water)', 'pour(water)']"
P30_03,other,112,114,"['pour(water)', 'pour(water)', 'pour(water)']"
P30_03,other,113,115,"['pour(water)', 'pour(water)', 'pour(water)']"
P30_03,other,128,130,"['wipe(surface)', 'wipe(surface)', 'wipe(surface)']"
P30_03,other,129,131,"['wipe(surface)', 'wipe(surface)', 'wipe(surface)']"
P30_03,other,130,132,"['wipe(surface)', 'wipe(surface)', 'wipe(surface)']"
P30_05,washing,45,47,"['wash(hand)', 'turn-off(tap)', 'dry(hand)']"
P30_05,other,84,86,"['slice(onion)', 'slice(onion)', 'slice(onion)']"
P30_05,other,85,87,"['slice(onion)', 'slice(onion)', 'slice(onion)']"
P30_05,other,86,88,"['slice(onion)', 'slice(onion)', 'slice(onion)']"
P30_05,other,87,89,"['slice(onion)', 'slice(onion)', 'slice(onion)']"
P30_05,other,88,90,"['slice(onion)', 'slice(onion)', 'slice(onion)']"
P30_05,other,91,93,"['chop(onion)', 'chop(onion)', 'chop(onion)']"
P30_05,other,92,94,"['chop(onion)', 'chop(onion)', 'chop(onion)']"
P30_05,other,93,95,"['chop(onion)', 'chop(onion)', 'chop(onion)']"
P30_05,other,94,96,"['chop(onion)', 'chop(onion)', 'chop(onion)']"
P30_05,other,95,97,"['chop(onion)', 'chop(onion)', 'chop(onion)']"
P30_05,other,96,98,"['chop(onion)', 'chop(onion)', 'chop(onion)']"
P30_05,other,112,114,"['chop(ginger)', 'chop(ginger)', 'chop(ginger)']"
P30_05,other,113,115,"['chop(ginger)', 'chop(ginger)', 'chop(ginger)']"
P30_05,other,114,116,"['chop(ginger)', 'chop(ginger)', 'chop(ginger)']"
P30_05,other,115,117,"['chop(ginger)', 'chop(ginger)', 'chop(ginger)']"
P30_05,other,116,118,"['chop(ginger)', 'chop(ginger)', 'chop(ginger)']"
P30_05,other,117,119,"['chop(ginger)', 'chop(ginger)', 'chop(ginger)']"
P30_05,other,118,120,"['chop(ginger)', 'chop(ginger)', 'chop(ginger)']"
P30_05,other,138,140,"['chop(garlic)', 'chop(garlic)', 'chop(garlic)']"
P30_05,other,139,141,"['chop(garlic)', 'chop(garlic)', 'chop(garlic)']"
P30_05,other,140,142,"['chop(garlic)', 'chop(garlic)', 'chop(garlic)']"
P30_05,other,141,143,"['chop(garlic)', 'chop(garlic)', 'chop(garlic)']"
P30_05,other,142,144,"['chop(garlic)', 'chop(garlic)', 'chop(garlic)']"
P30_05,other,143,145,"['chop(garlic)', 'chop(garlic)', 'chop(garlic)']"
P30_05,other,144,146,"['chop(garlic)', 'chop(garlic)', 'chop(garlic)']"
P30_05,other,145,147,"['chop(garlic)', 'chop(garlic)', 'chop(garlic)']"
P30_05,other,146,148,"['chop(garlic)', 'chop(garlic)', 'chop(garlic)']"
P30_05,other,147,149,"['chop(garlic)', 'chop(garlic)', 'chop(garlic)']"
P30_05,stirring,159,161,"['stir(food)', 'stir(food)', 'stir(food)']"
P30_05,stirring,160,162,"['stir(food)', 'stir(food)', 'stir(food)']"
P30_05,stirring,161,163,"['stir(food)', 'stir(food)', 'stir(food)']"
P30_05,container_usage,168,170,"['open(cupboard)', 'close(cupboard)', 'open(cupboard)']"
P30_05,container_usage,170,172,"['open(cupboard)', 'close(cupboard)', 'open(cupboard)']"
P30_05,other,177,179,"['squeeze(lime)', 'squeeze(lime)', 'squeeze(lime)']"
P30_05,other,178,180,"['squeeze(lime)', 'squeeze(lime)', 'squeeze(lime)']"
P30_05,other,179,181,"['squeeze(lime)', 'squeeze(lime)', 'squeeze(lime)']"
P30_05,other,180,182,"['squeeze(lime)', 'squeeze(lime)', 'squeeze(lime)']"
P30_05,other,181,183,"['squeeze(lime)', 'squeeze(lime)', 'squeeze(lime)']"
P30_05,other,182,184,"['squeeze(lime)', 'squeeze(lime)', 'squeeze(lime)']"
P30_05,other,183,185,"['squeeze(lime)', 'squeeze(lime)', 'squeeze(lime)']"
P30_05,stirring,219,221,"['stir(food)', 'stir(food)', 'stir(food)']"
P30_05,other,261,263,"['chop(chilli)', 'chop(chilli)', 'chop(chilli)']"
P30_05,other,262,264,"['chop(chilli)', 'chop(chilli)', 'chop(chilli)']"
P30_05,other,263,265,"['chop(chilli)', 'chop(chilli)', 'chop(chilli)']"
P30_05,stirring,323,325,"['stir(food)', 'stir(food)', 'stir(food)']"
P30_05,stirring,324,326,"['stir(food)', 'stir(food)', 'stir(food)']"
P30_05,other,343,345,"['chop(chilli)', 'chop(chilli)', 'chop(chilli)']"
P30_05,other,344,346,"['chop(chilli)', 'chop(chilli)', 'chop(chilli)']"
P30_05,washing,354,356,"['turn-on(tap)', 'wash(hand)', 'turn-off(tap)']"
P30_05,washing,355,357,"['wash(hand)', 'turn-off(tap)', 'dry(hand)']"
P30_05,other,477,479,"['wipe(surface)', 'wipe(surface)', 'wipe(surface)']"
P30_05,other,478,480,"['wipe(surface)', 'wipe(surface)', 'wipe(surface)']"
P30_05,other,479,481,"['wipe(surface)', 'wipe(surface)', 'wipe(surface)']"
P30_05,other,480,482,"['wipe(surface)', 'wipe(surface)', 'wipe(surface)']"
P30_05,other,481,483,"['wipe(surface)', 'wipe(surface)', 'wipe(surface)']"
P30_05,other,482,484,"['wipe(surface)', 'wipe(surface)', 'wipe(surface)']"
P30_05,other,483,485,"['wipe(surface)', 'wipe(surface)', 'wipe(surface)']"
P30_05,other,484,486,"['wipe(surface)', 'wipe(surface)', 'wipe(surface)']"
P30_05,stirring,503,505,"['stir(food)', 'stir(food)', 'stir(food)']"
P30_05,other,531,533,"['top(carrot:tail)', 'top(carrot:tail)', 'top(carrot:tail)']"
P30_05,other,532,534,"['top(carrot:tail)', 'top(carrot:tail)', 'top(carrot:tail)']"
P30_05,other,533,535,"['top(carrot:tail)', 'top(carrot:tail)', 'top(carrot:tail)']"
P30_05,other,534,536,"['top(carrot:tail)', 'top(carrot:tail)', 'top(carrot:tail)']"
P30_05,other,535,537,"['top(carrot:tail)', 'top(carrot:tail)', 'top(carrot:tail)']"
P30_05,other,536,538,"['top(carrot:tail)', 'top(carrot:tail)', 'top(carrot:tail)']"
P30_05,other,537,539,"['top(carrot:tail)', 'top(carrot:tail)', 'top(carrot:tail)']"
P30_05,other,561,563,"['skin(carrot)', 'skin(carrot)', 'skin(carrot)']"
P30_05,other,562,564,"['skin(carrot)', 'skin(carrot)', 'skin(carrot)']"
P30_05,other,563,565,"['skin(carrot)', 'skin(carrot)', 'skin(carrot)']"
P30_05,object_transfer,564,566,"['skin(carrot)', 'skin(carrot)', 'put-in(carrot)']"
P30_05,other,569,571,"['skin(carrot)', 'skin(carrot)', 'skin(carrot)']"
P30_05,other,570,572,"['skin(carrot)', 'skin(carrot)', 'skin(carrot)']"
P30_05,other,571,573,"['skin(carrot)', 'skin(carrot)', 'skin(carrot)']"
P30_05,other,572,574,"['skin(carrot)', 'skin(carrot)', 'skin(carrot)']"
P30_05,other,573,575,"['skin(carrot)', 'skin(carrot)', 'skin(carrot)']"
P30_05,other,574,576,"['skin(carrot)', 'skin(carrot)', 'skin(carrot)']"
P30_05,object_transfer,575,577,"['skin(carrot)', 'skin(carrot)', 'put-in(carrot)']"
P30_05,other,578,580,"['skin(carrot)', 'skin(carrot)', 'skin(carrot)']"
P30_05,other,579,581,"['skin(carrot)', 'skin(carrot)', 'skin(carrot)']"
P30_05,other,583,585,"['skin(carrot)', 'skin(carrot)', 'skin(carrot)']"
P30_05,object_transfer,584,586,"['skin(carrot)', 'skin(carrot)', 'put-in(carrot)']"
P30_05,other,587,589,"['skin(carrot)', 'skin(carrot)', 'skin(carrot)']"
P30_05,other,588,590,"['skin(carrot)', 'skin(carrot)', 'skin(carrot)']"
P30_05,other,589,591,"['skin(carrot)', 'skin(carrot)', 'skin(carrot)']"
P30_05,other,590,592,"['skin(carrot)', 'skin(carrot)', 'skin(carrot)']"
P30_05,object_transfer,591,593,"['skin(carrot)', 'skin(carrot)', 'put-in(carrot)']"
P30_05,other,594,596,"['skin(carrot)', 'skin(carrot)', 'skin(carrot)']"
P30_05,other,604,606,"['skin(carrot)', 'skin(carrot)', 'skin(carrot)']"
P30_05,other,605,607,"['skin(carrot)', 'skin(carrot)', 'skin(carrot)']"
P30_05,other,606,608,"['skin(carrot)', 'skin(carrot)', 'skin(carrot)']"
P30_05,object_transfer,607,609,"['skin(carrot)', 'skin(carrot)', 'put-in(carrot)']"
P30_05,other,611,613,"['skin(carrot)', 'skin(carrot)', 'skin(carrot)']"
P30_05,other,612,614,"['skin(carrot)', 'skin(carrot)', 'skin(carrot)']"
P30_05,other,613,615,"['skin(carrot)', 'skin(carrot)', 'skin(carrot)']"
P30_05,object_transfer,614,616,"['skin(carrot)', 'skin(carrot)', 'put-in(carrot)']"
P30_05,washing,690,692,"['turn-on(tap)', 'wash(hand)', 'turn-off(tap)']"
P30_05,other,725,727,"['wipe(surface)', 'wipe(surface)', 'wipe(surface)']"
P30_06,other,65,67,"['turn-on(tap)', 'fill(kettle)', 'turn-off(tap)']"
P30_06,other,66,68,"['fill(kettle)', 'turn-off(tap)', 'close(kettle)']"
P30_101,washing,71,73,"['turn-on(tap)', 'rinse(knife)', 'turn-off(tap)']"
P30_101,washing,81,83,"['turn-on(tap)', 'rinse(fork)', 'turn-off(tap)']"
P30_101,container_usage,164,166,"['open(cupboard)', 'take(plate)', 'close(cupboard)']"
P30_101,washing,176,178,"['turn-on(tap)', 'rinse(knife)', 'turn-off(tap)']"
P30_101,other,201,203,"['pick-up(piece:pitta)', 'dip(piece:pitta)', 'eat(piece:pitta)']"
P30_101,other,207,209,"['pick-up(piece:pitta)', 'dip(piece:pitta)', 'eat(piece:pitta)']"
P30_101,other,211,213,"['pick-up(piece:pitta)', 'dip(piece:pitta)', 'eat(piece:pitta)']"
P30_101,other,218,220,"['pick-up(piece:pitta)', 'dip(piece:pitta)', 'eat(piece:pitta)']"
P30_101,other,275,277,"['turn-on(tap)', 'fill-up(jug)', 'turn-off(tap)']"
P30_101,other,280,282,"['pick-up(piece:pitta)', 'dip(piece:pitta)', 'eat(piece:pitta)']"
P30_103,other,22,24,"['turn-on(tap)', 'fill-up(jug)', 'turn-off(tap)']"
P30_104,washing,57,59,"['turn-on(tap)', 'pick-up(sponge)', 'rinse(sponge)']"
P30_104,washing,104,106,"['pick-up(knife)', 'wash(knife)', 'put-in(knife)']"
P30_104,washing,110,112,"['turn-on(tap)', 'rinse(fork)', 'turn-off(tap)']"
P30_107,washing,34,36,"['turn-on(tap)', 'rinse(hand)', 'turn-off(tap)']"
P30_107,other,340,342,"['take(mushroom)', 'chop(mushroom)', 'take(mushroom)']"
P30_107,other,341,343,"['chop(mushroom)', 'take(mushroom)', 'chop(mushroom)']"
P30_107,other,342,344,"['take(mushroom)', 'chop(mushroom)', 'take(mushroom)']"
P30_107,other,348,350,"['chop(mushroom)', 'take(mushroom)', 'chop(mushroom)']"
P30_107,other,349,351,"['take(mushroom)', 'chop(mushroom)', 'take(mushroom)']"
P30_107,other,350,352,"['chop(mushroom)', 'take(mushroom)', 'chop(mushroom)']"
P30_107,other,355,357,"['take(mushroom)', 'chop(mushroom)', 'take(mushroom)']"
P30_107,other,356,358,"['chop(mushroom)', 'take(mushroom)', 'chop(mushroom)']"
P30_107,other,357,359,"['take(mushroom)', 'chop(mushroom)', 'take(mushroom)']"
P30_107,other,358,360,"['chop(mushroom)', 'take(mushroom)', 'chop(mushroom)']"
P30_107,other,359,361,"['take(mushroom)', 'chop(mushroom)', 'take(mushroom)']"
P30_107,other,360,362,"['chop(mushroom)', 'take(mushroom)', 'chop(mushroom)']"
P30_107,other,361,363,"['take(mushroom)', 'chop(mushroom)', 'take(mushroom)']"
P30_107,washing,369,371,"['turn-on(tap)', 'rinse(hand)', 'turn-off(tap)']"
P30_107,container_usage,441,443,"['open(cupboard)', 'open(cupboard)', 'close(cupboard)']"
P30_107,container_usage,442,444,"['open(cupboard)', 'close(cupboard)', 'open(cupboard)']"
P30_107,container_usage,444,446,"['open(cupboard)', 'take(plate)', 'close(cupboard)']"
P30_107,washing,475,477,"['wash(hand)', 'rinse(hand)', 'turn-off(tap)']"
P30_107,washing,520,522,"['turn-on(tap)', 'rinse(colander)', 'turn-off(tap)']"
P30_107,washing,552,554,"['rinse(board:chopping)', 'turn-off(tap)', 'put-in(board:chopping)']"
P30_107,washing,559,561,"['turn-on(tap)', 'rinse(sponge)', 'turn-off(tap)']"
P30_107,washing,570,572,"['turn-on(tap)', 'rinse(bowl)', 'turn-off(tap)']"
P30_107,washing,585,587,"['turn-on(tap)', 'rinse(sponge)', 'turn-off(tap)']"
P30_107,washing,803,805,"['wash(knife)', 'turn-on(tap)', 'rinse(knife)']"
P30_107,washing,812,814,"['turn-on(tap)', 'rinse(board:chopping)', 'turn-off(tap)']"
P30_107,container_usage,890,892,"['open(cupboard)', 'take(plate)', 'close(cupboard)']"
P30_107,object_transfer,918,920,"['open(cupboard)', 'pick-up(glass)', 'put-down(glass)']"
P30_108,other,2,4,"['turn-on(tap)', 'fill-up(jug)', 'turn-off(tap)']"
P30_108,other,6,8,"['turn-on(tap)', 'fill-up(jug)', 'turn-off(tap)']"
P30_108,washing,45,47,"['pick-up(sponge)', 'scrub(spoon)', 'rinse(spoon)']"
P30_108,washing,62,64,"['turn-on(tap)', 'rinse(plate)', 'turn-off(tap)']"
P30_108,washing,102,104,"['put-down(sponge)', 'turn-on(tap)', 'rinse(pan)']"
P30_108,washing,103,105,"['turn-on(tap)', 'rinse(pan)', 'turn-off(tap)']"
P30_108,washing,111,113,"['put-down(sponge)', 'turn-on(tap)', 'rinse(plate)']"
P30_108,washing,117,119,"['pick-up(sponge)', 'scrub(spoon)', 'rinse(spoon)']"
P30_108,washing,120,122,"['pick-up(sponge)', 'scrub(spoon)', 'rinse(spoon)']"
P30_108,washing,130,132,"['put-down(sponge)', 'turn-on(tap)', 'rinse(pan)']"
P30_108,washing,131,133,"['turn-on(tap)', 'rinse(pan)', 'turn-off(tap)']"
P30_109,other,7,9,"['turn-off(tap)', 'pour-into(water)', 'turn-on(tap)']"
P30_109,washing,101,103,"['turn-on(tap)', 'rinse(glass)', 'turn-off(tap)']"
P30_109,container_usage,135,137,"['open(drawer)', 'take(knife)', 'close(drawer)']"
P30_10,other,13,15,"['break-up(rice)', 'break-up(rice)', 'break-up(rice)']"
P30_10,other,14,16,"['break-up(rice)', 'break-up(rice)', 'break-up(rice)']"
P30_10,other,15,17,"['break-up(rice)', 'break-up(rice)', 'break-up(rice)']"
P30_10,other,16,18,"['break-up(rice)', 'break-up(rice)', 'break-up(rice)']"
P30_10,other,17,19,"['break-up(rice)', 'break-up(rice)', 'break-up(rice)']"
P30_10,other,18,20,"['break-up(rice)', 'break-up(rice)', 'break-up(rice)']"
P30_10,other,19,21,"['break-up(rice)', 'break-up(rice)', 'break-up(rice)']"
P30_10,other,20,22,"['break-up(rice)', 'break-up(rice)', 'break-up(rice)']"
P30_10,other,21,23,"['break-up(rice)', 'break-up(rice)', 'break-up(rice)']"
P30_10,other,22,24,"['break-up(rice)', 'break-up(rice)', 'break-up(rice)']"
P30_10,other,23,25,"['break-up(rice)', 'break-up(rice)', 'break-up(rice)']"
P30_10,other,24,26,"['break-up(rice)', 'break-up(rice)', 'break-up(rice)']"
P30_10,other,46,48,"['sweep(floor)', 'sweep(floor)', 'sweep(floor)']"
P30_10,other,47,49,"['sweep(floor)', 'sweep(floor)', 'sweep(floor)']"
P30_10,other,48,50,"['sweep(floor)', 'sweep(floor)', 'sweep(floor)']"
P30_10,other,49,51,"['sweep(floor)', 'sweep(floor)', 'sweep(floor)']"
P30_10,other,50,52,"['sweep(floor)', 'sweep(floor)', 'sweep(floor)']"
P30_10,other,51,53,"['sweep(floor)', 'sweep(floor)', 'sweep(floor)']"
P30_10,other,52,54,"['sweep(floor)', 'sweep(floor)', 'sweep(floor)']"
P30_10,other,53,55,"['sweep(floor)', 'sweep(floor)', 'sweep(floor)']"
P30_10,other,54,56,"['sweep(floor)', 'sweep(floor)', 'sweep(floor)']"
P30_10,other,55,57,"['sweep(floor)', 'sweep(floor)', 'sweep(floor)']"
P30_10,other,56,58,"['sweep(floor)', 'sweep(floor)', 'sweep(floor)']"
P30_10,washing,62,64,"['turn-on(tap)', 'wash(hand)', 'wash(hand)']"
P30_10,washing,68,70,"['turn-on(tap)', 'wash(hand)', 'turn-off(tap)']"
P30_10,washing,69,71,"['wash(hand)', 'turn-off(tap)', 'dry(hand)']"
P30_10,other,74,76,"['break-up(rice)', 'break-up(rice)', 'break-up(rice)']"
P30_10,other,75,77,"['break-up(rice)', 'break-up(rice)', 'break-up(rice)']"
P30_10,washing,107,109,"['turn-on(tap)', 'rinse(plate)', 'turn-off(tap)']"
P30_10,object_transfer,130,132,"['put(bowl)', 'take(bowl)', 'put(bowl)']"
P30_10,stirring,143,145,"['stir(food)', 'stir(food)', 'stir(food)']"
P30_10,stirring,144,146,"['stir(food)', 'stir(food)', 'stir(food)']"
P30_10,washing,163,165,"['wash(plate)', 'turn-on(tap)', 'rinse(plate)']"
P30_10,washing,164,166,"['turn-on(tap)', 'rinse(plate)', 'turn-off(tap)']"
P30_10,washing,165,167,"['rinse(plate)', 'turn-off(tap)', 'put(plate)']"
P30_10,washing,174,176,"['wash(knife)', 'turn-on(tap)', 'rinse(knife)']"
P30_10,washing,225,227,"['wash(hand)', 'turn-off(tap)', 'dry(hand)']"
P30_10,washing,246,248,"['wash(surface:hob)', 'wash(surface:hob)', 'wash(surface:hob)']"
P30_10,washing,247,249,"['wash(surface:hob)', 'wash(surface:hob)', 'wash(surface:hob)']"
P30_10,washing,248,250,"['wash(surface:hob)', 'wash(surface:hob)', 'wash(surface:hob)']"
P30_10,washing,249,251,"['wash(surface:hob)', 'wash(surface:hob)', 'wash(surface:hob)']"
P30_10,washing,250,252,"['wash(surface:hob)', 'wash(surface:hob)', 'wash(surface:hob)']"
P30_110,container_usage,50,52,"['open(cupboard)', 'open(cupboard)', 'close(cupboard)']"
P30_110,container_usage,51,53,"['open(cupboard)', 'close(cupboard)', 'open(cupboard)']"
P30_110,container_usage,53,55,"['open(cupboard)', 'open(cupboard)', 'close(cupboard)']"
P30_110,washing,79,81,"['turn-on(tap)', 'pick-up(sponge)', 'rinse(sponge)']"
P30_110,container_usage,102,104,"['open(cupboard)', 'take(plate)', 'close(cupboard)']"
P30_110,object_transfer,103,105,"['take(plate)', 'close(cupboard)', 'put-down(plate)']"
P30_111,washing,59,61,"['wash(hand)', 'rinse(hand)', 'turn-off(tap)']"
P30_111,washing,60,62,"['rinse(hand)', 'turn-off(tap)', 'dry(hand)']"
P30_111,washing,142,144,"['wash(hand)', 'rinse(hand)', 'turn-off(tap)']"
P30_111,washing,143,145,"['rinse(hand)', 'turn-off(tap)', 'dry(hand)']"
P30_111,container_usage,148,150,"['open(cupboard)', 'pick-up(glass)', 'close(cupboard)']"
P30_111,object_transfer,149,151,"['pick-up(glass)', 'close(cupboard)', 'put-down(glass)']"
P30_111,washing,313,315,"['pick-up(sponge)', 'scrub(spoon)', 'rinse(spoon)']"
P30_111,washing,478,480,"['turn-on(tap)', 'wash(hand)', 'turn-off(tap)']"
P30_111,washing,533,535,"['pick-up(sponge)', 'scrub(spoon)', 'rinse(spoon)']"
P30_111,washing,550,552,"['put-down(sponge)', 'turn-on(tap)', 'rinse(hand)']"
P30_112,container_usage,24,26,"['open(cupboard)', 'pick-up(plate)', 'close(cupboard)']"
P30_112,washing,45,47,"['turn-on(tap)', 'rinse(hand)', 'turn-off(tap)']"
P30_112,washing,46,48,"['rinse(hand)', 'turn-off(tap)', 'dry(hand)']"
P30_113,other,1,3,"['turn-on(tap)', 'fill-up(jug)', 'turn-off(tap)']"
P30_113,washing,102,104,"['wash(glass)', 'turn-on(tap)', 'rinse(glass)']"
P30_113,washing,103,105,"['turn-on(tap)', 'rinse(glass)', 'turn-off(tap)']"
P30_113,cutting,117,119,"['cut(pizza)', 'cut(pizza)', 'cut(pizza)']"
P30_113,cutting,118,120,"['cut(pizza)', 'cut(pizza)', 'cut(pizza)']"
P30_113,washing,127,129,"['wash(knife)', 'turn-on(tap)', 'rinse(knife)']"
P30_114,washing,11,13,"['turn-on(tap)', 'rinse(bowl)', 'turn-off(tap)']"
P30_11,washing,39,41,"['wash(saucepan)', 'wash(saucepan)', 'wash(saucepan)']"
P30_11,washing,40,42,"['wash(saucepan)', 'wash(saucepan)', 'wash(saucepan)']"
P30_11,washing,51,53,"['wash(saucepan)', 'wash(saucepan)', 'wash(saucepan)']"
P30_11,washing,52,54,"['wash(saucepan)', 'wash(saucepan)', 'wash(saucepan)']"
P30_11,washing,53,55,"['wash(saucepan)', 'wash(saucepan)', 'wash(saucepan)']"
P30_11,washing,54,56,"['wash(saucepan)', 'wash(saucepan)', 'wash(saucepan)']"
P30_11,other,87,89,"['turn-off(tap)', 'turn-on(tap)', 'turn-off(tap)']"
P31_01,washing,37,39,"['turn-on(tap)', 'wash(hand)', 'turn-off(tap)']"
P31_01,washing,38,40,"['wash(hand)', 'turn-off(tap)', 'dry(hand)']"
P31_01,object_transfer,48,50,"['pour(oil)', 'close(oil)', 'put-down(oil)']"
P35_101,object_transfer,29,31,"['pick-up(plate)', 'close(cupboard)', 'put-down(plate)']"
P35_101,washing,87,89,"['pick-up(glass)', 'wash(glass)', 'put-down(glass)']"
P35_101,other,90,92,"['turn-off(tap)', 'pick-up(towel)', 'dry(hand)']"
P35_103,washing,19,21,"['turn-on(tap)', 'rinse(hand)', 'turn-off(tap)']"
P35_103,washing,20,22,"['rinse(hand)', 'turn-off(tap)', 'pick-up(cloth)']"
P35_103,other,21,23,"['turn-off(tap)', 'pick-up(cloth)', 'dry(hand)']"
P35_103,object_transfer,25,27,"['pick-up(container)', 'put-down(container)', 'pick-up(container)']"
P35_103,other,34,36,"['pour(pasta)', 'pour(pasta)', 'pour(pasta)']"
P35_103,other,35,37,"['pour(pasta)', 'pour(pasta)', 'pour(pasta)']"
P35_103,other,36,38,"['pour(pasta)', 'pour(pasta)', 'pour(pasta)']"
P35_103,other,37,39,"['pour(pasta)', 'pour(pasta)', 'pour(pasta)']"
P35_103,other,38,40,"['pour(pasta)', 'pour(pasta)', 'pour(pasta)']"
P35_103,other,39,41,"['pour(pasta)', 'pour(pasta)', 'pour(pasta)']"
P35_103,other,40,42,"['pour(pasta)', 'pour(pasta)', 'pour(pasta)']"
P35_103,other,41,43,"['pour(pasta)', 'pour(pasta)', 'pour(pasta)']"
P35_103,container_usage,62,64,"['open(fridge)', 'pick-up(cheese)', 'close(fridge)']"
P35_103,container_usage,101,103,"['open(cupboard)', 'put-down(jar)', 'close(cupboard)']"
P35_103,washing,128,130,"['pick-up(sponge)', 'rinse(sponge)', 'turn-off(tap)']"
P35_103,washing,129,131,"['rinse(sponge)', 'turn-off(tap)', 'pick-up(soap)']"
P35_103,washing,130,132,"['turn-off(tap)', 'pick-up(soap)', 'pour(liquid:washing:up)']"
P35_103,washing,131,133,"['pick-up(soap)', 'pour(liquid:washing:up)', 'put-down(liquid:washing:up)']"
P35_103,washing,162,164,"['rinse(spoon)', 'turn-off(tap)', 'put-down(spoon)']"
P35_103,object_transfer,181,183,"['pick-up(container)', 'drain(container)', 'put-down(container)']"
P35_103,washing,202,204,"['pick-up(cloth)', 'turn-on(tap)', 'rinse(cloth)']"
P35_103,washing,203,205,"['turn-on(tap)', 'rinse(cloth)', 'turn-off(tap)']"
P35_103,washing,204,206,"['rinse(cloth)', 'turn-off(tap)', 'wash(sink)']"
P35_103,washing,210,212,"['clean(top:counter)', 'turn-on(tap)', 'rinse(cloth)']"
P35_103,washing,211,213,"['turn-on(tap)', 'rinse(cloth)', 'turn-off(tap)']"
P35_103,washing,212,214,"['rinse(cloth)', 'turn-off(tap)', 'wring(cloth)']"
P35_104,washing,2,4,"['turn-on(tap)', 'rinse(hand)', 'pick-up(sponge)']"
P35_104,washing,3,5,"['rinse(hand)', 'pick-up(sponge)', 'rinse(sponge)']"
P35_104,washing,4,6,"['pick-up(sponge)', 'rinse(sponge)', 'turn-off(tap)']"
P35_104,object_transfer,8,10,"['pick-up(plate)', 'put-down(plate)', 'put-down(plate)']"
P35_104,object_transfer,9,11,"['put-down(plate)', 'put-down(plate)', 'pick-up(plate)']"
P35_104,object_transfer,11,13,"['pick-up(plate)', 'pick-up(plate)', 'put-down(plate)']"
P35_104,object_transfer,12,14,"['pick-up(plate)', 'put-down(plate)', 'pick-up(plate)']"
P35_104,object_transfer,13,15,"['put-down(plate)', 'pick-up(plate)', 'put-down(plate)']"
P35_104,washing,22,24,"['wash(glass)', 'put-down(glass)', 'wash(glass)']"
P35_104,washing,23,25,"['put-down(glass)', 'wash(glass)', 'put-down(glass)']"
P35_104,washing,24,26,"['wash(glass)', 'put-down(glass)', 'wash(glass)']"
P35_104,washing,25,27,"['put-down(glass)', 'wash(glass)', 'put-down(glass)']"
P35_104,washing,26,28,"['wash(glass)', 'put-down(glass)', 'wash(glass)']"
P35_104,washing,27,29,"['put-down(glass)', 'wash(glass)', 'put-down(glass)']"
P35_104,washing,34,36,"['wash(plate)', 'put-down(plate)', 'wash(plate)']"
P35_104,washing,35,37,"['put-down(plate)', 'wash(plate)', 'put-down(plate)']"
P35_104,washing,36,38,"['wash(plate)', 'put-down(plate)', 'wash(plate)']"
P35_104,washing,37,39,"['put-down(plate)', 'wash(plate)', 'put-down(plate)']"
P35_104,washing,38,40,"['wash(plate)', 'put-down(plate)', 'wash(plate)']"
P35_104,washing,39,41,"['put-down(plate)', 'wash(plate)', 'put-down(plate)']"
P35_104,washing,40,42,"['wash(plate)', 'put-down(plate)', 'wash(plate)']"
P35_104,washing,41,43,"['put-down(plate)', 'wash(plate)', 'put-down(plate)']"
P35_104,washing,48,50,"['wash(knife)', 'put-down(knife)', 'wash(knife)']"
P35_104,washing,49,51,"['put-down(knife)', 'wash(knife)', 'put-down(knife)']"
P35_104,washing,50,52,"['wash(knife)', 'put-down(knife)', 'wash(fork)']"
P35_104,washing,51,53,"['put-down(knife)', 'wash(fork)', 'put-down(fork)']"
P35_104,washing,60,62,"['wash(knife)', 'put-down(knife)', 'wash(fork)']"
P35_104,washing,61,63,"['put-down(knife)', 'wash(fork)', 'put-down(fork)']"
P35_104,washing,62,64,"['wash(fork)', 'put-down(fork)', 'wash(knife)']"
P35_104,washing,63,65,"['put-down(fork)', 'wash(knife)', 'put-down(knife)']"
P35_104,washing,64,66,"['wash(knife)', 'put-down(knife)', 'wash(fork)']"
P35_104,washing,65,67,"['put-down(knife)', 'wash(fork)', 'put-down(fork)']"
P35_104,washing,68,70,"['wash(fork)', 'put-down(fork)', 'wash(knife)']"
P35_104,washing,69,71,"['put-down(fork)', 'wash(knife)', 'put-down(knife)']"
P35_104,washing,70,72,"['wash(knife)', 'put-down(knife)', 'wash(knife)']"
P35_104,washing,71,73,"['put-down(knife)', 'wash(knife)', 'put-down(knife)']"
P35_104,washing,72,74,"['wash(knife)', 'put-down(knife)', 'wash(knife)']"
P35_104,washing,73,75,"['put-down(knife)', 'wash(knife)', 'put-down(knife)']"
P35_104,washing,74,76,"['wash(knife)', 'put-down(knife)', 'wash(fork)']"
P35_104,washing,75,77,"['put-down(knife)', 'wash(fork)', 'put-down(fork)']"
P35_104,washing,76,78,"['wash(fork)', 'put-down(fork)', 'wash(knife)']"
P35_104,washing,77,79,"['put-down(fork)', 'wash(knife)', 'put-down(knife)']"
P35_104,washing,78,80,"['wash(knife)', 'put-down(knife)', 'wash(fork)']"
P35_104,washing,79,81,"['put-down(knife)', 'wash(fork)', 'put-down(fork)']"
P35_104,washing,80,82,"['wash(fork)', 'put-down(fork)', 'wash(knife)']"
P35_104,washing,81,83,"['put-down(fork)', 'wash(knife)', 'put-down(knife)']"
P35_104,washing,82,84,"['wash(knife)', 'put-down(knife)', 'wash(knife)']"
P35_104,washing,83,85,"['put-down(knife)', 'wash(knife)', 'put-down(knife)']"
P35_104,washing,86,88,"['wash(plate)', 'put-down(plate)', 'wash(plate)']"
P35_104,washing,87,89,"['put-down(plate)', 'wash(plate)', 'put-down(plate)']"
P35_104,object_transfer,96,98,"['pick-up(cloth)', 'dry(hand)', 'put-down(cloth)']"
P35_104,other,105,107,"['turn-off(tap)', 'turn-on(tap)', 'turn-off(tap)']"
P35_104,container_usage,116,118,"['open(cupboard)', 'pick-up(plate)', 'close(cupboard)']"
P35_104,object_transfer,117,119,"['pick-up(plate)', 'close(cupboard)', 'put-down(plate)']"
P35_104,washing,136,138,"['pick-up(sponge)', 'turn-on(tap)', 'rinse(sponge)']"
P35_104,washing,137,139,"['turn-on(tap)', 'rinse(sponge)', 'turn-off(tap)']"
P35_104,washing,138,140,"['rinse(sponge)', 'turn-off(tap)', 'pick-up(soap)']"
P35_104,washing,139,141,"['turn-off(tap)', 'pick-up(soap)', 'pour(liquid:washing:up)']"
P35_104,washing,140,142,"['pick-up(soap)', 'pour(liquid:washing:up)', 'put-down(liquid:washing:up)']"
P35_104,washing,168,170,"['turn-on(tap)', 'rinse(sponge)', 'turn-off(tap)']"
P35_104,washing,169,171,"['rinse(sponge)', 'turn-off(tap)', 'pick-up(soap)']"
P35_104,washing,170,172,"['turn-off(tap)', 'pick-up(soap)', 'pour(liquid:washing:up)']"
P35_104,washing,171,173,"['pick-up(soap)', 'pour(liquid:washing:up)', 'put-down(liquid:washing:up)']"
P35_104,washing,181,183,"['turn-on(tap)', 'rinse(sponge)', 'turn-off(tap)']"
P35_104,washing,182,184,"['rinse(sponge)', 'turn-off(tap)', 'pick-up(soap)']"
P35_104,washing,183,185,"['turn-off(tap)', 'pick-up(soap)', 'pour(liquid:washing:up)']"
P35_104,washing,184,186,"['pick-up(soap)', 'pour(liquid:washing:up)', 'put-down(liquid:washing:up)']"
P35_104,other,187,189,"['pick-up(glass)', 'lather(glass)', 'pick-up(glass)']"
P35_104,other,188,190,"['lather(glass)', 'pick-up(glass)', 'lather(glass)']"
P35_104,other,189,191,"['pick-up(glass)', 'lather(glass)', 'pick-up(glass)']"
P35_104,other,190,192,"['lather(glass)', 'pick-up(glass)', 'lather(glass)']"
P35_104,washing,193,195,"['put-down(sponge)', 'turn-on(tap)', 'rinse(hand)']"
P35_104,washing,196,198,"['rinse(glass)', 'put-down(glass)', 'rinse(glass)']"
P35_104,washing,197,199,"['put-down(glass)', 'rinse(glass)', 'put-down(glass)']"
P35_104,washing,198,200,"['rinse(glass)', 'put-down(glass)', 'rinse(glass)']"
P35_104,washing,199,201,"['put-down(glass)', 'rinse(glass)', 'put-down(glass)']"
P35_104,washing,200,202,"['rinse(glass)', 'put-down(glass)', 'rinse(glass)']"
P35_104,washing,201,203,"['put-down(glass)', 'rinse(glass)', 'put-down(glass)']"
P35_104,washing,206,208,"['rinse(plate)', 'put-down(plate)', 'rinse(plate)']"
P35_104,washing,207,209,"['put-down(plate)', 'rinse(plate)', 'put-down(plate)']"
P35_104,washing,208,210,"['rinse(plate)', 'put-down(plate)', 'rinse(plate)']"
P35_104,washing,209,211,"['put-down(plate)', 'rinse(plate)', 'put-down(plate)']"
P35_104,washing,210,212,"['rinse(plate)', 'put-down(plate)', 'rinse(plate)']"
P35_104,washing,211,213,"['put-down(plate)', 'rinse(plate)', 'put-down(plate)']"
P35_104,washing,212,214,"['rinse(plate)', 'put-down(plate)', 'rinse(plate)']"
P35_104,washing,213,215,"['put-down(plate)', 'rinse(plate)', 'put-down(plate)']"
P35_104,washing,214,216,"['rinse(plate)', 'put-down(plate)', 'rinse(plate)']"
P35_104,washing,215,217,"['put-down(plate)', 'rinse(plate)', 'put-down(plate)']"
P35_104,washing,216,218,"['rinse(plate)', 'put-down(plate)', 'rinse(plate)']"
P35_104,washing,217,219,"['put-down(plate)', 'rinse(plate)', 'put-down(plate)']"
P35_104,washing,222,224,"['rinse(cutlery)', 'put-down(cutlery)', 'rinse(cutlery)']"
P35_104,washing,224,226,"['rinse(cutlery)', 'put-down(cutlery)', 'rinse(cutlery)']"
P35_104,washing,226,228,"['rinse(cutlery)', 'put-down(cutlery)', 'rinse(cutlery)']"
P35_104,other,232,234,"['turn-off(tap)', 'pick-up(cloth)', 'dry(hand)']"
P35_104,object_transfer,233,235,"['pick-up(cloth)', 'dry(hand)', 'put-down(cloth)']"
P35_104,washing,247,249,"['turn-on(tap)', 'rinse(plate)', 'turn-off(tap)']"
P35_104,washing,248,250,"['rinse(plate)', 'turn-off(tap)', 'put-down(plate)']"
P35_104,object_transfer,251,253,"['pick-up(cloth)', 'dry(hand)', 'put-down(cloth)']"
P35_104,other,260,262,"['pick-up(lid)', 'close(container)', 'pick-up(container)']"
P35_104,stirring,290,292,"['pick-up(spoon)', 'stir(pasta)', 'put-down(spoon)']"
P35_104,object_transfer,305,307,"['pick-up(plate)', 'drain(plate)', 'put-down(plate)']"
P35_104,object_transfer,306,308,"['drain(plate)', 'put-down(plate)', 'pick-up(plate)']"
P35_104,object_transfer,307,309,"['put-down(plate)', 'pick-up(plate)', 'drain(plate)']"
P35_104,object_transfer,308,310,"['pick-up(plate)', 'drain(plate)', 'put-down(plate)']"
P35_104,object_transfer,309,311,"['drain(plate)', 'put-down(plate)', 'pick-up(plate)']"
P35_104,object_transfer,310,312,"['put-down(plate)', 'pick-up(plate)', 'drain(plate)']"
P35_104,object_transfer,311,313,"['pick-up(plate)', 'drain(plate)', 'put-down(plate)']"
P35_104,object_transfer,315,317,"['pick-up(plate)', 'drain(plate)', 'put-down(plate)']"
P35_104,object_transfer,316,318,"['drain(plate)', 'put-down(plate)', 'pick-up(plate)']"
P35_104,object_transfer,317,319,"['put-down(plate)', 'pick-up(plate)', 'drain(plate)']"
P35_104,object_transfer,318,320,"['pick-up(plate)', 'drain(plate)', 'put-down(plate)']"
P35_104,object_transfer,319,321,"['drain(plate)', 'put-down(plate)', 'pick-up(plate)']"
P35_104,object_transfer,320,322,"['put-down(plate)', 'pick-up(plate)', 'drain(plate)']"
P35_104,object_transfer,321,323,"['pick-up(plate)', 'drain(plate)', 'put-down(plate)']"
P35_104,object_transfer,322,324,"['drain(plate)', 'put-down(plate)', 'pick-up(plate)']"
P35_104,object_transfer,323,325,"['put-down(plate)', 'pick-up(plate)', 'drain(plate)']"
P35_104,object_transfer,324,326,"['pick-up(plate)', 'drain(plate)', 'put-down(plate)']"
P35_104,object_transfer,325,327,"['drain(plate)', 'put-down(plate)', 'pick-up(plate)']"
P35_104,object_transfer,326,328,"['put-down(plate)', 'pick-up(plate)', 'drain(plate)']"
P35_104,object_transfer,327,329,"['pick-up(plate)', 'drain(plate)', 'put-down(plate)']"
P35_104,object_transfer,331,333,"['pick-up(glass)', 'put-down(glass)', 'pick-up(glass)']"
P35_104,object_transfer,332,334,"['put-down(glass)', 'pick-up(glass)', 'drain(glass)']"
P35_104,object_transfer,333,335,"['pick-up(glass)', 'drain(glass)', 'put-down(glass)']"
P35_104,object_transfer,334,336,"['drain(glass)', 'put-down(glass)', 'pick-up(glass)']"
P35_104,object_transfer,335,337,"['put-down(glass)', 'pick-up(glass)', 'drain(glass)']"
P35_104,object_transfer,336,338,"['pick-up(glass)', 'drain(glass)', 'put-down(glass)']"
P35_104,object_transfer,337,339,"['drain(glass)', 'put-down(glass)', 'pick-up(glass)']"
P35_104,object_transfer,338,340,"['put-down(glass)', 'pick-up(glass)', 'drain(glass)']"
P35_104,object_transfer,339,341,"['pick-up(glass)', 'drain(glass)', 'put-down(glass)']"
P35_104,object_transfer,342,344,"['pick-up(container)', 'drain(container)', 'put-down(container)']"
P35_104,container_usage,368,370,"['open(fridge)', 'put-down(bottle)', 'close(fridge)']"
P35_104,washing,374,376,"['pick-up(glass)', 'rinse(glass)', 'put-down(glass)']"
P35_104,washing,375,377,"['rinse(glass)', 'put-down(glass)', 'pick-up(glass)']"
P35_104,washing,376,378,"['put-down(glass)', 'pick-up(glass)', 'wash(glass)']"
P35_104,washing,377,379,"['pick-up(glass)', 'wash(glass)', 'put-down(glass)']"
P35_104,washing,387,389,"['rinse(hand)', 'turn-off(tap)', 'dry(hand)']"
P35_104,stirring,390,392,"['pick-up(spoon)', 'stir(pasta)', 'put-down(spoon)']"
P35_104,washing,402,404,"['rinse(sponge)', 'turn-off(tap)', 'pick-up(soap)']"
P35_104,washing,403,405,"['turn-off(tap)', 'pick-up(soap)', 'pour(liquid:washing:up)']"
P35_104,washing,404,406,"['pick-up(soap)', 'pour(liquid:washing:up)', 'put-down(liquid:washing:up)']"
P35_104,other,407,409,"['pick-up(glass)', 'lather(glass)', 'pick-up(glass)']"
P35_104,other,408,410,"['lather(glass)', 'pick-up(glass)', 'lather(glass)']"
P35_104,washing,415,417,"['put-down(sponge)', 'turn-on(tap)', 'rinse(hand)']"
P35_104,washing,422,424,"['rinse(glass)', 'put-down(glass)', 'rinse(glass)']"
P35_104,washing,423,425,"['put-down(glass)', 'rinse(glass)', 'put-down(glass)']"
P35_104,washing,428,430,"['rinse(pan)', 'turn-off(tap)', 'put-down(pan)']"
P35_104,object_transfer,463,465,"['pick-up(container)', 'drain(container)', 'put-down(container)']"
P35_104,object_transfer,466,468,"['pick-up(glass)', 'drain(glass)', 'put-down(glass)']"
P35_104,object_transfer,467,469,"['drain(glass)', 'put-down(glass)', 'pick-up(glass)']"
P35_104,object_transfer,468,470,"['put-down(glass)', 'pick-up(glass)', 'drain(glass)']"
P35_104,object_transfer,469,471,"['pick-up(glass)', 'drain(glass)', 'put-down(glass)']"
P35_104,object_transfer,481,483,"['pick-up(cloth)', 'dry(hand)', 'put-down(cloth)']"
P35_104,object_transfer,482,484,"['dry(hand)', 'put-down(cloth)', 'open(drawer)']"
P35_104,container_usage,484,486,"['open(drawer)', 'pick-up(spoon)', 'close(drawer)']"
P35_104,object_transfer,522,524,"['pick-up(container)', 'pick-up(container)', 'put-down(container)']"
P35_104,other,533,535,"['pick-up(pasta)', 'pour(pasta)', 'pick-up(pasta)']"
P35_104,other,534,536,"['pour(pasta)', 'pick-up(pasta)', 'pour(pasta)']"
P35_104,other,535,537,"['pick-up(pasta)', 'pour(pasta)', 'pick-up(pasta)']"
P35_104,other,536,538,"['pour(pasta)', 'pick-up(pasta)', 'pour(pasta)']"
P35_104,other,537,539,"['pick-up(pasta)', 'pour(pasta)', 'pick-up(pasta)']"
P35_104,other,538,540,"['pour(pasta)', 'pick-up(pasta)', 'pour(pasta)']"
P35_104,other,539,541,"['pick-up(pasta)', 'pour(pasta)', 'pick-up(pasta)']"
P35_104,other,540,542,"['pour(pasta)', 'pick-up(pasta)', 'pour(pasta)']"
P35_104,other,541,543,"['pick-up(pasta)', 'pour(pasta)', 'pick-up(pasta)']"
P35_104,other,542,544,"['pour(pasta)', 'pick-up(pasta)', 'pour(pasta)']"
P35_104,other,543,545,"['pick-up(pasta)', 'pour(pasta)', 'pick-up(pasta)']"
P35_104,other,544,546,"['pour(pasta)', 'pick-up(pasta)', 'pour(pasta)']"
P35_104,other,545,547,"['pick-up(pasta)', 'pour(pasta)', 'pick-up(pasta)']"
P35_104,other,546,548,"['pour(pasta)', 'pick-up(pasta)', 'pour(pasta)']"
P35_104,other,547,549,"['pick-up(pasta)', 'pour(pasta)', 'pick-up(pasta)']"
P35_104,other,548,550,"['pour(pasta)', 'pick-up(pasta)', 'pour(pasta)']"
P35_104,other,549,551,"['pick-up(pasta)', 'pour(pasta)', 'pick-up(pasta)']"
P35_104,other,550,552,"['pour(pasta)', 'pick-up(pasta)', 'pour(pasta)']"
P35_104,other,551,553,"['pick-up(pasta)', 'pour(pasta)', 'pick-up(pasta)']"
P35_104,other,552,554,"['pour(pasta)', 'pick-up(pasta)', 'pour(pasta)']"
P35_104,other,553,555,"['pick-up(pasta)', 'pour(pasta)', 'pick-up(pasta)']"
P35_104,other,554,556,"['pour(pasta)', 'pick-up(pasta)', 'pour(pasta)']"
P35_104,other,555,557,"['pick-up(pasta)', 'pour(pasta)', 'pick-up(pasta)']"
P35_104,other,556,558,"['pour(pasta)', 'pick-up(pasta)', 'pour(pasta)']"
P35_104,washing,595,597,"['rinse(sponge)', 'turn-off(tap)', 'pick-up(soap)']"
P35_104,washing,596,598,"['turn-off(tap)', 'pick-up(soap)', 'pour(liquid:washing:up)']"
P35_104,washing,597,599,"['pick-up(soap)', 'pour(liquid:washing:up)', 'put-down(liquid:washing:up)']"
P35_104,washing,611,613,"['rinse(hand)', 'turn-off(tap)', 'pick-up(cloth)']"
P35_104,other,612,614,"['turn-off(tap)', 'pick-up(cloth)', 'dry(hand)']"
P35_104,object_transfer,613,615,"['pick-up(cloth)', 'dry(hand)', 'put-down(cloth)']"
P35_104,washing,625,627,"['pick-up(cloth)', 'turn-on(tap)', 'rinse(cloth)']"
P35_104,washing,626,628,"['turn-on(tap)', 'rinse(cloth)', 'turn-off(tap)']"
P35_104,washing,641,643,"['clean(top:counter)', 'turn-on(tap)', 'rinse(cloth)']"
P35_104,washing,642,644,"['turn-on(tap)', 'rinse(cloth)', 'turn-off(tap)']"
P35_104,washing,643,645,"['rinse(cloth)', 'turn-off(tap)', 'wring(cloth)']"
P35_104,object_transfer,647,649,"['pick-up(cloth)', 'dry(hand)', 'put-down(cloth)']"
P35_104,object_transfer,661,663,"['pick-up(meat)', 'put-down(meat)', 'pick-up(meat)']"
P35_104,object_transfer,662,664,"['put-down(meat)', 'pick-up(meat)', 'put-down(meat)']"
P35_104,object_transfer,663,665,"['pick-up(meat)', 'put-down(meat)', 'pick-up(meat)']"
P35_104,object_transfer,664,666,"['put-down(meat)', 'pick-up(meat)', 'put-down(meat)']"
P35_104,object_transfer,665,667,"['pick-up(meat)', 'put-down(meat)', 'pick-up(meat)']"
P35_104,object_transfer,666,668,"['put-down(meat)', 'pick-up(meat)', 'put-down(meat)']"
P35_104,object_transfer,667,669,"['pick-up(meat)', 'put-down(meat)', 'pick-up(meat)']"
P35_104,object_transfer,668,670,"['put-down(meat)', 'pick-up(meat)', 'put-down(meat)']"
P35_104,object_transfer,669,671,"['pick-up(meat)', 'put-down(meat)', 'pick-up(meat)']"
P35_104,object_transfer,670,672,"['put-down(meat)', 'pick-up(meat)', 'put-down(meat)']"
P35_104,object_transfer,671,673,"['pick-up(meat)', 'put-down(meat)', 'wrap(meat)']"
P35_104,object_transfer,672,674,"['put-down(meat)', 'wrap(meat)', 'move(meat)']"
P35_104,cutting,680,682,"['cut(film:cling)', 'pick-up(meat)', 'put-down(meat)']"
P35_104,object_transfer,681,683,"['pick-up(meat)', 'put-down(meat)', 'pick-up(meat)']"
P35_104,object_transfer,682,684,"['put-down(meat)', 'pick-up(meat)', 'put-down(meat)']"
P35_104,object_transfer,683,685,"['pick-up(meat)', 'put-down(meat)', 'wrap(meat)']"
P35_104,object_transfer,684,686,"['put-down(meat)', 'wrap(meat)', 'move(meat)']"
P35_104,object_transfer,687,689,"['pick-up(tissue)', 'dry(hand)', 'put-down(napkin)']"
P35_104,cutting,692,694,"['cut(film:cling)', 'pick-up(meat)', 'put-down(meat)']"
P35_104,object_transfer,693,695,"['pick-up(meat)', 'put-down(meat)', 'pick-up(meat)']"
P35_104,object_transfer,694,696,"['put-down(meat)', 'pick-up(meat)', 'put-down(meat)']"
P35_104,object_transfer,695,697,"['pick-up(meat)', 'put-down(meat)', 'wrap(meat)']"
P35_104,object_transfer,696,698,"['put-down(meat)', 'wrap(meat)', 'move(meat)']"
P35_104,object_transfer,699,701,"['pick-up(tissue)', 'dry(hand)', 'put-down(napkin)']"
P35_104,cutting,704,706,"['cut(film:cling)', 'pick-up(meat)', 'put-down(meat)']"
P35_104,object_transfer,705,707,"['pick-up(meat)', 'put-down(meat)', 'pick-up(meat)']"
P35_104,object_transfer,706,708,"['put-down(meat)', 'pick-up(meat)', 'put-down(meat)']"
P35_104,object_transfer,707,709,"['pick-up(meat)', 'put-down(meat)', 'wrap(meat)']"
P35_104,object_transfer,708,710,"['put-down(meat)', 'wrap(meat)', 'move(meat)']"
P35_104,object_transfer,711,713,"['pick-up(tissue)', 'dry(hand)', 'put-down(napkin)']"
P35_104,cutting,716,718,"['cut(film:cling)', 'pick-up(meat)', 'put-down(meat)']"
P35_104,object_transfer,719,721,"['put-down(meat)', 'wrap(meat)', 'move(meat)']"
P35_104,object_transfer,722,724,"['pick-up(tissue)', 'dry(hand)', 'put-down(napkin)']"
P35_104,cutting,727,729,"['cut(film:cling)', 'pick-up(meat)', 'put-down(meat)']"
P35_104,object_transfer,728,730,"['pick-up(meat)', 'put-down(meat)', 'wrap(meat)']"
P35_104,object_transfer,731,733,"['pick-up(tissue)', 'dry(hand)', 'put-down(napkin)']"
P35_104,washing,745,747,"['pick-up(soap)', 'pour(liquid:washing:up)', 'put-down(liquid:washing:up)']"
P35_104,washing,748,750,"['wash(hand)', 'rinse(hand)', 'turn-off(tap)']"
P35_104,washing,749,751,"['rinse(hand)', 'turn-off(tap)', 'pick-up(cloth)']"
P35_104,other,750,752,"['turn-off(tap)', 'pick-up(cloth)', 'dry(hand)']"
P35_104,other,761,763,"['pick-up(lid)', 'close(container)', 'pick-up(container)']"
P35_105,washing,46,48,"['rinse(hand)', 'pick-up(cloth)', 'rinse(cloth)']"
P35_105,washing,47,49,"['pick-up(cloth)', 'rinse(cloth)', 'turn-off(tap)']"
P35_105,washing,50,52,"['clean(top:counter)', 'turn-on(tap)', 'rinse(cloth)']"
P35_105,washing,51,53,"['turn-on(tap)', 'rinse(cloth)', 'turn-off(tap)']"
P35_105,washing,52,54,"['rinse(cloth)', 'turn-off(tap)', 'put-down(cloth)']"
P35_105,object_transfer,78,80,"['pick-up(meat)', 'put-down(meat)', 'pick-up(meat)']"
P35_105,object_transfer,79,81,"['put-down(meat)', 'pick-up(meat)', 'put-down(meat)']"
P35_105,object_transfer,80,82,"['pick-up(meat)', 'put-down(meat)', 'pick-up(meat)']"
P35_105,object_transfer,81,83,"['put-down(meat)', 'pick-up(meat)', 'put-down(meat)']"
P35_105,object_transfer,82,84,"['pick-up(meat)', 'put-down(meat)', 'pick-up(meat)']"
P35_105,object_transfer,83,85,"['put-down(meat)', 'pick-up(meat)', 'put-down(meat)']"
P35_105,washing,88,90,"['turn-on(tap)', 'rinse(hand)', 'turn-off(tap)']"
P35_105,washing,89,91,"['rinse(hand)', 'turn-off(tap)', 'dry(hand)']"
P35_105,washing,112,114,"['rinse(cloth)', 'turn-off(tap)', 'put-down(cloth)']"
P35_105,other,122,124,"['flip(meat)', 'flip(meat)', 'flip(meat)']"
P35_105,container_usage,128,130,"['open(cupboard)', 'pick-up(plate)', 'close(cupboard)']"
P35_105,object_transfer,129,131,"['pick-up(plate)', 'close(cupboard)', 'put-down(plate)']"
P35_105,washing,155,157,"['turn-on(tap)', 'rinse(hand)', 'turn-off(tap)']"
P35_105,washing,156,158,"['rinse(hand)', 'turn-off(tap)', 'dry(hand)']"
P35_105,container_usage,186,188,"['open(cupboard)', 'pick-up(plate)', 'close(cupboard)']"
P35_105,object_transfer,187,189,"['pick-up(plate)', 'close(cupboard)', 'put-down(plate)']"
P35_105,washing,250,252,"['rinse(knife)', 'put-down(knife)', 'turn-off(tap)']"
P35_105,stirring,257,259,"['stir(mushroom)', 'adjust(hob)', 'stir(mushroom)']"
P35_105,stirring,258,260,"['adjust(hob)', 'stir(mushroom)', 'put-down(spoon)']"
P35_105,washing,265,267,"['turn-on(tap)', 'rinse(hand)', 'turn-off(tap)']"
P35_105,washing,266,268,"['rinse(hand)', 'turn-off(tap)', 'dry(hand)']"
P35_105,stirring,270,272,"['stir(mushroom)', 'adjust(hob)', 'stir(mushroom)']"
P35_105,stirring,271,273,"['adjust(hob)', 'stir(mushroom)', 'put-down(spoon)']"
P35_105,other,275,277,"['pick-up(oil)', 'open(oil)', 'pour(oil)']"
P35_105,container_usage,276,278,"['open(oil)', 'pour(oil)', 'close(bottle:oil)']"
P35_105,object_transfer,277,279,"['pour(oil)', 'close(bottle:oil)', 'put-down(oil)']"
P35_105,stirring,282,284,"['stir(mushroom)', 'adjust(hob)', 'stir(mushroom)']"
P35_105,stirring,283,285,"['adjust(hob)', 'stir(mushroom)', 'put-down(spoon)']"
P35_105,stirring,287,289,"['pick-up(spoon)', 'stir(mushroom)', 'put-down(spoon)']"
P35_105,stirring,299,301,"['pick-up(spoon)', 'stir(mushroom)', 'put-down(spoon)']"
P35_105,stirring,344,346,"['stir(mushroom)', 'adjust(hob)', 'stir(mushroom)']"
P35_105,stirring,345,347,"['adjust(hob)', 'stir(mushroom)', 'put-down(spoon)']"
P35_105,other,349,351,"['pour(salt)', 'pick-up(salt)', 'pour(salt)']"
P35_105,stirring,352,354,"['pick-up(spoon)', 'stir(mushroom)', 'put-down(spoon)']"
P35_105,stirring,355,357,"['pick-up(spoon)', 'stir(mushroom)', 'put-down(spoon)']"
P35_105,stirring,372,374,"['pick-up(spoon)', 'stir(mushroom)', 'put-down(spoon)']"
P35_105,stirring,397,399,"['stir(mushroom)', 'adjust(hob)', 'stir(mushroom)']"
P35_105,stirring,398,400,"['adjust(hob)', 'stir(mushroom)', 'put-down(spoon)']"
P35_105,stirring,403,405,"['pick-up(spoon)', 'stir(mushroom)', 'put-down(spoon)']"
P35_105,other,416,418,"['pour(mushroom)', 'pour(mushroom)', 'pour(mushroom)']"
P35_105,other,417,419,"['pour(mushroom)', 'pour(mushroom)', 'pour(mushroom)']"
P35_105,other,418,420,"['pour(mushroom)', 'pour(mushroom)', 'pour(mushroom)']"
P35_105,other,419,421,"['pour(mushroom)', 'pour(mushroom)', 'pour(mushroom)']"
P35_105,other,420,422,"['pour(mushroom)', 'pour(mushroom)', 'pour(mushroom)']"
P35_107,washing,37,39,"['pick-up(glass)', 'wash(glass)', 'put-down(glass)']"
P35_107,washing,41,43,"['pick-up(glass)', 'wash(glass)', 'put-down(glass)']"
P35_107,washing,51,53,"['wash(plate)', 'put-down(plate)', 'wash(plate)']"
P35_107,washing,52,54,"['put-down(plate)', 'wash(plate)', 'put-down(plate)']"
P35_107,washing,55,57,"['wash(fork)', 'put-down(fork)', 'wash(knife)']"
P35_107,washing,56,58,"['put-down(fork)', 'wash(knife)', 'put-down(knife)']"
P35_107,washing,70,72,"['wash(fork)', 'put-down(fork)', 'wash(knife)']"
P35_107,washing,71,73,"['put-down(fork)', 'wash(knife)', 'put-down(knife)']"
P35_107,object_transfer,83,85,"['pick-up(plate)', 'lather(plate)', 'put-down(plate)']"
P35_107,object_transfer,84,86,"['lather(plate)', 'put-down(plate)', 'pick-up(plate)']"
P35_107,object_transfer,85,87,"['put-down(plate)', 'pick-up(plate)', 'lather(plate)']"
P35_107,object_transfer,86,88,"['pick-up(plate)', 'lather(plate)', 'put-down(plate)']"
P35_107,object_transfer,87,89,"['lather(plate)', 'put-down(plate)', 'pick-up(plate)']"
P35_107,object_transfer,88,90,"['put-down(plate)', 'pick-up(plate)', 'lather(plate)']"
P35_107,object_transfer,89,91,"['pick-up(plate)', 'lather(plate)', 'put-down(plate)']"
P35_107,object_transfer,92,94,"['pick-up(knife)', 'lather(knife)', 'put-down(knife)']"
P35_107,object_transfer,93,95,"['lather(knife)', 'put-down(knife)', 'take(fork)']"
P35_107,object_transfer,94,96,"['put-down(knife)', 'take(fork)', 'lather(fork)']"
P35_107,object_transfer,95,97,"['take(fork)', 'lather(fork)', 'put-down(fork)']"
P35_107,object_transfer,98,100,"['take(fork)', 'lather(fork)', 'put-down(fork)']"
P35_107,object_transfer,101,103,"['pick-up(spoon)', 'lather(spoon)', 'put-down(spoon)']"
P35_107,object_transfer,107,109,"['pick-up(spoon)', 'lather(spoon)', 'put-down(spoon)']"
P35_107,object_transfer,110,112,"['pick-up(knife)', 'lather(knife)', 'put-down(knife)']"
P35_107,washing,113,115,"['turn-on(tap)', 'rinse(sponge)', 'turn-off(tap)']"
P35_107,washing,114,116,"['rinse(sponge)', 'turn-off(tap)', 'pick-up(soap)']"
P35_107,washing,115,117,"['turn-off(tap)', 'pick-up(soap)', 'pour(liquid:washing:up)']"
P35_107,washing,116,118,"['pick-up(soap)', 'pour(liquid:washing:up)', 'put-down(liquid:washing:up)']"
P35_107,object_transfer,119,121,"['take(fork)', 'lather(fork)', 'put-down(fork)']"
P35_107,object_transfer,125,127,"['pick-up(glass)', 'lather(glass)', 'put-down(glass)']"
P35_107,object_transfer,126,128,"['lather(glass)', 'put-down(glass)', 'pick-up(glass)']"
P35_107,object_transfer,127,129,"['put-down(glass)', 'pick-up(glass)', 'lather(glass)']"
P35_107,object_transfer,128,130,"['pick-up(glass)', 'lather(glass)', 'put-down(glass)']"
P35_107,washing,131,133,"['put-down(sponge)', 'turn-on(tap)', 'rinse(hand)']"
P35_107,washing,132,134,"['turn-on(tap)', 'rinse(hand)', 'turn-off(tap)']"
P35_107,washing,133,135,"['rinse(hand)', 'turn-off(tap)', 'pick-up(cloth)']"
P35_107,other,134,136,"['turn-off(tap)', 'pick-up(cloth)', 'dry(hand)']"
P35_107,object_transfer,135,137,"['pick-up(cloth)', 'dry(hand)', 'put-down(cloth)']"
P35_107,washing,161,163,"['turn-on(tap)', 'rinse(glass)', 'put-down(glass)']"
P35_107,washing,162,164,"['rinse(glass)', 'put-down(glass)', 'rinse(glass)']"
P35_107,washing,163,165,"['put-down(glass)', 'rinse(glass)', 'put-down(glass)']"
P35_107,washing,170,172,"['rinse(plate)', 'put-down(plate)', 'rinse(plate)']"
P35_107,washing,171,173,"['put-down(plate)', 'rinse(plate)', 'put-down(plate)']"
P35_107,washing,172,174,"['rinse(plate)', 'put-down(plate)', 'rinse(plate)']"
P35_107,washing,173,175,"['put-down(plate)', 'rinse(plate)', 'put-down(plate)']"
P35_107,washing,182,184,"['rinse(hand)', 'turn-off(tap)', 'pick-up(cloth)']"
P35_107,other,183,185,"['turn-off(tap)', 'pick-up(cloth)', 'dry(hand)']"
P35_107,object_transfer,189,191,"['pick-up(container)', 'drain(container)', 'put-down(container)']"
P35_107,object_transfer,192,194,"['pick-up(plate)', 'drain(plate)', 'put-down(plate)']"
P35_107,object_transfer,193,195,"['drain(plate)', 'put-down(plate)', 'pick-up(plate)']"
P35_107,object_transfer,194,196,"['put-down(plate)', 'pick-up(plate)', 'drain(plate)']"
P35_107,object_transfer,195,197,"['pick-up(plate)', 'drain(plate)', 'put-down(plate)']"
P35_107,object_transfer,196,198,"['drain(plate)', 'put-down(plate)', 'pick-up(plate)']"
P35_107,object_transfer,197,199,"['put-down(plate)', 'pick-up(plate)', 'drain(plate)']"
P35_107,object_transfer,198,200,"['pick-up(plate)', 'drain(plate)', 'put-down(plate)']"
P35_107,object_transfer,205,207,"['pick-up(glass)', 'drain(glass)', 'put-down(glass)']"
P35_107,object_transfer,206,208,"['drain(glass)', 'put-down(glass)', 'pick-up(glass)']"
P35_107,object_transfer,207,209,"['put-down(glass)', 'pick-up(glass)', 'drain(glass)']"
P35_107,object_transfer,208,210,"['pick-up(glass)', 'drain(glass)', 'put-down(glass)']"
P35_107,washing,227,229,"['rinse(pan)', 'turn-off(tap)', 'put-down(pan)']"
P35_107,washing,249,251,"['turn-on(tap)', 'rinse(cloth)', 'turn-off(tap)']"
P35_107,washing,255,257,"['turn-on(tap)', 'rinse(cloth)', 'turn-off(tap)']"
P35_107,washing,258,260,"['clean(top:counter)', 'turn-on(tap)', 'rinse(cloth)']"
P35_107,washing,259,261,"['turn-on(tap)', 'rinse(cloth)', 'turn-off(tap)']"
P35_107,washing,270,272,"['pick-up(soap)', 'pour(liquid:washing:up)', 'put-down(liquid:washing:up)']"
P35_107,washing,275,277,"['turn-on(tap)', 'rinse(cloth)', 'turn-off(tap)']"
P35_107,washing,276,278,"['rinse(cloth)', 'turn-off(tap)', 'wash(sink)']"
P35_107,object_transfer,280,282,"['pick-up(cloth)', 'dry(hand)', 'put-down(cloth)']"
P35_107,washing,291,293,"['turn-on(tap)', 'rinse(sponge)', 'turn-off(tap)']"
P35_107,washing,292,294,"['rinse(sponge)', 'turn-off(tap)', 'clean(hob)']"
P35_107,other,293,295,"['turn-off(tap)', 'clean(hob)', 'turn-on(tap)']"
P35_107,washing,294,296,"['clean(hob)', 'turn-on(tap)', 'rinse(sponge)']"
P35_107,washing,295,297,"['turn-on(tap)', 'rinse(sponge)', 'turn-off(tap)']"
P35_107,washing,296,298,"['rinse(sponge)', 'turn-off(tap)', 'clean(hob)']"
P35_107,other,297,299,"['turn-off(tap)', 'clean(hob)', 'turn-on(tap)']"
P35_107,washing,298,300,"['clean(hob)', 'turn-on(tap)', 'rinse(sponge)']"
P35_107,washing,299,301,"['turn-on(tap)', 'rinse(sponge)', 'turn-off(tap)']"
P35_107,washing,300,302,"['rinse(sponge)', 'turn-off(tap)', 'clean(hob)']"
P35_107,other,301,303,"['turn-off(tap)', 'clean(hob)', 'turn-on(tap)']"
P35_107,washing,302,304,"['clean(hob)', 'turn-on(tap)', 'rinse(sponge)']"
P35_107,washing,303,305,"['turn-on(tap)', 'rinse(sponge)', 'turn-off(tap)']"
P35_107,washing,304,306,"['rinse(sponge)', 'turn-off(tap)', 'clean(hob)']"
P35_107,other,305,307,"['turn-off(tap)', 'clean(hob)', 'turn-on(tap)']"
P35_107,washing,306,308,"['clean(hob)', 'turn-on(tap)', 'rinse(sponge)']"
P35_107,washing,307,309,"['turn-on(tap)', 'rinse(sponge)', 'turn-off(tap)']"
P35_107,washing,308,310,"['rinse(sponge)', 'turn-off(tap)', 'pick-up(soap)']"
P35_107,washing,309,311,"['turn-off(tap)', 'pick-up(soap)', 'pour(liquid:washing:up)']"
P35_107,washing,310,312,"['pick-up(soap)', 'pour(liquid:washing:up)', 'put-down(liquid:washing:up)']"
P35_107,washing,313,315,"['clean(hob)', 'turn-on(tap)', 'rinse(sponge)']"
P35_107,washing,314,316,"['turn-on(tap)', 'rinse(sponge)', 'turn-off(tap)']"
P35_107,washing,315,317,"['rinse(sponge)', 'turn-off(tap)', 'clean(hob)']"
P35_107,other,316,318,"['turn-off(tap)', 'clean(hob)', 'turn-on(tap)']"
P35_107,washing,317,319,"['clean(hob)', 'turn-on(tap)', 'rinse(sponge)']"
P35_107,washing,318,320,"['turn-on(tap)', 'rinse(sponge)', 'turn-off(tap)']"
P35_107,washing,319,321,"['rinse(sponge)', 'turn-off(tap)', 'clean(hob)']"
P35_107,other,320,322,"['turn-off(tap)', 'clean(hob)', 'turn-on(tap)']"
P35_107,washing,321,323,"['clean(hob)', 'turn-on(tap)', 'rinse(sponge)']"
P35_107,washing,322,324,"['turn-on(tap)', 'rinse(sponge)', 'turn-off(tap)']"
P35_107,washing,323,325,"['rinse(sponge)', 'turn-off(tap)', 'clean(hob)']"
P35_107,other,324,326,"['turn-off(tap)', 'clean(hob)', 'turn-on(tap)']"
P35_107,washing,325,327,"['clean(hob)', 'turn-on(tap)', 'rinse(sponge)']"
P35_107,washing,326,328,"['turn-on(tap)', 'rinse(sponge)', 'turn-off(tap)']"
P35_107,object_transfer,330,332,"['pick-up(cloth)', 'dry(hand)', 'put-down(cloth)']"
P35_108,object_transfer,0,2,"['pick-up(glass)', 'pick-up(glass)', 'put-down(glass)']"
P35_108,object_transfer,19,21,"['pick-up(bottle)', 'pick-up(bottle)', 'put-down(bottle)']"
P35_108,container_usage,22,24,"['open(fridge)', 'put-down(bottle)', 'close(fridge)']"
P35_108,other,28,30,"['pick-up(lid)', 'close(container)', 'pick-up(container)']"
P35_108,object_transfer,50,52,"['pick-up(glass)', 'open(cupboard)', 'put-down(glass)']"
P35_108,object_transfer,68,70,"['pick-up(pan)', 'put-down(pan)', 'turn-on(tap)']"
P35_108,washing,100,102,"['pick-up(plate)', 'wash(plate)', 'pick-up(plate)']"
P35_108,washing,101,103,"['wash(plate)', 'pick-up(plate)', 'wash(plate)']"
P35_108,washing,102,104,"['pick-up(plate)', 'wash(plate)', 'pick-up(plate)']"
P35_108,washing,103,105,"['wash(plate)', 'pick-up(plate)', 'wash(plate)']"
P35_108,washing,107,109,"['pick-up(plate)', 'wash(plate)', 'pick-up(plate)']"
P35_108,washing,108,110,"['wash(plate)', 'pick-up(plate)', 'wash(plate)']"
P35_108,washing,109,111,"['pick-up(plate)', 'wash(plate)', 'pick-up(plate)']"
P35_108,washing,110,112,"['wash(plate)', 'pick-up(plate)', 'wash(plate)']"
P35_108,washing,111,113,"['pick-up(plate)', 'wash(plate)', 'pick-up(plate)']"
P35_108,washing,112,114,"['wash(plate)', 'pick-up(plate)', 'wash(plate)']"
P35_108,washing,113,115,"['pick-up(plate)', 'wash(plate)', 'pick-up(plate)']"
P35_108,washing,114,116,"['wash(plate)', 'pick-up(plate)', 'wash(plate)']"
P35_108,washing,121,123,"['pick-up(glass)', 'wash(glass)', 'put-down(glass)']"
P35_108,object_transfer,165,167,"['pick-up(glass)', 'put-down(glass)', 'pick-up(glass)']"
P35_108,object_transfer,166,168,"['put-down(glass)', 'pick-up(glass)', 'put-down(glass)']"
P35_108,washing,176,178,"['pick-up(sponge)', 'turn-on(tap)', 'rinse(sponge)']"
P35_108,washing,185,187,"['pick-up(soap)', 'pour(liquid:washing:up)', 'put-down(liquid:washing:up)']"
P35_108,other,192,194,"['pick-up(glass)', 'lather(glass)', 'pick-up(glass)']"
P35_108,other,193,195,"['lather(glass)', 'pick-up(glass)', 'lather(glass)']"
P35_108,other,194,196,"['pick-up(glass)', 'lather(glass)', 'pick-up(glass)']"
P35_108,other,195,197,"['lather(glass)', 'pick-up(glass)', 'lather(glass)']"
P35_108,washing,226,228,"['turn-on(tap)', 'rinse(sponge)', 'turn-off(tap)']"
P35_108,washing,267,269,"['rinse(glass)', 'put-down(glass)', 'rinse(glass)']"
P35_108,washing,268,270,"['put-down(glass)', 'rinse(glass)', 'put-down(glass)']"
P35_108,washing,269,271,"['rinse(glass)', 'put-down(glass)', 'rinse(glass)']"
P35_108,washing,270,272,"['put-down(glass)', 'rinse(glass)', 'put-down(glass)']"
P35_108,washing,271,273,"['rinse(glass)', 'put-down(glass)', 'rinse(glass)']"
P35_108,washing,272,274,"['put-down(glass)', 'rinse(glass)', 'put-down(glass)']"
P35_108,washing,285,287,"['rinse(cutlery)', 'put-down(cutlery)', 'rinse(cutlery)']"
P35_108,object_transfer,290,292,"['pick-up(cloth)', 'dry(hand)', 'put-down(cloth)']"
P35_108,object_transfer,306,308,"['pick-up(glass)', 'drain(glass)', 'put-down(glass)']"
P35_108,object_transfer,307,309,"['drain(glass)', 'put-down(glass)', 'pick-up(glass)']"
P35_108,object_transfer,308,310,"['put-down(glass)', 'pick-up(glass)', 'drain(glass)']"
P35_108,object_transfer,309,311,"['pick-up(glass)', 'drain(glass)', 'put-down(glass)']"
P35_108,object_transfer,310,312,"['drain(glass)', 'put-down(glass)', 'pick-up(glass)']"
P35_108,object_transfer,311,313,"['put-down(glass)', 'pick-up(glass)', 'drain(glass)']"
P35_108,object_transfer,312,314,"['pick-up(glass)', 'drain(glass)', 'put-down(glass)']"
P35_108,object_transfer,313,315,"['drain(glass)', 'put-down(glass)', 'pick-up(glass)']"
P35_108,object_transfer,314,316,"['put-down(glass)', 'pick-up(glass)', 'drain(glass)']"
P35_108,object_transfer,315,317,"['pick-up(glass)', 'drain(glass)', 'put-down(glass)']"
P35_108,washing,348,350,"['rinse(hand)', 'pick-up(sponge)', 'rinse(sponge)']"
P35_108,washing,349,351,"['pick-up(sponge)', 'rinse(sponge)', 'turn-off(tap)']"
P35_108,washing,350,352,"['rinse(sponge)', 'turn-off(tap)', 'pick-up(soap)']"
P35_108,washing,351,353,"['turn-off(tap)', 'pick-up(soap)', 'pour(liquid:washing:up)']"
P35_108,washing,352,354,"['pick-up(soap)', 'pour(liquid:washing:up)', 'put-down(liquid:washing:up)']"
P35_108,washing,379,381,"['put-down(sponge)', 'turn-on(tap)', 'rinse(hand)']"
P35_108,washing,390,392,"['rinse(plate)', 'put-down(plate)', 'rinse(plate)']"
P35_108,washing,391,393,"['put-down(plate)', 'rinse(plate)', 'put-down(plate)']"
P35_108,washing,392,394,"['rinse(plate)', 'put-down(plate)', 'rinse(plate)']"
P35_108,washing,393,395,"['put-down(plate)', 'rinse(plate)', 'put-down(plate)']"
P35_108,washing,394,396,"['rinse(plate)', 'put-down(plate)', 'rinse(plate)']"
P35_108,washing,395,397,"['put-down(plate)', 'rinse(plate)', 'put-down(plate)']"
P35_108,washing,396,398,"['rinse(plate)', 'put-down(plate)', 'rinse(plate)']"
P35_108,washing,397,399,"['put-down(plate)', 'rinse(plate)', 'put-down(plate)']"
P35_108,washing,398,400,"['rinse(plate)', 'put-down(plate)', 'rinse(plate)']"
P35_108,washing,399,401,"['put-down(plate)', 'rinse(plate)', 'put-down(plate)']"
P35_108,washing,400,402,"['rinse(plate)', 'put-down(plate)', 'rinse(plate)']"
P35_108,washing,401,403,"['put-down(plate)', 'rinse(plate)', 'put-down(plate)']"
P35_108,washing,402,404,"['rinse(plate)', 'put-down(plate)', 'rinse(plate)']"
P35_108,washing,403,405,"['put-down(plate)', 'rinse(plate)', 'put-down(plate)']"
P35_108,other,406,408,"['turn-off(tap)', 'pick-up(cloth)', 'dry(hand)']"
P35_108,object_transfer,409,411,"['pick-up(plate)', 'drain(plate)', 'put-down(plate)']"
P35_108,object_transfer,410,412,"['drain(plate)', 'put-down(plate)', 'pick-up(plate)']"
P35_108,object_transfer,411,413,"['put-down(plate)', 'pick-up(plate)', 'drain(plate)']"
P35_108,object_transfer,412,414,"['pick-up(plate)', 'drain(plate)', 'put-down(plate)']"
P35_108,object_transfer,413,415,"['drain(plate)', 'put-down(plate)', 'pick-up(plate)']"
P35_108,object_transfer,414,416,"['put-down(plate)', 'pick-up(plate)', 'drain(plate)']"
P35_108,object_transfer,415,417,"['pick-up(plate)', 'drain(plate)', 'put-down(plate)']"
P35_108,object_transfer,416,418,"['drain(plate)', 'put-down(plate)', 'pick-up(plate)']"
P35_108,object_transfer,417,419,"['put-down(plate)', 'pick-up(plate)', 'drain(plate)']"
P35_108,object_transfer,418,420,"['pick-up(plate)', 'drain(plate)', 'put-down(plate)']"
P35_108,object_transfer,419,421,"['drain(plate)', 'put-down(plate)', 'pick-up(plate)']"
P35_108,object_transfer,420,422,"['put-down(plate)', 'pick-up(plate)', 'drain(plate)']"
P35_108,object_transfer,421,423,"['pick-up(plate)', 'drain(plate)', 'put-down(plate)']"
P35_108,object_transfer,422,424,"['drain(plate)', 'put-down(plate)', 'pick-up(plate)']"
P35_108,object_transfer,423,425,"['put-down(plate)', 'pick-up(plate)', 'drain(plate)']"
P35_108,object_transfer,424,426,"['pick-up(plate)', 'drain(plate)', 'put-down(plate)']"
P35_108,object_transfer,425,427,"['drain(plate)', 'put-down(plate)', 'pick-up(plate)']"
P35_108,object_transfer,426,428,"['put-down(plate)', 'pick-up(plate)', 'drain(plate)']"
P35_108,object_transfer,427,429,"['pick-up(plate)', 'drain(plate)', 'put-down(plate)']"
P35_108,object_transfer,428,430,"['drain(plate)', 'put-down(plate)', 'pick-up(plate)']"
P35_108,object_transfer,429,431,"['put-down(plate)', 'pick-up(plate)', 'drain(plate)']"
P35_108,object_transfer,430,432,"['pick-up(plate)', 'drain(plate)', 'put-down(plate)']"
P35_108,object_transfer,434,436,"['pick-up(container)', 'drain(container)', 'put-down(container)']"
P35_108,object_transfer,437,439,"['pick-up(container)', 'drain(container)', 'put-down(container)']"
P35_108,washing,453,455,"['pick-up(sponge)', 'rinse(sponge)', 'turn-off(tap)']"
P35_108,washing,454,456,"['rinse(sponge)', 'turn-off(tap)', 'pick-up(soap)']"
P35_108,washing,455,457,"['turn-off(tap)', 'pick-up(soap)', 'pour(liquid:washing:up)']"
P35_108,washing,456,458,"['pick-up(soap)', 'pour(liquid:washing:up)', 'put-down(liquid:washing:up)']"
P35_108,object_transfer,466,468,"['pick-up(pan)', 'put-down(pan)', 'turn-on(tap)']"
P35_108,washing,488,490,"['turn-on(tap)', 'rinse(hand)', 'pick-up(sponge)']"
P35_108,washing,489,491,"['rinse(hand)', 'pick-up(sponge)', 'rinse(sponge)']"
P35_108,washing,490,492,"['pick-up(sponge)', 'rinse(sponge)', 'turn-off(tap)']"
P35_108,washing,491,493,"['rinse(sponge)', 'turn-off(tap)', 'pick-up(soap)']"
P35_108,washing,492,494,"['turn-off(tap)', 'pick-up(soap)', 'pour(liquid:washing:up)']"
P35_108,washing,493,495,"['pick-up(soap)', 'pour(liquid:washing:up)', 'put-down(liquid:washing:up)']"
P35_108,washing,524,526,"['pick-up(sponge)', 'rinse(sponge)', 'turn-off(tap)']"
P35_108,washing,525,527,"['rinse(sponge)', 'turn-off(tap)', 'pick-up(soap)']"
P35_108,washing,526,528,"['turn-off(tap)', 'pick-up(soap)', 'pour(liquid:washing:up)']"
P35_108,washing,527,529,"['pick-up(soap)', 'pour(liquid:washing:up)', 'put-down(liquid:washing:up)']"
P35_108,washing,531,533,"['put-down(sponge)', 'turn-on(tap)', 'rinse(pan)']"
P35_108,washing,532,534,"['turn-on(tap)', 'rinse(pan)', 'turn-off(tap)']"
P35_108,washing,533,535,"['rinse(pan)', 'turn-off(tap)', 'put-down(pan)']"
P35_108,object_transfer,546,548,"['pick-up(container)', 'drain(container)', 'put-down(container)']"
P35_108,object_transfer,549,551,"['pick-up(container)', 'drain(container)', 'put-down(container)']"
P35_108,washing,561,563,"['turn-on(tap)', 'pick-up(sponge)', 'rinse(sponge)']"
P35_108,washing,566,568,"['rinse(cloth)', 'turn-off(tap)', 'wash(sink)']"
P35_108,washing,571,573,"['turn-on(tap)', 'rinse(cloth)', 'turn-off(tap)']"
P35_108,washing,572,574,"['rinse(cloth)', 'turn-off(tap)', 'wash(sink)']"
P35_108,washing,577,579,"['turn-on(tap)', 'rinse(cloth)', 'turn-off(tap)']"
P35_108,washing,580,582,"['clean(top:counter)', 'turn-on(tap)', 'rinse(cloth)']"
P35_108,washing,581,583,"['turn-on(tap)', 'rinse(cloth)', 'turn-off(tap)']"
P35_108,washing,586,588,"['clean(top:counter)', 'turn-on(tap)', 'rinse(cloth)']"
P35_108,washing,587,589,"['turn-on(tap)', 'rinse(cloth)', 'turn-off(tap)']"
P35_108,washing,588,590,"['rinse(cloth)', 'turn-off(tap)', 'put-down(cloth)']"
P35_108,other,597,599,"['turn-off(tap)', 'clean(hob)', 'turn-on(tap)']"
P35_108,washing,598,600,"['clean(hob)', 'turn-on(tap)', 'rinse(sponge)']"
P35_108,washing,599,601,"['turn-on(tap)', 'rinse(sponge)', 'turn-off(tap)']"
P35_108,washing,600,602,"['rinse(sponge)', 'turn-off(tap)', 'pick-up(soap)']"
P35_108,washing,601,603,"['turn-off(tap)', 'pick-up(soap)', 'pour(liquid:washing:up)']"
P35_108,washing,602,604,"['pick-up(soap)', 'pour(liquid:washing:up)', 'put-down(liquid:washing:up)']"
P35_108,washing,605,607,"['clean(hob)', 'turn-on(tap)', 'rinse(sponge)']"
P35_108,washing,606,608,"['turn-on(tap)', 'rinse(sponge)', 'turn-off(tap)']"
P35_108,washing,607,609,"['rinse(sponge)', 'turn-off(tap)', 'clean(hob)']"
P35_108,other,608,610,"['turn-off(tap)', 'clean(hob)', 'turn-on(tap)']"
P35_108,washing,609,611,"['clean(hob)', 'turn-on(tap)', 'rinse(sponge)']"
P35_108,washing,610,612,"['turn-on(tap)', 'rinse(sponge)', 'turn-off(tap)']"
P35_108,washing,611,613,"['rinse(sponge)', 'turn-off(tap)', 'clean(hob)']"
P35_108,other,612,614,"['turn-off(tap)', 'clean(hob)', 'turn-on(tap)']"
P35_108,washing,613,615,"['clean(hob)', 'turn-on(tap)', 'rinse(sponge)']"
P35_108,washing,614,616,"['turn-on(tap)', 'rinse(sponge)', 'turn-off(tap)']"
P35_108,washing,618,620,"['clean(hob)', 'turn-on(tap)', 'rinse(sponge)']"
P35_109,object_transfer,4,6,"['pick-up(container)', 'put-down(container)', 'pick-up(container)']"
P35_109,object_transfer,5,7,"['put-down(container)', 'pick-up(container)', 'put-down(container)']"
P35_109,object_transfer,6,8,"['pick-up(container)', 'put-down(container)', 'pick-up(container)']"
P35_109,object_transfer,15,17,"['pick-up(container)', 'pick-up(container)', 'put-down(container)']"
P35_109,object_transfer,19,21,"['pick-up(container)', 'pick-up(container)', 'put-down(container)']"
P35_109,object_transfer,20,22,"['pick-up(container)', 'put-down(container)', 'pick-up(container)']"
P35_109,object_transfer,21,23,"['put-down(container)', 'pick-up(container)', 'put-down(container)']"
P35_109,object_transfer,24,26,"['put-down(container)', 'pick-up(container)', 'put-down(container)']"
P35_109,other,29,31,"['pick-up(lid)', 'close(container)', 'pick-up(container)']"
P35_109,object_transfer,35,37,"['pick-up(plate)', 'put-down(plate)', 'pick-up(plate)']"
P35_109,object_transfer,36,38,"['put-down(plate)', 'pick-up(plate)', 'put-down(plate)']"
P35_109,object_transfer,37,39,"['pick-up(plate)', 'put-down(plate)', 'pick-up(plate)']"
P35_109,object_transfer,38,40,"['put-down(plate)', 'pick-up(plate)', 'put-down(plate)']"
P35_109,object_transfer,39,41,"['pick-up(plate)', 'put-down(plate)', 'pick-up(plate)']"
P35_109,object_transfer,40,42,"['put-down(plate)', 'pick-up(plate)', 'put-down(plate)']"
P35_109,object_transfer,41,43,"['pick-up(plate)', 'put-down(plate)', 'open(cupboard)']"
P35_109,object_transfer,43,45,"['open(cupboard)', 'pick-up(plate)', 'put-down(plate)']"
P35_109,object_transfer,44,46,"['pick-up(plate)', 'put-down(plate)', 'pick-up(plate)']"
P35_109,object_transfer,45,47,"['put-down(plate)', 'pick-up(plate)', 'put-down(plate)']"
P35_109,object_transfer,48,50,"['pick-up(glass)', 'pick-up(glass)', 'put-down(glass)']"
P35_109,object_transfer,49,51,"['pick-up(glass)', 'put-down(glass)', 'put-down(glass)']"
P35_109,container_usage,169,171,"['open(drawer)', 'pick-up(teaspoon)', 'close(drawer)']"
P35_109,washing,191,193,"['turn-on(tap)', 'rinse(cloth)', 'turn-off(tap)']"
P35_109,washing,192,194,"['rinse(cloth)', 'turn-off(tap)', 'put-down(cloth)']"
P35_109,washing,220,222,"['clean(top:counter)', 'turn-on(tap)', 'rinse(cloth)']"
P35_109,washing,221,223,"['turn-on(tap)', 'rinse(cloth)', 'put-down(cloth)']"
P35_109,washing,226,228,"['wash(glass)', 'put-down(glass)', 'wash(glass)']"
P35_109,washing,227,229,"['put-down(glass)', 'wash(glass)', 'put-down(glass)']"
P35_109,washing,236,238,"['pick-up(sponge)', 'rinse(sponge)', 'turn-off(tap)']"
P35_109,washing,237,239,"['rinse(sponge)', 'turn-off(tap)', 'pick-up(soap)']"
P35_109,washing,238,240,"['turn-off(tap)', 'pick-up(soap)', 'pour(liquid:washing:up)']"
P35_109,washing,239,241,"['pick-up(soap)', 'pour(liquid:washing:up)', 'put-down(liquid:washing:up)']"
P35_109,other,246,248,"['pick-up(glass)', 'lather(glass)', 'pick-up(glass)']"
P35_109,other,247,249,"['lather(glass)', 'pick-up(glass)', 'lather(glass)']"
P35_109,washing,252,254,"['put-down(sponge)', 'turn-on(tap)', 'rinse(hand)']"
P35_109,washing,255,257,"['rinse(glass)', 'put-down(glass)', 'rinse(glass)']"
P35_109,washing,256,258,"['put-down(glass)', 'rinse(glass)', 'put-down(glass)']"
P35_109,object_transfer,269,271,"['pick-up(glass)', 'drain(glass)', 'put-down(glass)']"
P35_109,object_transfer,275,277,"['pick-up(glass)', 'drain(glass)', 'put-down(glass)']"
P37_101,container_usage,27,29,"['open(drawer)', 'take(knife)', 'close(drawer)']"
P37_101,washing,30,32,"['turn-on(tap)', 'rinse(knife)', 'turn-off(tap)']"
P37_101,washing,38,40,"['take(thigh:chicken)', 'rinse(thigh:chicken)', 'put-in(thigh:chicken)']"
P37_101,washing,41,43,"['take(thigh:chicken)', 'rinse(thigh:chicken)', 'put-in(thigh:chicken)']"
P37_101,washing,50,52,"['take(thigh:chicken)', 'rinse(thigh:chicken)', 'put-in(thigh:chicken)']"
P37_101,washing,53,55,"['take(thigh:chicken)', 'rinse(thigh:chicken)', 'put-in(thigh:chicken)']"
P37_101,washing,56,58,"['take(thigh:chicken)', 'rinse(thigh:chicken)', 'put-in(thigh:chicken)']"
P37_101,other,76,78,"['turn-off(tap)', 'pour-into(water)', 'turn-on(tap)']"
P37_101,washing,83,85,"['turn-on(tap)', 'wash(hand)', 'turn-off(tap)']"
P37_101,washing,84,86,"['wash(hand)', 'turn-off(tap)', 'shake(hand)']"
P37_101,object_transfer,104,106,"['put(bottle)', 'take(bottle)', 'put(bottle)']"
P37_101,washing,108,110,"['turn-on(tap)', 'rinse(board:chopping)', 'turn-off(tap)']"
P37_101,washing,125,127,"['turn-on(tap)', 'rinse(knife)', 'turn-off(tap)']"
P37_101,washing,179,181,"['turn-on(tap)', 'rinse(bowl)', 'turn-off(tap)']"
P37_101,washing,183,185,"['turn-on(tap)', 'wash(hand)', 'turn-off(tap)']"
P37_101,other,186,188,"['smash(garlic)', 'peel(skin:garlic)', 'discard(skin:garlic)']"
P37_101,other,187,189,"['peel(skin:garlic)', 'discard(skin:garlic)', 'peel(skin:garlic)']"
P37_101,other,188,190,"['discard(skin:garlic)', 'peel(skin:garlic)', 'discard(skin:garlic)']"
P37_101,other,189,191,"['peel(skin:garlic)', 'discard(skin:garlic)', 'peel(skin:garlic)']"
P37_101,other,190,192,"['discard(skin:garlic)', 'peel(skin:garlic)', 'discard(skin:garlic)']"
P37_101,other,191,193,"['peel(skin:garlic)', 'discard(skin:garlic)', 'peel(skin:garlic)']"
P37_101,other,194,196,"['peel(skin:garlic)', 'discard(skin:garlic)', 'peel(skin:garlic)']"
P37_101,other,195,197,"['discard(skin:garlic)', 'peel(skin:garlic)', 'discard(skin:garlic)']"
P37_101,other,196,198,"['peel(skin:garlic)', 'discard(skin:garlic)', 'peel(skin:garlic)']"
P37_101,other,197,199,"['discard(skin:garlic)', 'peel(skin:garlic)', 'discard(skin:garlic)']"
P37_101,other,200,202,"['smash(garlic)', 'peel(skin:garlic)', 'discard(skin:garlic)']"
P37_101,other,201,203,"['peel(skin:garlic)', 'discard(skin:garlic)', 'peel(skin:garlic)']"
P37_101,other,202,204,"['discard(skin:garlic)', 'peel(skin:garlic)', 'discard(skin:garlic)']"
P37_101,other,203,205,"['peel(skin:garlic)', 'discard(skin:garlic)', 'peel(skin:garlic)']"
P37_101,other,204,206,"['discard(skin:garlic)', 'peel(skin:garlic)', 'discard(skin:garlic)']"
P37_101,other,210,212,"['smash(garlic)', 'peel(skin:garlic)', 'discard(skin:garlic)']"
P37_101,other,216,218,"['smash(garlic)', 'peel(skin:garlic)', 'discard(skin:garlic)']"
P37_101,other,217,219,"['peel(skin:garlic)', 'discard(skin:garlic)', 'peel(skin:garlic)']"
P37_101,other,218,220,"['discard(skin:garlic)', 'peel(skin:garlic)', 'discard(skin:garlic)']"
P37_101,other,221,223,"['smash(garlic)', 'peel(skin:garlic)', 'discard(skin:garlic)']"
P37_101,other,222,224,"['peel(skin:garlic)', 'discard(skin:garlic)', 'peel(skin:garlic)']"
P37_101,other,223,225,"['discard(skin:garlic)', 'peel(skin:garlic)', 'discard(skin:garlic)']"
P37_101,other,229,231,"['discard(skin:garlic)', 'peel(skin:garlic)', 'discard(skin:garlic)']"
P37_101,other,230,232,"['peel(skin:garlic)', 'discard(skin:garlic)', 'peel(skin:garlic)']"
P37_101,other,231,233,"['discard(skin:garlic)', 'peel(skin:garlic)', 'discard(skin:garlic)']"
P37_101,other,232,234,"['peel(skin:garlic)', 'discard(skin:garlic)', 'peel(skin:garlic)']"
P37_101,other,233,235,"['discard(skin:garlic)', 'peel(skin:garlic)', 'discard(skin:garlic)']"
P37_101,other,234,236,"['peel(skin:garlic)', 'discard(skin:garlic)', 'peel(skin:garlic)']"
P37_101,other,235,237,"['discard(skin:garlic)', 'peel(skin:garlic)', 'discard(skin:garlic)']"
P37_101,other,236,238,"['peel(skin:garlic)', 'discard(skin:garlic)', 'peel(skin:garlic)']"
P37_101,other,237,239,"['discard(skin:garlic)', 'peel(skin:garlic)', 'discard(skin:garlic)']"
P37_101,other,238,240,"['peel(skin:garlic)', 'discard(skin:garlic)', 'peel(skin:garlic)']"
P37_101,other,239,241,"['discard(skin:garlic)', 'peel(skin:garlic)', 'discard(skin:garlic)']"
P37_101,other,240,242,"['peel(skin:garlic)', 'discard(skin:garlic)', 'peel(skin:garlic)']"
P37_101,other,241,243,"['discard(skin:garlic)', 'peel(skin:garlic)', 'discard(skin:garlic)']"
P37_101,washing,321,323,"['turn-on(tap)', 'wash(hand)', 'turn-off(tap)']"
P37_101,washing,322,324,"['wash(hand)', 'turn-off(tap)', 'shake(hand)']"
P37_101,washing,339,341,"['turn-on(tap)', 'rinse(bowl)', 'turn-off(tap)']"
P37_101,washing,366,368,"['turn-on(tap)', 'rinse(bowl)', 'turn-off(tap)']"
P37_101,washing,374,376,"['turn-on(tap)', 'wash(hand)', 'turn-off(tap)']"
P37_101,washing,375,377,"['wash(hand)', 'turn-off(tap)', 'shake(hand)']"
P37_102,cutting,41,43,"['put-in(carrot)', 'put-in(carrot)', 'cut(carrot)']"
P37_102,cutting,44,46,"['put-in(carrot)', 'put-in(carrot)', 'cut(carrot)']"
P37_102,cutting,47,49,"['put-in(carrot)', 'put-in(carrot)', 'cut(carrot)']"
P37_102,cutting,50,52,"['put-in(carrot)', 'put-in(carrot)', 'cut(carrot)']"
P37_102,cutting,63,65,"['cut-into(carrot)', 'take(carrot)', 'put-in(carrot)']"
P37_102,cutting,86,88,"['cut-into(carrot)', 'take(carrot)', 'put-in(carrot)']"
P37_102,cutting,89,91,"['cut-into(carrot)', 'take(carrot)', 'put-in(carrot)']"
P37_102,cutting,92,94,"['cut-into(carrot)', 'take(carrot)', 'put-in(carrot)']"
P37_102,cutting,95,97,"['cut-into(carrot)', 'take(carrot)', 'put-in(carrot)']"
P37_102,cutting,109,111,"['put-in(carrot)', 'put-in(carrot)', 'cut(carrot)']"
P37_102,cutting,139,141,"['cut(carrot)', 'cut(carrot)', 'cut(carrot)']"
P37_102,cutting,140,142,"['cut(carrot)', 'cut(carrot)', 'cut(carrot)']"
P37_103,other,0,2,"['take(thigh:chicken)', 'debone(thigh:chicken)', 'debone(thigh:chicken)']"
P37_103,other,1,3,"['debone(thigh:chicken)', 'debone(thigh:chicken)', 'debone(thigh:chicken)']"
P37_103,other,2,4,"['debone(thigh:chicken)', 'debone(thigh:chicken)', 'debone(thigh:chicken)']"
P37_103,other,3,5,"['debone(thigh:chicken)', 'debone(thigh:chicken)', 'debone(thigh:chicken)']"
P37_103,object_transfer,4,6,"['debone(thigh:chicken)', 'debone(thigh:chicken)', 'put-down(bone:chicken)']"
P37_103,other,7,9,"['take(thigh:chicken)', 'debone(thigh:chicken)', 'debone(thigh:chicken)']"
P37_103,other,8,10,"['debone(thigh:chicken)', 'debone(thigh:chicken)', 'debone(thigh:chicken)']"
P37_103,other,9,11,"['debone(thigh:chicken)', 'debone(thigh:chicken)', 'debone(thigh:chicken)']"
P37_103,other,10,12,"['debone(thigh:chicken)', 'debone(thigh:chicken)', 'debone(thigh:chicken)']"
P37_103,object_transfer,11,13,"['debone(thigh:chicken)', 'debone(thigh:chicken)', 'put-down(bone:chicken)']"
P37_103,other,14,16,"['take(thigh:chicken)', 'debone(thigh:chicken)', 'debone(thigh:chicken)']"
P37_103,other,15,17,"['debone(thigh:chicken)', 'debone(thigh:chicken)', 'debone(thigh:chicken)']"
P37_103,other,16,18,"['debone(thigh:chicken)', 'debone(thigh:chicken)', 'debone(thigh:chicken)']"
P37_103,object_transfer,17,19,"['debone(thigh:chicken)', 'debone(thigh:chicken)', 'put-down(bone:chicken)']"
P37_103,other,20,22,"['take(thigh:chicken)', 'debone(thigh:chicken)', 'debone(thigh:chicken)']"
P37_103,other,21,23,"['debone(thigh:chicken)', 'debone(thigh:chicken)', 'debone(thigh:chicken)']"
P37_103,other,22,24,"['debone(thigh:chicken)', 'debone(thigh:chicken)', 'debone(thigh:chicken)']"
P37_103,other,23,25,"['debone(thigh:chicken)', 'debone(thigh:chicken)', 'debone(thigh:chicken)']"
P37_103,object_transfer,24,26,"['debone(thigh:chicken)', 'debone(thigh:chicken)', 'put-down(bone:chicken)']"
P37_103,other,27,29,"['take(thigh:chicken)', 'debone(thigh:chicken)', 'debone(thigh:chicken)']"
P37_103,object_transfer,28,30,"['debone(thigh:chicken)', 'debone(thigh:chicken)', 'put-down(bone:chicken)']"
P37_103,other,31,33,"['shred(thigh:chicken)', 'shred(thigh:chicken)', 'shred(thigh:chicken)']"
P37_103,other,41,43,"['shred(thigh:chicken)', 'shred(thigh:chicken)', 'shred(thigh:chicken)']"
P37_103,other,42,44,"['shred(thigh:chicken)', 'shred(thigh:chicken)', 'shred(thigh:chicken)']"
P37_103,other,52,54,"['shred(thigh:chicken)', 'shred(thigh:chicken)', 'shred(thigh:chicken)']"
P37_103,other,53,55,"['shred(thigh:chicken)', 'shred(thigh:chicken)', 'shred(thigh:chicken)']"
P37_103,other,54,56,"['shred(thigh:chicken)', 'shred(thigh:chicken)', 'shred(thigh:chicken)']"
P37_103,washing,59,61,"['turn-on(tap)', 'wash(hand)', 'turn-off(tap)']"
P37_103,washing,60,62,"['wash(hand)', 'turn-off(tap)', 'shake(hand)']"
P37_103,washing,65,67,"['turn-on(tap)', 'wash(hand)', 'turn-off(tap)']"
P37_103,washing,69,71,"['turn-on(tap)', 'wash(hand)', 'turn-off(tap)']"
